<?xml version='1.0' encoding='UTF-8'?>
<osm version="0.6" generator="osmium/1.16.0">
  <bounds minlat="38.78875" minlon="-90.00463" maxlat="38.79771" maxlon="-89.99125"/>
  <node id="236352735" version="5" timestamp="2023-07-22T22:53:20Z" uid="12955846" user="JakeEdwardsville" changeset="138873773" lat="38.7961172" lon="-89.9985149">
    <tag k="crossing" v="marked"/>
    <tag k="crossing:markings" v="yes"/>
    <tag k="highway" v="crossing"/>
  </node>
  <node id="236355887" version="3" timestamp="2021-05-08T23:12:03Z" uid="12955846" user="JakeEdwardsville" changeset="104380992" lat="38.7949749" lon="-90.001357"/>
  <node id="236451209" version="5" timestamp="2024-02-12T22:30:36Z" uid="19598846" user="wesleyote" changeset="147387131" lat="38.7907091" lon="-89.9961258">
    <tag k="crossing" v="marked"/>
    <tag k="crossing:island" v="no"/>
    <tag k="highway" v="crossing"/>
    <tag k="tactile_paving" v="yes"/>
  </node>
  <node id="236532251" version="6" timestamp="2025-08-08T18:05:26Z" uid="22659674" user="AG1700" changeset="170169414" lat="38.7921322" lon="-89.9947867">
    <tag k="crossing" v="marked"/>
    <tag k="crossing:markings" v="yes"/>
    <tag k="highway" v="crossing"/>
    <tag k="tactile_paving" v="yes"/>
  </node>
  <node id="236532278" version="5" timestamp="2025-08-08T18:05:26Z" uid="22659674" user="AG1700" changeset="170169414" lat="38.7921487" lon="-89.9939582">
    <tag k="crossing" v="marked"/>
    <tag k="crossing:markings" v="yes"/>
    <tag k="highway" v="crossing"/>
    <tag k="tactile_paving" v="yes"/>
  </node>
  <node id="236532432" version="5" timestamp="2025-08-08T18:05:26Z" uid="22659674" user="AG1700" changeset="170169414" lat="38.7921295" lon="-89.9939323">
    <tag k="crossing" v="marked"/>
    <tag k="crossing:markings" v="yes"/>
    <tag k="highway" v="crossing"/>
    <tag k="tactile_paving" v="yes"/>
  </node>
  <node id="236532954" version="6" timestamp="2025-11-07T01:25:26Z" uid="19598846" user="wesleyote" changeset="174312868" lat="38.7940625" lon="-89.9939469">
    <tag k="crossing" v="uncontrolled"/>
    <tag k="crossing:markings" v="ladder"/>
    <tag k="highway" v="crossing"/>
    <tag k="tactile_paving" v="yes"/>
  </node>
  <node id="236689141" version="4" timestamp="2025-05-14T16:59:06Z" uid="22899438" user="THE BEAST 6624" changeset="166267095" lat="38.7890005" lon="-89.9969868">
    <tag k="crossing" v="marked"/>
    <tag k="highway" v="crossing"/>
    <tag k="tactile_paving" v="yes"/>
  </node>
  <node id="236689162" version="3" timestamp="2025-05-14T16:59:06Z" uid="22899438" user="THE BEAST 6624" changeset="166267095" lat="38.78937" lon="-89.99502">
    <tag k="crossing" v="marked"/>
    <tag k="highway" v="crossing"/>
    <tag k="tactile_paving" v="yes"/>
  </node>
  <node id="236695366" version="2" timestamp="2009-09-13T16:49:09Z" uid="147510" user="woodpeck_fixbot" changeset="2470784" lat="38.795239" lon="-89.99556"/>
  <node id="368067054" version="3" timestamp="2021-07-23T02:33:40Z" uid="12955846" user="JakeEdwardsville" changeset="108456043" lat="38.7941529" lon="-89.9980429"/>
  <node id="368069126" version="2" timestamp="2021-06-19T16:53:58Z" uid="12955846" user="JakeEdwardsville" changeset="106639623" lat="38.7947875" lon="-90.0017816"/>
  <node id="368070571" version="2" timestamp="2021-06-19T16:53:58Z" uid="12955846" user="JakeEdwardsville" changeset="106639623" lat="38.7927376" lon="-89.9969845"/>
  <node id="368073556" version="3" timestamp="2021-06-19T16:53:58Z" uid="12955846" user="JakeEdwardsville" changeset="106639623" lat="38.7935104" lon="-89.9987291"/>
  <node id="368073574" version="2" timestamp="2021-06-19T16:53:58Z" uid="12955846" user="JakeEdwardsville" changeset="106639623" lat="38.7946219" lon="-89.9959233"/>
  <node id="368073580" version="3" timestamp="2021-06-19T16:53:58Z" uid="12955846" user="JakeEdwardsville" changeset="106639623" lat="38.7891818" lon="-90.0042671"/>
  <node id="368073597" version="2" timestamp="2021-04-01T01:39:07Z" uid="12955846" user="JakeEdwardsville" changeset="102084470" lat="38.792044" lon="-90.0045482"/>
  <node id="368073605" version="2" timestamp="2021-06-19T16:53:58Z" uid="12955846" user="JakeEdwardsville" changeset="106639623" lat="38.7955263" lon="-89.9960091"/>
  <node id="368073650" version="2" timestamp="2021-06-19T16:53:58Z" uid="12955846" user="JakeEdwardsville" changeset="106639623" lat="38.7941362" lon="-89.9968756"/>
  <node id="1426686185" version="4" timestamp="2021-08-10T19:41:43Z" uid="12955846" user="JakeEdwardsville" changeset="109481746" lat="38.7958534" lon="-89.9986553"/>
  <node id="1426686187" version="5" timestamp="2023-07-22T22:53:20Z" uid="12955846" user="JakeEdwardsville" changeset="138873773" lat="38.7960773" lon="-89.9985852">
    <tag k="crossing" v="marked"/>
    <tag k="crossing:markings" v="yes"/>
    <tag k="highway" v="crossing"/>
  </node>
  <node id="2531713305" version="2" timestamp="2022-10-31T17:25:13Z" uid="17481238" user="TetragnathaPlanata" changeset="128309665" lat="38.7927288" lon="-89.9936076"/>
  <node id="2531713306" version="1" timestamp="2013-11-14T03:51:37Z" uid="1805424" user="mkeller3" changeset="18887413" lat="38.7928162" lon="-89.9952037"/>
  <node id="2531713307" version="1" timestamp="2013-11-14T03:51:37Z" uid="1805424" user="mkeller3" changeset="18887413" lat="38.7927929" lon="-89.9947286"/>
  <node id="2531713308" version="2" timestamp="2022-10-31T17:25:13Z" uid="17481238" user="TetragnathaPlanata" changeset="128309665" lat="38.7921809" lon="-89.9940026"/>
  <node id="2531713310" version="3" timestamp="2022-10-31T18:04:19Z" uid="17481238" user="TetragnathaPlanata" changeset="128311076" lat="38.7935043" lon="-89.9936101"/>
  <node id="2531713311" version="2" timestamp="2022-10-31T18:04:19Z" uid="17481238" user="TetragnathaPlanata" changeset="128311076" lat="38.793445" lon="-89.9946248"/>
  <node id="2531713312" version="3" timestamp="2025-10-27T03:02:43Z" uid="22570471" user="seateaeye" changeset="173818637" lat="38.7940199" lon="-89.9939515"/>
  <node id="2531713313" version="3" timestamp="2025-10-27T03:02:43Z" uid="22570471" user="seateaeye" changeset="173818637" lat="38.7939531" lon="-89.9948917"/>
  <node id="2531713314" version="3" timestamp="2025-10-27T03:02:43Z" uid="22570471" user="seateaeye" changeset="173818637" lat="38.7940557" lon="-89.9939918"/>
  <node id="2531713315" version="1" timestamp="2013-11-14T03:51:38Z" uid="1805424" user="mkeller3" changeset="18887413" lat="38.793413" lon="-89.9953777"/>
  <node id="2531713316" version="1" timestamp="2013-11-14T03:51:38Z" uid="1805424" user="mkeller3" changeset="18887413" lat="38.7932951" lon="-89.9971497"/>
  <node id="2531713317" version="2" timestamp="2021-07-23T02:33:40Z" uid="12955846" user="JakeEdwardsville" changeset="108456043" lat="38.7934023" lon="-89.9973557"/>
  <node id="2531713318" version="2" timestamp="2021-07-23T02:33:40Z" uid="12955846" user="JakeEdwardsville" changeset="108456043" lat="38.7938119" lon="-89.9971226"/>
  <node id="2531713319" version="2" timestamp="2021-07-23T02:33:40Z" uid="12955846" user="JakeEdwardsville" changeset="108456043" lat="38.7941412" lon="-89.9971792"/>
  <node id="2531713320" version="2" timestamp="2021-07-23T02:33:40Z" uid="12955846" user="JakeEdwardsville" changeset="108456043" lat="38.7943574" lon="-89.9970897"/>
  <node id="2531713321" version="2" timestamp="2021-07-23T02:33:40Z" uid="12955846" user="JakeEdwardsville" changeset="108456043" lat="38.7943349" lon="-89.9964594"/>
  <node id="2531713322" version="1" timestamp="2013-11-14T03:51:38Z" uid="1805424" user="mkeller3" changeset="18887413" lat="38.7942024" lon="-89.9957463"/>
  <node id="2531713323" version="2" timestamp="2021-07-23T02:56:53Z" uid="12955846" user="JakeEdwardsville" changeset="108456453" lat="38.7942764" lon="-89.9960482"/>
  <node id="2531713324" version="1" timestamp="2013-11-14T03:51:38Z" uid="1805424" user="mkeller3" changeset="18887413" lat="38.7943881" lon="-89.9959594"/>
  <node id="2531713325" version="1" timestamp="2013-11-14T03:51:38Z" uid="1805424" user="mkeller3" changeset="18887413" lat="38.7945039" lon="-89.9960883"/>
  <node id="2531713326" version="1" timestamp="2013-11-14T03:51:38Z" uid="1805424" user="mkeller3" changeset="18887413" lat="38.7943029" lon="-89.995836"/>
  <node id="2531713327" version="2" timestamp="2021-08-10T19:41:43Z" uid="12955846" user="JakeEdwardsville" changeset="109481746" lat="38.794268" lon="-89.9958004"/>
  <node id="2531713328" version="2" timestamp="2021-08-10T19:41:43Z" uid="12955846" user="JakeEdwardsville" changeset="109481746" lat="38.7943033" lon="-89.9958003"/>
  <node id="2531713330" version="1" timestamp="2013-11-14T03:51:38Z" uid="1805424" user="mkeller3" changeset="18887413" lat="38.7945717" lon="-89.9964472"/>
  <node id="2531713331" version="1" timestamp="2013-11-14T03:51:38Z" uid="1805424" user="mkeller3" changeset="18887413" lat="38.7946197" lon="-89.9965397"/>
  <node id="2531713332" version="3" timestamp="2021-07-23T15:02:18Z" uid="12955846" user="JakeEdwardsville" changeset="108500295" lat="38.7943473" lon="-89.9967597"/>
  <node id="2531713333" version="2" timestamp="2021-07-23T15:02:18Z" uid="12955846" user="JakeEdwardsville" changeset="108500295" lat="38.7945726" lon="-89.9967647"/>
  <node id="2531713335" version="2" timestamp="2021-07-23T15:02:18Z" uid="12955846" user="JakeEdwardsville" changeset="108500295" lat="38.7948129" lon="-89.9967787"/>
  <node id="2531713338" version="2" timestamp="2021-07-23T02:33:40Z" uid="12955846" user="JakeEdwardsville" changeset="108456043" lat="38.7944706" lon="-89.9971491"/>
  <node id="2531713339" version="2" timestamp="2021-07-23T02:33:40Z" uid="12955846" user="JakeEdwardsville" changeset="108456043" lat="38.7945993" lon="-89.9974311"/>
  <node id="2531713340" version="2" timestamp="2021-07-23T02:33:40Z" uid="12955846" user="JakeEdwardsville" changeset="108456043" lat="38.7946416" lon="-89.9979643"/>
  <node id="2531713342" version="2" timestamp="2021-07-23T02:33:40Z" uid="12955846" user="JakeEdwardsville" changeset="108456043" lat="38.7946388" lon="-89.9977799"/>
  <node id="2531713343" version="2" timestamp="2021-07-23T02:33:40Z" uid="12955846" user="JakeEdwardsville" changeset="108456043" lat="38.7944278" lon="-89.9977807"/>
  <node id="2531713344" version="2" timestamp="2021-07-23T02:33:40Z" uid="12955846" user="JakeEdwardsville" changeset="108456043" lat="38.7946322" lon="-89.9975223"/>
  <node id="2531713345" version="2" timestamp="2021-07-23T02:33:40Z" uid="12955846" user="JakeEdwardsville" changeset="108456043" lat="38.794425" lon="-89.9975236"/>
  <node id="2531713346" version="2" timestamp="2021-07-23T02:56:53Z" uid="12955846" user="JakeEdwardsville" changeset="108456453" lat="38.7943732" lon="-89.9974307"/>
  <node id="2531713349" version="2" timestamp="2021-08-07T19:14:02Z" uid="12955846" user="JakeEdwardsville" changeset="109322874" lat="38.7944305" lon="-89.9979795"/>
  <node id="2531713350" version="2" timestamp="2021-04-29T18:04:18Z" uid="12955846" user="JakeEdwardsville" changeset="103863083" lat="38.7946397" lon="-89.9980707"/>
  <node id="2531713352" version="2" timestamp="2021-04-29T18:04:18Z" uid="12955846" user="JakeEdwardsville" changeset="103863083" lat="38.794639" lon="-89.9985948"/>
  <node id="2531713358" version="3" timestamp="2021-07-23T02:33:40Z" uid="12955846" user="JakeEdwardsville" changeset="108456043" lat="38.7943766" lon="-89.9994367"/>
  <node id="2531713359" version="4" timestamp="2021-08-10T19:11:00Z" uid="12955846" user="JakeEdwardsville" changeset="109480713" lat="38.7946353" lon="-89.9984381"/>
  <node id="2531713360" version="4" timestamp="2021-08-10T19:11:00Z" uid="12955846" user="JakeEdwardsville" changeset="109480713" lat="38.7947073" lon="-89.9984352"/>
  <node id="2531713363" version="2" timestamp="2021-07-23T15:02:18Z" uid="12955846" user="JakeEdwardsville" changeset="108500295" lat="38.7944287" lon="-89.9984092"/>
  <node id="2531713364" version="2" timestamp="2021-07-23T15:02:18Z" uid="12955846" user="JakeEdwardsville" changeset="108500295" lat="38.7942876" lon="-89.9983193"/>
  <node id="2531713365" version="4" timestamp="2023-07-22T22:53:20Z" uid="12955846" user="JakeEdwardsville" changeset="138873773" lat="38.7941674" lon="-89.9983192"/>
  <node id="2531713366" version="2" timestamp="2021-03-29T14:28:02Z" uid="12943990" user="no1no2no3no4" changeset="101923937" lat="38.7940677" lon="-89.9983482"/>
  <node id="2531713367" version="3" timestamp="2023-07-21T01:58:50Z" uid="12955846" user="JakeEdwardsville" changeset="138789957" lat="38.7939406" lon="-89.998373"/>
  <node id="2531713368" version="4" timestamp="2024-01-21T05:11:05Z" uid="12955846" user="JakeEdwardsville" changeset="146500612" lat="38.7938225" lon="-89.9984085"/>
  <node id="2531713369" version="2" timestamp="2016-10-10T06:32:20Z" uid="4675979" user="Knubinator" changeset="42769213" lat="38.793657" lon="-89.9983642"/>
  <node id="2531713370" version="1" timestamp="2013-11-14T03:51:39Z" uid="1805424" user="mkeller3" changeset="18887413" lat="38.7935271" lon="-89.9982977"/>
  <node id="2531713371" version="1" timestamp="2013-11-14T03:51:39Z" uid="1805424" user="mkeller3" changeset="18887413" lat="38.7933873" lon="-89.9982416"/>
  <node id="2531713372" version="1" timestamp="2013-11-14T03:51:39Z" uid="1805424" user="mkeller3" changeset="18887413" lat="38.7932824" lon="-89.9983201"/>
  <node id="2531713373" version="1" timestamp="2013-11-14T03:51:39Z" uid="1805424" user="mkeller3" changeset="18887413" lat="38.7931534" lon="-89.9983621"/>
  <node id="2531713374" version="1" timestamp="2013-11-14T03:51:39Z" uid="1805424" user="mkeller3" changeset="18887413" lat="38.7930333" lon="-89.9983762"/>
  <node id="2531713375" version="1" timestamp="2013-11-14T03:51:39Z" uid="1805424" user="mkeller3" changeset="18887413" lat="38.792841" lon="-89.9983453"/>
  <node id="2531713376" version="2" timestamp="2021-08-03T05:37:02Z" uid="12955846" user="JakeEdwardsville" changeset="109064617" lat="38.7927361" lon="-89.9982804"/>
  <node id="2531713377" version="1" timestamp="2013-11-14T03:51:39Z" uid="1805424" user="mkeller3" changeset="18887413" lat="38.7927186" lon="-89.9981939"/>
  <node id="2531713378" version="1" timestamp="2013-11-14T03:51:39Z" uid="1805424" user="mkeller3" changeset="18887413" lat="38.792723" lon="-89.9978575"/>
  <node id="2531713379" version="1" timestamp="2013-11-14T03:51:39Z" uid="1805424" user="mkeller3" changeset="18887413" lat="38.7927208" lon="-89.9975378"/>
  <node id="2531713380" version="1" timestamp="2013-11-14T03:51:39Z" uid="1805424" user="mkeller3" changeset="18887413" lat="38.7927382" lon="-89.9972855"/>
  <node id="2531713381" version="1" timestamp="2013-11-14T03:51:39Z" uid="1805424" user="mkeller3" changeset="18887413" lat="38.7928257" lon="-89.9971958"/>
  <node id="2531713382" version="2" timestamp="2021-07-23T15:26:27Z" uid="12955846" user="JakeEdwardsville" changeset="108501323" lat="38.7929987" lon="-89.997121"/>
  <node id="2531713385" version="1" timestamp="2013-11-14T03:51:39Z" uid="1805424" user="mkeller3" changeset="18887413" lat="38.7934048" lon="-89.9978687"/>
  <node id="2531713386" version="1" timestamp="2013-11-14T03:51:39Z" uid="1805424" user="mkeller3" changeset="18887413" lat="38.7933982" lon="-89.9981575"/>
  <node id="2531713387" version="1" timestamp="2013-11-14T03:51:39Z" uid="1805424" user="mkeller3" changeset="18887413" lat="38.7934176" lon="-89.9982538"/>
  <node id="2531713388" version="2" timestamp="2021-07-23T15:02:18Z" uid="12955846" user="JakeEdwardsville" changeset="108500295" lat="38.7943686" lon="-89.9983537"/>
  <node id="2531713389" version="3" timestamp="2021-08-07T19:14:02Z" uid="12955846" user="JakeEdwardsville" changeset="109322874" lat="38.7944633" lon="-89.9981692"/>
  <node id="2531715615" version="2" timestamp="2023-07-21T01:58:50Z" uid="12955846" user="JakeEdwardsville" changeset="138789957" lat="38.7937507" lon="-89.9985353"/>
  <node id="2531715617" version="2" timestamp="2023-07-21T01:58:50Z" uid="12955846" user="JakeEdwardsville" changeset="138789957" lat="38.793762" lon="-89.9987739"/>
  <node id="2531715626" version="1" timestamp="2013-11-14T03:55:39Z" uid="1805424" user="mkeller3" changeset="18887441" lat="38.7933811" lon="-89.9958575"/>
  <node id="2531715628" version="1" timestamp="2013-11-14T03:55:39Z" uid="1805424" user="mkeller3" changeset="18887441" lat="38.7934987" lon="-89.9959033"/>
  <node id="2531715630" version="1" timestamp="2013-11-14T03:55:39Z" uid="1805424" user="mkeller3" changeset="18887441" lat="38.7935424" lon="-89.9959257"/>
  <node id="2531715634" version="2" timestamp="2021-07-23T02:56:53Z" uid="12955846" user="JakeEdwardsville" changeset="108456453" lat="38.7935412" lon="-89.9964075"/>
  <node id="2531715636" version="2" timestamp="2021-08-07T19:14:02Z" uid="12955846" user="JakeEdwardsville" changeset="109322874" lat="38.7936622" lon="-89.9958492"/>
  <node id="2531715638" version="1" timestamp="2013-11-14T03:55:39Z" uid="1805424" user="mkeller3" changeset="18887441" lat="38.7934306" lon="-89.9953417"/>
  <node id="2531715639" version="1" timestamp="2013-11-14T03:55:39Z" uid="1805424" user="mkeller3" changeset="18887441" lat="38.7936359" lon="-89.9952609"/>
  <node id="2531715640" version="1" timestamp="2013-11-14T03:55:39Z" uid="1805424" user="mkeller3" changeset="18887441" lat="38.7937833" lon="-89.9951781"/>
  <node id="2531715642" version="2" timestamp="2025-10-27T03:02:43Z" uid="22570471" user="seateaeye" changeset="173818637" lat="38.7940591" lon="-89.9949565"/>
  <node id="2531715643" version="2" timestamp="2025-10-27T03:02:43Z" uid="22570471" user="seateaeye" changeset="173818637" lat="38.7943242" lon="-89.9947024"/>
  <node id="2531715644" version="2" timestamp="2025-10-27T03:02:43Z" uid="22570471" user="seateaeye" changeset="173818637" lat="38.7945375" lon="-89.9945351"/>
  <node id="2531715645" version="1" timestamp="2013-11-14T03:55:39Z" uid="1805424" user="mkeller3" changeset="18887441" lat="38.7945931" lon="-89.9945024"/>
  <node id="2531715646" version="2" timestamp="2025-10-27T03:02:43Z" uid="22570471" user="seateaeye" changeset="173818637" lat="38.794936" lon="-89.9942948"/>
  <node id="2531715647" version="1" timestamp="2013-11-14T03:55:39Z" uid="1805424" user="mkeller3" changeset="18887441" lat="38.7950651" lon="-89.9942347"/>
  <node id="2531715648" version="2" timestamp="2021-04-26T21:42:49Z" uid="3738260" user="Zabot" changeset="103662187" lat="38.7952266" lon="-89.9941646"/>
  <node id="2531715649" version="2" timestamp="2021-04-26T21:42:49Z" uid="3738260" user="Zabot" changeset="103662187" lat="38.7952984" lon="-89.9941746"/>
  <node id="2531715650" version="2" timestamp="2021-04-26T21:42:49Z" uid="3738260" user="Zabot" changeset="103662187" lat="38.7953489" lon="-89.9942099"/>
  <node id="2531715651" version="2" timestamp="2021-04-26T21:42:49Z" uid="3738260" user="Zabot" changeset="103662187" lat="38.7953974" lon="-89.9943098"/>
  <node id="2531715652" version="2" timestamp="2021-08-07T19:14:02Z" uid="12955846" user="JakeEdwardsville" changeset="109322874" lat="38.7955479" lon="-89.9947299"/>
  <node id="2531715653" version="2" timestamp="2021-08-07T19:14:02Z" uid="12955846" user="JakeEdwardsville" changeset="109322874" lat="38.7955662" lon="-89.9947793"/>
  <node id="2531715654" version="2" timestamp="2021-08-07T19:14:02Z" uid="12955846" user="JakeEdwardsville" changeset="109322874" lat="38.7954504" lon="-89.9953417"/>
  <node id="2531715655" version="1" timestamp="2013-11-14T03:55:40Z" uid="1805424" user="mkeller3" changeset="18887441" lat="38.7944723" lon="-89.9947319"/>
  <node id="2531715656" version="1" timestamp="2013-11-14T03:55:40Z" uid="1805424" user="mkeller3" changeset="18887441" lat="38.7943514" lon="-89.9949741"/>
  <node id="2531715657" version="1" timestamp="2013-11-14T03:55:40Z" uid="1805424" user="mkeller3" changeset="18887441" lat="38.7943017" lon="-89.9951313"/>
  <node id="2531715658" version="1" timestamp="2013-11-14T03:55:40Z" uid="1805424" user="mkeller3" changeset="18887441" lat="38.7942305" lon="-89.9953629"/>
  <node id="2531715659" version="1" timestamp="2013-11-14T03:55:40Z" uid="1805424" user="mkeller3" changeset="18887441" lat="38.7941924" lon="-89.9955372"/>
  <node id="2531715660" version="2" timestamp="2021-08-07T19:14:02Z" uid="12955846" user="JakeEdwardsville" changeset="109322874" lat="38.7939356" lon="-89.9950668"/>
  <node id="2531715661" version="1" timestamp="2013-11-14T03:55:40Z" uid="1805424" user="mkeller3" changeset="18887441" lat="38.7939854" lon="-89.9952078"/>
  <node id="2531715662" version="1" timestamp="2013-11-14T03:55:40Z" uid="1805424" user="mkeller3" changeset="18887441" lat="38.794035" lon="-89.9953162"/>
  <node id="2531715663" version="3" timestamp="2021-08-07T19:14:02Z" uid="12955846" user="JakeEdwardsville" changeset="109322874" lat="38.7941254" lon="-89.9955272"/>
  <node id="2531715664" version="1" timestamp="2013-11-14T03:55:40Z" uid="1805424" user="mkeller3" changeset="18887441" lat="38.7939742" lon="-89.9951761"/>
  <node id="2531715665" version="1" timestamp="2013-11-14T03:55:40Z" uid="1805424" user="mkeller3" changeset="18887441" lat="38.7939539" lon="-89.9954139"/>
  <node id="2531715666" version="1" timestamp="2013-11-14T03:55:40Z" uid="1805424" user="mkeller3" changeset="18887441" lat="38.793934" lon="-89.9955712"/>
  <node id="2531715667" version="1" timestamp="2013-11-14T03:55:40Z" uid="1805424" user="mkeller3" changeset="18887441" lat="38.7939158" lon="-89.9956307"/>
  <node id="2531715668" version="2" timestamp="2021-07-23T15:26:27Z" uid="12955846" user="JakeEdwardsville" changeset="108501323" lat="38.7927842" lon="-89.995348"/>
  <node id="2531715669" version="1" timestamp="2013-11-14T03:55:40Z" uid="1805424" user="mkeller3" changeset="18887441" lat="38.7926654" lon="-89.9952953"/>
  <node id="2531715670" version="1" timestamp="2013-11-14T03:55:40Z" uid="1805424" user="mkeller3" changeset="18887441" lat="38.7925273" lon="-89.9952406"/>
  <node id="2531715671" version="1" timestamp="2013-11-14T03:55:40Z" uid="1805424" user="mkeller3" changeset="18887441" lat="38.7924068" lon="-89.9951536"/>
  <node id="2531715672" version="1" timestamp="2013-11-14T03:55:40Z" uid="1805424" user="mkeller3" changeset="18887441" lat="38.792206" lon="-89.9950055"/>
  <node id="2531715673" version="2" timestamp="2022-10-31T17:25:13Z" uid="17481238" user="TetragnathaPlanata" changeset="128309665" lat="38.792081" lon="-89.9948926"/>
  <node id="2531715674" version="1" timestamp="2013-11-14T03:55:40Z" uid="1805424" user="mkeller3" changeset="18887441" lat="38.791975" lon="-89.9948187"/>
  <node id="2531715675" version="1" timestamp="2013-11-14T03:55:40Z" uid="1805424" user="mkeller3" changeset="18887441" lat="38.7917366" lon="-89.9946802"/>
  <node id="2531715676" version="1" timestamp="2013-11-14T03:55:40Z" uid="1805424" user="mkeller3" changeset="18887441" lat="38.791606" lon="-89.9946319"/>
  <node id="2531715677" version="1" timestamp="2013-11-14T03:55:40Z" uid="1805424" user="mkeller3" changeset="18887441" lat="38.791468" lon="-89.9945836"/>
  <node id="2531715678" version="2" timestamp="2021-08-07T19:14:02Z" uid="12955846" user="JakeEdwardsville" changeset="109322874" lat="38.7913744" lon="-89.994562"/>
  <node id="2531715679" version="1" timestamp="2013-11-14T03:55:40Z" uid="1805424" user="mkeller3" changeset="18887441" lat="38.7914956" lon="-89.9948895"/>
  <node id="2531715680" version="1" timestamp="2013-11-14T03:55:40Z" uid="1805424" user="mkeller3" changeset="18887441" lat="38.7915885" lon="-89.9950699"/>
  <node id="2531715681" version="1" timestamp="2013-11-14T03:55:40Z" uid="1805424" user="mkeller3" changeset="18887441" lat="38.7916487" lon="-89.9951891"/>
  <node id="2531715682" version="1" timestamp="2013-11-14T03:55:40Z" uid="1805424" user="mkeller3" changeset="18887441" lat="38.7917617" lon="-89.9954854"/>
  <node id="2531715683" version="1" timestamp="2013-11-14T03:55:40Z" uid="1805424" user="mkeller3" changeset="18887441" lat="38.7918043" lon="-89.9955884"/>
  <node id="2531715684" version="3" timestamp="2021-08-07T19:14:02Z" uid="12955846" user="JakeEdwardsville" changeset="109322874" lat="38.79186" lon="-89.9957706"/>
  <node id="2531715685" version="1" timestamp="2013-11-14T03:55:40Z" uid="1805424" user="mkeller3" changeset="18887441" lat="38.7921432" lon="-89.9950892"/>
  <node id="2531715686" version="1" timestamp="2013-11-14T03:55:40Z" uid="1805424" user="mkeller3" changeset="18887441" lat="38.7922085" lon="-89.9952342"/>
  <node id="2531715687" version="1" timestamp="2013-11-14T03:55:40Z" uid="1805424" user="mkeller3" changeset="18887441" lat="38.7922612" lon="-89.9953726"/>
  <node id="2531715688" version="1" timestamp="2013-11-14T03:55:40Z" uid="1805424" user="mkeller3" changeset="18887441" lat="38.7922788" lon="-89.9955144"/>
  <node id="2531715689" version="1" timestamp="2013-11-14T03:55:40Z" uid="1805424" user="mkeller3" changeset="18887441" lat="38.7922813" lon="-89.9956206"/>
  <node id="2531715690" version="2" timestamp="2021-04-26T22:26:05Z" uid="3738260" user="Zabot" changeset="103663195" lat="38.7922595" lon="-89.9957028"/>
  <node id="2531715691" version="1" timestamp="2013-11-14T03:55:40Z" uid="1805424" user="mkeller3" changeset="18887441" lat="38.7927745" lon="-89.9972482"/>
  <node id="2531715692" version="1" timestamp="2013-11-14T03:55:41Z" uid="1805424" user="mkeller3" changeset="18887441" lat="38.7926804" lon="-89.9971891"/>
  <node id="2531715693" version="1" timestamp="2013-11-14T03:55:41Z" uid="1805424" user="mkeller3" changeset="18887441" lat="38.7925725" lon="-89.9971408"/>
  <node id="2531715694" version="1" timestamp="2013-11-14T03:55:41Z" uid="1805424" user="mkeller3" changeset="18887441" lat="38.7924194" lon="-89.9970957"/>
  <node id="2531715695" version="1" timestamp="2013-11-14T03:55:41Z" uid="1805424" user="mkeller3" changeset="18887441" lat="38.7922662" lon="-89.9970538"/>
  <node id="2531715696" version="1" timestamp="2013-11-14T03:55:41Z" uid="1805424" user="mkeller3" changeset="18887441" lat="38.7921156" lon="-89.9970699"/>
  <node id="2531715697" version="1" timestamp="2013-11-14T03:55:41Z" uid="1805424" user="mkeller3" changeset="18887441" lat="38.791975" lon="-89.9970538"/>
  <node id="2531715698" version="2" timestamp="2021-04-26T22:26:05Z" uid="3738260" user="Zabot" changeset="103663195" lat="38.7918685" lon="-89.9970482"/>
  <node id="2531715699" version="1" timestamp="2013-11-14T03:55:41Z" uid="1805424" user="mkeller3" changeset="18887441" lat="38.7917968" lon="-89.9970313"/>
  <node id="2531715700" version="1" timestamp="2013-11-14T03:55:41Z" uid="1805424" user="mkeller3" changeset="18887441" lat="38.7917064" lon="-89.9969701"/>
  <node id="2531715701" version="1" timestamp="2013-11-14T03:55:41Z" uid="1805424" user="mkeller3" changeset="18887441" lat="38.7915132" lon="-89.9968026"/>
  <node id="2531715702" version="1" timestamp="2013-11-14T03:55:41Z" uid="1805424" user="mkeller3" changeset="18887441" lat="38.7914604" lon="-89.9967189"/>
  <node id="2531715703" version="1" timestamp="2013-11-14T03:55:41Z" uid="1805424" user="mkeller3" changeset="18887441" lat="38.7914052" lon="-89.9966351"/>
  <node id="2531715704" version="1" timestamp="2013-11-14T03:55:41Z" uid="1805424" user="mkeller3" changeset="18887441" lat="38.7913676" lon="-89.9965707"/>
  <node id="2531715705" version="1" timestamp="2013-11-14T03:55:41Z" uid="1805424" user="mkeller3" changeset="18887441" lat="38.7913048" lon="-89.996545"/>
  <node id="2531715706" version="2" timestamp="2021-04-26T22:26:05Z" uid="3738260" user="Zabot" changeset="103663195" lat="38.7912562" lon="-89.9965438"/>
  <node id="2531715707" version="1" timestamp="2013-11-14T03:55:41Z" uid="1805424" user="mkeller3" changeset="18887441" lat="38.7912169" lon="-89.9964483"/>
  <node id="2531715708" version="1" timestamp="2013-11-14T03:55:41Z" uid="1805424" user="mkeller3" changeset="18887441" lat="38.7911517" lon="-89.9963421"/>
  <node id="2531715709" version="1" timestamp="2013-11-14T03:55:41Z" uid="1805424" user="mkeller3" changeset="18887441" lat="38.7910889" lon="-89.9962873"/>
  <node id="2531715710" version="1" timestamp="2013-11-14T03:55:41Z" uid="1805424" user="mkeller3" changeset="18887441" lat="38.7910161" lon="-89.9962261"/>
  <node id="2531715711" version="1" timestamp="2013-11-14T03:55:41Z" uid="1805424" user="mkeller3" changeset="18887441" lat="38.7909509" lon="-89.9961714"/>
  <node id="2531715712" version="2" timestamp="2021-08-07T19:14:02Z" uid="12955846" user="JakeEdwardsville" changeset="109322874" lat="38.7908633" lon="-89.9961424"/>
  <node id="2531715713" version="1" timestamp="2013-11-14T03:55:41Z" uid="1805424" user="mkeller3" changeset="18887441" lat="38.7907726" lon="-89.9961392"/>
  <node id="2531715715" version="2" timestamp="2021-04-26T22:26:05Z" uid="3738260" user="Zabot" changeset="103663195" lat="38.7912845" lon="-89.996665"/>
  <node id="2531715716" version="1" timestamp="2013-11-14T03:55:41Z" uid="1805424" user="mkeller3" changeset="18887441" lat="38.7913048" lon="-89.9968606"/>
  <node id="2531715717" version="1" timestamp="2013-11-14T03:55:41Z" uid="1805424" user="mkeller3" changeset="18887441" lat="38.7913199" lon="-89.9969862"/>
  <node id="2531715718" version="1" timestamp="2013-11-14T03:55:41Z" uid="1805424" user="mkeller3" changeset="18887441" lat="38.7913299" lon="-89.9972342"/>
  <node id="2531715719" version="1" timestamp="2013-11-14T03:55:41Z" uid="1805424" user="mkeller3" changeset="18887441" lat="38.7913374" lon="-89.9973727"/>
  <node id="2531715720" version="2" timestamp="2021-04-26T22:17:28Z" uid="3738260" user="Zabot" changeset="103662966" lat="38.7913561" lon="-89.99746"/>
  <node id="2531715722" version="1" timestamp="2013-11-14T03:55:41Z" uid="1805424" user="mkeller3" changeset="18887441" lat="38.7913952" lon="-89.9975466"/>
  <node id="2531715726" version="1" timestamp="2013-11-14T03:55:41Z" uid="1805424" user="mkeller3" changeset="18887441" lat="38.7914981" lon="-89.9976657"/>
  <node id="2531715727" version="1" timestamp="2013-11-14T03:55:41Z" uid="1805424" user="mkeller3" changeset="18887441" lat="38.7915533" lon="-89.997714"/>
  <node id="2531715729" version="1" timestamp="2013-11-14T03:55:41Z" uid="1805424" user="mkeller3" changeset="18887441" lat="38.791596" lon="-89.9978074"/>
  <node id="2531715731" version="1" timestamp="2013-11-14T03:55:41Z" uid="1805424" user="mkeller3" changeset="18887441" lat="38.7914604" lon="-89.9974467"/>
  <node id="2531715733" version="2" timestamp="2021-04-26T22:17:28Z" uid="3738260" user="Zabot" changeset="103662966" lat="38.7914754" lon="-89.9973122"/>
  <node id="2531715735" version="1" timestamp="2013-11-14T03:55:41Z" uid="1805424" user="mkeller3" changeset="18887441" lat="38.7915157" lon="-89.9971601"/>
  <node id="2531715737" version="1" timestamp="2013-11-14T03:55:41Z" uid="1805424" user="mkeller3" changeset="18887441" lat="38.7915558" lon="-89.997057"/>
  <node id="2531715739" version="1" timestamp="2013-11-14T03:55:41Z" uid="1805424" user="mkeller3" changeset="18887441" lat="38.7916085" lon="-89.9969733"/>
  <node id="2531715741" version="1" timestamp="2013-11-14T03:55:41Z" uid="1805424" user="mkeller3" changeset="18887441" lat="38.7916649" lon="-89.9969341"/>
  <node id="2531715743" version="2" timestamp="2021-04-26T22:17:28Z" uid="3738260" user="Zabot" changeset="103662966" lat="38.7914449" lon="-89.9976246"/>
  <node id="2531715745" version="2" timestamp="2021-04-26T22:17:28Z" uid="3738260" user="Zabot" changeset="103662966" lat="38.7916312" lon="-89.9976266">
    <tag k="entrance" v="yes"/>
  </node>
  <node id="2531715746" version="2" timestamp="2021-04-26T22:17:28Z" uid="3738260" user="Zabot" changeset="103662966" lat="38.791447" lon="-89.9978886">
    <tag k="entrance" v="yes"/>
  </node>
  <node id="2531715748" version="2" timestamp="2021-04-26T22:17:28Z" uid="3738260" user="Zabot" changeset="103662966" lat="38.7911633" lon="-89.997626"/>
  <node id="2531715751" version="1" timestamp="2013-11-14T03:55:42Z" uid="1805424" user="mkeller3" changeset="18887441" lat="38.7910914" lon="-89.9976239"/>
  <node id="2531715754" version="1" timestamp="2013-11-14T03:55:42Z" uid="1805424" user="mkeller3" changeset="18887441" lat="38.7909634" lon="-89.9976206"/>
  <node id="2531715756" version="1" timestamp="2013-11-14T03:55:42Z" uid="1805424" user="mkeller3" changeset="18887441" lat="38.7908454" lon="-89.9976142"/>
  <node id="2531715758" version="1" timestamp="2013-11-14T03:55:42Z" uid="1805424" user="mkeller3" changeset="18887441" lat="38.7907676" lon="-89.9976206"/>
  <node id="2531715760" version="1" timestamp="2013-11-14T03:55:42Z" uid="1805424" user="mkeller3" changeset="18887441" lat="38.7907023" lon="-89.9976657"/>
  <node id="2531715762" version="1" timestamp="2013-11-14T03:55:42Z" uid="1805424" user="mkeller3" changeset="18887441" lat="38.7905718" lon="-89.9977334"/>
  <node id="2531715763" version="1" timestamp="2013-11-14T03:55:42Z" uid="1805424" user="mkeller3" changeset="18887441" lat="38.7905141" lon="-89.9977398"/>
  <node id="2531715764" version="1" timestamp="2013-11-14T03:55:42Z" uid="1805424" user="mkeller3" changeset="18887441" lat="38.7903936" lon="-89.9977462"/>
  <node id="2531715772" version="1" timestamp="2013-11-14T03:55:42Z" uid="1805424" user="mkeller3" changeset="18887441" lat="38.7903082" lon="-89.9977785"/>
  <node id="2531715774" version="1" timestamp="2013-11-14T03:55:42Z" uid="1805424" user="mkeller3" changeset="18887441" lat="38.7902906" lon="-89.9977849"/>
  <node id="2531715776" version="2" timestamp="2021-04-26T22:17:28Z" uid="3738260" user="Zabot" changeset="103662966" lat="38.7912357" lon="-89.9976259"/>
  <node id="2531715778" version="2" timestamp="2021-04-26T22:17:28Z" uid="3738260" user="Zabot" changeset="103662966" lat="38.7911893" lon="-89.9976695"/>
  <node id="2531715779" version="1" timestamp="2013-11-14T03:55:42Z" uid="1805424" user="mkeller3" changeset="18887441" lat="38.7911467" lon="-89.997714"/>
  <node id="2531715781" version="2" timestamp="2021-04-26T22:17:28Z" uid="3738260" user="Zabot" changeset="103662966" lat="38.7911112" lon="-89.9977625"/>
  <node id="2531715783" version="2" timestamp="2021-04-26T21:54:57Z" uid="3738260" user="Zabot" changeset="103662476" lat="38.7910807" lon="-89.9978167"/>
  <node id="2531715785" version="2" timestamp="2021-04-26T21:54:57Z" uid="3738260" user="Zabot" changeset="103662476" lat="38.7910109" lon="-89.9978745"/>
  <node id="2531715788" version="2" timestamp="2021-04-26T21:54:57Z" uid="3738260" user="Zabot" changeset="103662476" lat="38.7909537" lon="-89.9979129"/>
  <node id="2531715790" version="2" timestamp="2021-04-26T21:54:57Z" uid="3738260" user="Zabot" changeset="103662476" lat="38.7908839" lon="-89.9979468"/>
  <node id="2531715792" version="3" timestamp="2021-08-04T22:58:55Z" uid="12955846" user="JakeEdwardsville" changeset="109167131" lat="38.7908218" lon="-89.9979975"/>
  <node id="2531715794" version="1" timestamp="2013-11-14T03:55:42Z" uid="1805424" user="mkeller3" changeset="18887441" lat="38.7910739" lon="-89.9978944"/>
  <node id="2531715796" version="2" timestamp="2021-04-26T21:54:57Z" uid="3738260" user="Zabot" changeset="103662476" lat="38.7910788" lon="-89.9979868"/>
  <node id="2531715798" version="2" timestamp="2021-04-26T21:54:57Z" uid="3738260" user="Zabot" changeset="103662476" lat="38.791101" lon="-89.9980668"/>
  <node id="2531715800" version="2" timestamp="2021-04-26T21:54:57Z" uid="3738260" user="Zabot" changeset="103662476" lat="38.7911193" lon="-89.9981334"/>
  <node id="2531715802" version="2" timestamp="2021-04-26T21:54:57Z" uid="3738260" user="Zabot" changeset="103662476" lat="38.7911347" lon="-89.9982505"/>
  <node id="2531715804" version="2" timestamp="2021-04-26T21:54:57Z" uid="3738260" user="Zabot" changeset="103662476" lat="38.791136" lon="-89.9983627"/>
  <node id="2531715806" version="2" timestamp="2021-04-26T21:54:57Z" uid="3738260" user="Zabot" changeset="103662476" lat="38.791134" lon="-89.9984461"/>
  <node id="2531715807" version="2" timestamp="2021-04-26T21:54:57Z" uid="3738260" user="Zabot" changeset="103662476" lat="38.7911297" lon="-89.998558"/>
  <node id="2531718067" version="2" timestamp="2021-07-23T15:26:27Z" uid="12955846" user="JakeEdwardsville" changeset="108501323" lat="38.7929194" lon="-89.9971424"/>
  <node id="2531718068" version="1" timestamp="2013-11-14T04:02:58Z" uid="1805424" user="mkeller3" changeset="18887478" lat="38.7928987" lon="-89.9968519"/>
  <node id="2531718069" version="1" timestamp="2013-11-14T04:02:58Z" uid="1805424" user="mkeller3" changeset="18887478" lat="38.7928853" lon="-89.9965346"/>
  <node id="2531718071" version="2" timestamp="2021-07-23T15:26:27Z" uid="12955846" user="JakeEdwardsville" changeset="108501323" lat="38.7928" lon="-89.995792"/>
  <node id="2531718073" version="1" timestamp="2013-11-14T04:02:58Z" uid="1805424" user="mkeller3" changeset="18887478" lat="38.7926283" lon="-89.9983753"/>
  <node id="2531718074" version="2" timestamp="2021-08-03T05:37:02Z" uid="12955846" user="JakeEdwardsville" changeset="109064617" lat="38.7925718" lon="-89.9984329"/>
  <node id="2531718077" version="2" timestamp="2021-08-03T05:37:02Z" uid="12955846" user="JakeEdwardsville" changeset="109064617" lat="38.7921651" lon="-89.9984352"/>
  <node id="2531718078" version="2" timestamp="2021-04-26T22:17:28Z" uid="3738260" user="Zabot" changeset="103662966" lat="38.7921671" lon="-89.9982003">
    <tag k="entrance" v="yes"/>
  </node>
  <node id="2531718081" version="2" timestamp="2021-08-03T05:37:02Z" uid="12955846" user="JakeEdwardsville" changeset="109064617" lat="38.7921682" lon="-89.9989814"/>
  <node id="2531718083" version="2" timestamp="2021-08-03T05:37:02Z" uid="12955846" user="JakeEdwardsville" changeset="109064617" lat="38.7921701" lon="-89.9997872"/>
  <node id="2531718084" version="1" timestamp="2013-11-14T04:02:58Z" uid="1805424" user="mkeller3" changeset="18887478" lat="38.7920884" lon="-89.9999605"/>
  <node id="2531718085" version="2" timestamp="2021-08-03T05:37:02Z" uid="12955846" user="JakeEdwardsville" changeset="109064617" lat="38.7920072" lon="-90.0001159"/>
  <node id="2531718086" version="2" timestamp="2019-11-11T23:02:12Z" uid="7261026" user="Falkner09" changeset="76933372" lat="38.7926237" lon="-89.9985626"/>
  <node id="2531718087" version="2" timestamp="2021-08-03T05:37:02Z" uid="12955846" user="JakeEdwardsville" changeset="109064617" lat="38.7927001" lon="-89.9987534"/>
  <node id="2531718088" version="1" timestamp="2013-11-14T04:02:59Z" uid="1805424" user="mkeller3" changeset="18887478" lat="38.792721" lon="-89.9988258"/>
  <node id="2531718090" version="3" timestamp="2025-05-14T17:24:58Z" uid="22899438" user="THE BEAST 6624" changeset="166268301" lat="38.7927118" lon="-89.9991525"/>
  <node id="2531718092" version="3" timestamp="2025-05-14T17:24:58Z" uid="22899438" user="THE BEAST 6624" changeset="166268301" lat="38.7927063" lon="-89.9995019"/>
  <node id="2531718094" version="2" timestamp="2021-08-03T05:37:02Z" uid="12955846" user="JakeEdwardsville" changeset="109064617" lat="38.7925957" lon="-89.9998014"/>
  <node id="2531718095" version="3" timestamp="2021-08-03T05:37:02Z" uid="12955846" user="JakeEdwardsville" changeset="109064617" lat="38.7925006" lon="-90.000055"/>
  <node id="2531718096" version="2" timestamp="2021-08-03T05:37:02Z" uid="12955846" user="JakeEdwardsville" changeset="109064617" lat="38.7927858" lon="-89.9986568"/>
  <node id="2531718097" version="2" timestamp="2021-08-03T05:37:02Z" uid="12955846" user="JakeEdwardsville" changeset="109064617" lat="38.792852" lon="-89.9985215"/>
  <node id="2531718098" version="1" timestamp="2013-11-14T04:02:59Z" uid="1805424" user="mkeller3" changeset="18887478" lat="38.7929131" lon="-89.9984093"/>
  <node id="2531718099" version="1" timestamp="2013-11-14T04:02:59Z" uid="1805424" user="mkeller3" changeset="18887478" lat="38.7929393" lon="-89.9983611"/>
  <node id="2531718101" version="2" timestamp="2021-08-03T05:37:02Z" uid="12955846" user="JakeEdwardsville" changeset="109064617" lat="38.7923314" lon="-90.000062"/>
  <node id="2531718102" version="3" timestamp="2021-08-03T05:37:02Z" uid="12955846" user="JakeEdwardsville" changeset="109064617" lat="38.791918" lon="-90.0001756"/>
  <node id="2531718103" version="2" timestamp="2021-08-03T05:37:02Z" uid="12955846" user="JakeEdwardsville" changeset="109064617" lat="38.7916331" lon="-90.0000942"/>
  <node id="2531718104" version="2" timestamp="2021-08-03T05:37:02Z" uid="12955846" user="JakeEdwardsville" changeset="109064617" lat="38.7914962" lon="-90.0000498"/>
  <node id="2531718105" version="2" timestamp="2021-08-03T05:37:02Z" uid="12955846" user="JakeEdwardsville" changeset="109064617" lat="38.7913516" lon="-90.0000821"/>
  <node id="2531718106" version="2" timestamp="2021-04-26T21:54:57Z" uid="3738260" user="Zabot" changeset="103662476" lat="38.7914365" lon="-89.9996767"/>
  <node id="2531718109" version="1" timestamp="2013-11-14T04:02:59Z" uid="1805424" user="mkeller3" changeset="18887478" lat="38.7919486" lon="-90.0001383"/>
  <node id="2531718110" version="2" timestamp="2021-04-26T21:54:57Z" uid="3738260" user="Zabot" changeset="103662476" lat="38.7919415" lon="-89.9997158"/>
  <node id="2531718111" version="2" timestamp="2021-08-03T05:37:02Z" uid="12955846" user="JakeEdwardsville" changeset="109064617" lat="38.7918304" lon="-89.9998303"/>
  <node id="2531718112" version="3" timestamp="2021-08-03T05:37:02Z" uid="12955846" user="JakeEdwardsville" changeset="109064617" lat="38.7916999" lon="-89.999932"/>
  <node id="2531718113" version="2" timestamp="2019-11-11T23:02:12Z" uid="7261026" user="Falkner09" changeset="76933372" lat="38.7915916" lon="-89.999981"/>
  <node id="2531718114" version="3" timestamp="2021-08-03T05:37:02Z" uid="12955846" user="JakeEdwardsville" changeset="109064617" lat="38.7916051" lon="-90.0005455"/>
  <node id="2531718115" version="2" timestamp="2021-08-03T05:37:02Z" uid="12955846" user="JakeEdwardsville" changeset="109064617" lat="38.7914409" lon="-90.0001364"/>
  <node id="2531718116" version="2" timestamp="2021-08-03T05:37:02Z" uid="12955846" user="JakeEdwardsville" changeset="109064617" lat="38.7913683" lon="-90.0002552"/>
  <node id="2531718117" version="2" timestamp="2021-08-03T05:37:02Z" uid="12955846" user="JakeEdwardsville" changeset="109064617" lat="38.79135" lon="-90.0003354"/>
  <node id="2531718118" version="2" timestamp="2021-08-03T05:37:02Z" uid="12955846" user="JakeEdwardsville" changeset="109064617" lat="38.7913336" lon="-90.0005175"/>
  <node id="2531718119" version="3" timestamp="2021-08-03T05:37:02Z" uid="12955846" user="JakeEdwardsville" changeset="109064617" lat="38.7913091" lon="-90.0006365"/>
  <node id="2531718120" version="3" timestamp="2021-08-03T05:37:02Z" uid="12955846" user="JakeEdwardsville" changeset="109064617" lat="38.7913171" lon="-90.0009374"/>
  <node id="2531718121" version="1" timestamp="2013-11-14T04:02:59Z" uid="1805424" user="mkeller3" changeset="18887478" lat="38.7912238" lon="-90.0006258"/>
  <node id="2531718122" version="2" timestamp="2021-08-03T05:37:02Z" uid="12955846" user="JakeEdwardsville" changeset="109064617" lat="38.7911412" lon="-90.0005195"/>
  <node id="2531718123" version="1" timestamp="2013-11-14T04:02:59Z" uid="1805424" user="mkeller3" changeset="18887478" lat="38.7910335" lon="-90.0003305"/>
  <node id="2531718124" version="2" timestamp="2021-04-19T02:25:38Z" uid="3738260" user="Zabot" changeset="103159570" lat="38.7920277" lon="-90.000998">
    <tag k="entrance" v="yes"/>
  </node>
  <node id="2531718125" version="4" timestamp="2021-08-03T05:37:02Z" uid="12955846" user="JakeEdwardsville" changeset="109064617" lat="38.7924906" lon="-90.0003406"/>
  <node id="2531718135" version="2" timestamp="2021-08-03T05:37:02Z" uid="12955846" user="JakeEdwardsville" changeset="109064617" lat="38.7924651" lon="-90.0029903"/>
  <node id="2531718136" version="2" timestamp="2021-08-03T05:37:02Z" uid="12955846" user="JakeEdwardsville" changeset="109064617" lat="38.7924357" lon="-90.0026576"/>
  <node id="2531718137" version="1" timestamp="2013-11-14T04:03:00Z" uid="1805424" user="mkeller3" changeset="18887478" lat="38.792427" lon="-90.0025013"/>
  <node id="2531718138" version="5" timestamp="2021-08-03T05:37:02Z" uid="12955846" user="JakeEdwardsville" changeset="109064617" lat="38.7923198" lon="-90.0020589"/>
  <node id="2531718140" version="2" timestamp="2021-08-03T05:37:02Z" uid="12955846" user="JakeEdwardsville" changeset="109064617" lat="38.7923463" lon="-90.0025503"/>
  <node id="2531718141" version="2" timestamp="2021-08-03T05:37:02Z" uid="12955846" user="JakeEdwardsville" changeset="109064617" lat="38.7922162" lon="-90.0024073"/>
  <node id="2531718142" version="2" timestamp="2021-08-03T05:37:02Z" uid="12955846" user="JakeEdwardsville" changeset="109064617" lat="38.7919799" lon="-90.0022519"/>
  <node id="2531718152" version="1" timestamp="2013-11-14T04:03:00Z" uid="1805424" user="mkeller3" changeset="18887478" lat="38.7924167" lon="-90.0001945"/>
  <node id="2531718160" version="1" timestamp="2013-11-14T04:03:00Z" uid="1805424" user="mkeller3" changeset="18887478" lat="38.7928684" lon="-89.9995696"/>
  <node id="2531718161" version="2" timestamp="2021-08-03T05:37:02Z" uid="12955846" user="JakeEdwardsville" changeset="109064617" lat="38.7927797" lon="-89.9995125"/>
  <node id="2531718162" version="3" timestamp="2023-07-21T01:58:50Z" uid="12955846" user="JakeEdwardsville" changeset="138789957" lat="38.7923712" lon="-90.0035361"/>
  <node id="2531718163" version="2" timestamp="2023-07-21T01:58:50Z" uid="12955846" user="JakeEdwardsville" changeset="138789957" lat="38.7923143" lon="-90.0034574"/>
  <node id="2531718164" version="2" timestamp="2023-07-21T01:58:50Z" uid="12955846" user="JakeEdwardsville" changeset="138789957" lat="38.7922338" lon="-90.0034014"/>
  <node id="2531718165" version="2" timestamp="2023-07-21T01:58:50Z" uid="12955846" user="JakeEdwardsville" changeset="138789957" lat="38.7921479" lon="-90.0034028"/>
  <node id="2531718166" version="3" timestamp="2023-07-21T01:58:50Z" uid="12955846" user="JakeEdwardsville" changeset="138789957" lat="38.7920505" lon="-90.0035"/>
  <node id="2531718167" version="2" timestamp="2021-08-07T19:14:02Z" uid="12955846" user="JakeEdwardsville" changeset="109322874" lat="38.791981" lon="-90.0036017"/>
  <node id="2531718168" version="1" timestamp="2013-11-14T04:03:00Z" uid="1805424" user="mkeller3" changeset="18887478" lat="38.7919305" lon="-90.0037503"/>
  <node id="2531718169" version="2" timestamp="2023-07-21T01:58:50Z" uid="12955846" user="JakeEdwardsville" changeset="138789957" lat="38.7919121" lon="-90.003902"/>
  <node id="2531718170" version="1" timestamp="2013-11-14T04:03:00Z" uid="1805424" user="mkeller3" changeset="18887478" lat="38.7918974" lon="-90.0040605"/>
  <node id="2531718171" version="1" timestamp="2013-11-14T04:03:00Z" uid="1805424" user="mkeller3" changeset="18887478" lat="38.7918858" lon="-90.0042772"/>
  <node id="2531718172" version="1" timestamp="2013-11-14T04:03:00Z" uid="1805424" user="mkeller3" changeset="18887478" lat="38.7918759" lon="-90.0045173"/>
  <node id="2531718173" version="1" timestamp="2013-11-14T04:03:00Z" uid="1805424" user="mkeller3" changeset="18887478" lat="38.7918676" lon="-90.0047489"/>
  <node id="2531718175" version="3" timestamp="2023-07-21T01:58:50Z" uid="12955846" user="JakeEdwardsville" changeset="138789957" lat="38.7918666" lon="-90.0050317"/>
  <node id="2531718178" version="2" timestamp="2023-07-21T01:58:50Z" uid="12955846" user="JakeEdwardsville" changeset="138789957" lat="38.7920176" lon="-90.0050676"/>
  <node id="2531718179" version="2" timestamp="2023-07-21T01:58:50Z" uid="12955846" user="JakeEdwardsville" changeset="138789957" lat="38.7921075" lon="-90.0050623"/>
  <node id="2531718180" version="2" timestamp="2023-07-21T01:58:50Z" uid="12955846" user="JakeEdwardsville" changeset="138789957" lat="38.7922951" lon="-90.0050548"/>
  <node id="2531718181" version="2" timestamp="2023-07-21T01:58:50Z" uid="12955846" user="JakeEdwardsville" changeset="138789957" lat="38.7924269" lon="-90.005006"/>
  <node id="2531718182" version="2" timestamp="2023-07-21T01:58:50Z" uid="12955846" user="JakeEdwardsville" changeset="138789957" lat="38.7925772" lon="-90.0049311"/>
  <node id="2531718183" version="2" timestamp="2023-07-21T01:58:50Z" uid="12955846" user="JakeEdwardsville" changeset="138789957" lat="38.7926847" lon="-90.0048728"/>
  <node id="2531718184" version="2" timestamp="2023-07-21T01:58:50Z" uid="12955846" user="JakeEdwardsville" changeset="138789957" lat="38.7927504" lon="-90.0048302"/>
  <node id="2531718185" version="2" timestamp="2023-07-21T01:58:50Z" uid="12955846" user="JakeEdwardsville" changeset="138789957" lat="38.7928392" lon="-90.0046805"/>
  <node id="2531718186" version="2" timestamp="2023-07-21T01:58:50Z" uid="12955846" user="JakeEdwardsville" changeset="138789957" lat="38.7929239" lon="-90.0044667"/>
  <node id="2531718187" version="1" timestamp="2013-11-14T04:03:01Z" uid="1805424" user="mkeller3" changeset="18887478" lat="38.7929689" lon="-90.0043006"/>
  <node id="2531718188" version="2" timestamp="2023-07-21T01:58:50Z" uid="12955846" user="JakeEdwardsville" changeset="138789957" lat="38.7929747" lon="-90.0041582"/>
  <node id="2531718189" version="2" timestamp="2023-07-21T01:58:50Z" uid="12955846" user="JakeEdwardsville" changeset="138789957" lat="38.7929849" lon="-90.0040178"/>
  <node id="2531718190" version="2" timestamp="2023-07-21T01:58:50Z" uid="12955846" user="JakeEdwardsville" changeset="138789957" lat="38.7931041" lon="-90.0038454"/>
  <node id="2531718191" version="2" timestamp="2023-07-21T01:58:50Z" uid="12955846" user="JakeEdwardsville" changeset="138789957" lat="38.7931648" lon="-90.0037734"/>
  <node id="2531718192" version="2" timestamp="2023-07-21T01:58:50Z" uid="12955846" user="JakeEdwardsville" changeset="138789957" lat="38.793277" lon="-90.0036597"/>
  <node id="2531718193" version="2" timestamp="2023-07-21T01:58:50Z" uid="12955846" user="JakeEdwardsville" changeset="138789957" lat="38.7933838" lon="-90.0035906"/>
  <node id="2531718194" version="2" timestamp="2023-07-21T01:58:50Z" uid="12955846" user="JakeEdwardsville" changeset="138789957" lat="38.7934362" lon="-90.003582"/>
  <node id="2531718195" version="2" timestamp="2023-07-21T01:58:50Z" uid="12955846" user="JakeEdwardsville" changeset="138789957" lat="38.7935217" lon="-90.0036302"/>
  <node id="2531718196" version="2" timestamp="2023-07-21T01:58:50Z" uid="12955846" user="JakeEdwardsville" changeset="138789957" lat="38.7935645" lon="-90.0037028"/>
  <node id="2531718197" version="2" timestamp="2023-07-21T01:58:50Z" uid="12955846" user="JakeEdwardsville" changeset="138789957" lat="38.7936144" lon="-90.003809"/>
  <node id="2531718198" version="1" timestamp="2013-11-14T04:03:01Z" uid="1805424" user="mkeller3" changeset="18887478" lat="38.7936711" lon="-90.003899"/>
  <node id="2531718199" version="2" timestamp="2023-07-21T01:58:50Z" uid="12955846" user="JakeEdwardsville" changeset="138789957" lat="38.7937414" lon="-90.0039456"/>
  <node id="2531718200" version="2" timestamp="2016-08-13T19:21:48Z" uid="3519193" user="banjavjs" changeset="41435095" lat="38.7938239" lon="-90.0039636"/>
  <node id="2531718201" version="2" timestamp="2023-07-21T01:58:50Z" uid="12955846" user="JakeEdwardsville" changeset="138789957" lat="38.7931743" lon="-90.0037626"/>
  <node id="2531718202" version="2" timestamp="2023-07-21T01:58:50Z" uid="12955846" user="JakeEdwardsville" changeset="138789957" lat="38.7930371" lon="-90.0035696"/>
  <node id="2531718204" version="2" timestamp="2023-07-21T01:58:50Z" uid="12955846" user="JakeEdwardsville" changeset="138789957" lat="38.7930951" lon="-90.0035"/>
  <node id="2531718205" version="2" timestamp="2023-07-21T01:58:50Z" uid="12955846" user="JakeEdwardsville" changeset="138789957" lat="38.7931352" lon="-90.0034306"/>
  <node id="2531718206" version="2" timestamp="2023-07-21T01:58:50Z" uid="12955846" user="JakeEdwardsville" changeset="138789957" lat="38.7931472" lon="-90.0033337"/>
  <node id="2531718207" version="2" timestamp="2023-07-21T01:58:50Z" uid="12955846" user="JakeEdwardsville" changeset="138789957" lat="38.7931237" lon="-90.0032679"/>
  <node id="2531718208" version="2" timestamp="2023-07-21T01:58:50Z" uid="12955846" user="JakeEdwardsville" changeset="138789957" lat="38.7930652" lon="-90.0032171"/>
  <node id="2531718209" version="2" timestamp="2023-07-21T01:58:50Z" uid="12955846" user="JakeEdwardsville" changeset="138789957" lat="38.7929953" lon="-90.0032065"/>
  <node id="2531718210" version="2" timestamp="2021-08-07T19:14:02Z" uid="12955846" user="JakeEdwardsville" changeset="109322874" lat="38.7928174" lon="-90.0031915"/>
  <node id="2531718211" version="2" timestamp="2021-04-01T02:54:17Z" uid="12955846" user="JakeEdwardsville" changeset="102085860" lat="38.7884252" lon="-90.0028147"/>
  <node id="2531718212" version="2" timestamp="2021-04-01T02:54:17Z" uid="12955846" user="JakeEdwardsville" changeset="102085860" lat="38.7885006" lon="-90.0030369"/>
  <node id="2531718213" version="2" timestamp="2021-04-01T02:54:17Z" uid="12955846" user="JakeEdwardsville" changeset="102085860" lat="38.7885806" lon="-90.003205"/>
  <node id="2531718214" version="2" timestamp="2021-04-01T02:54:17Z" uid="12955846" user="JakeEdwardsville" changeset="102085860" lat="38.7887092" lon="-90.0034104"/>
  <node id="2531718215" version="2" timestamp="2021-04-01T02:54:17Z" uid="12955846" user="JakeEdwardsville" changeset="102085860" lat="38.7887763" lon="-90.0035226"/>
  <node id="2531718216" version="2" timestamp="2021-04-01T02:54:17Z" uid="12955846" user="JakeEdwardsville" changeset="102085860" lat="38.7888607" lon="-90.0037121"/>
  <node id="2531718217" version="2" timestamp="2021-04-01T02:54:17Z" uid="12955846" user="JakeEdwardsville" changeset="102085860" lat="38.7888999" lon="-90.0038651"/>
  <node id="2531718218" version="2" timestamp="2021-04-01T02:54:17Z" uid="12955846" user="JakeEdwardsville" changeset="102085860" lat="38.7889126" lon="-90.0041003"/>
  <node id="2531718219" version="2" timestamp="2021-04-01T02:54:17Z" uid="12955846" user="JakeEdwardsville" changeset="102085860" lat="38.7889266" lon="-90.0042109"/>
  <node id="2531718220" version="2" timestamp="2021-04-01T02:54:17Z" uid="12955846" user="JakeEdwardsville" changeset="102085860" lat="38.7890225" lon="-90.0043823"/>
  <node id="2531718221" version="2" timestamp="2021-04-01T02:54:17Z" uid="12955846" user="JakeEdwardsville" changeset="102085860" lat="38.7890763" lon="-90.0044202"/>
  <node id="2531718222" version="2" timestamp="2021-04-01T02:54:17Z" uid="12955846" user="JakeEdwardsville" changeset="102085860" lat="38.7892521" lon="-90.0044374"/>
  <node id="2531718223" version="2" timestamp="2021-04-01T02:54:17Z" uid="12955846" user="JakeEdwardsville" changeset="102085860" lat="38.789427" lon="-90.0043578"/>
  <node id="2531718224" version="2" timestamp="2021-04-01T02:54:17Z" uid="12955846" user="JakeEdwardsville" changeset="102085860" lat="38.7895799" lon="-90.0041739"/>
  <node id="2531718225" version="2" timestamp="2021-04-01T02:54:17Z" uid="12955846" user="JakeEdwardsville" changeset="102085860" lat="38.7896907" lon="-90.0040267"/>
  <node id="2531718226" version="1" timestamp="2013-11-14T04:03:02Z" uid="1805424" user="mkeller3" changeset="18887478" lat="38.7898243" lon="-90.0038953"/>
  <node id="2531718227" version="2" timestamp="2021-04-01T02:54:17Z" uid="12955846" user="JakeEdwardsville" changeset="102085860" lat="38.789946" lon="-90.0037717"/>
  <node id="2531718387" version="4" timestamp="2021-08-03T05:37:02Z" uid="12955846" user="JakeEdwardsville" changeset="109064617" lat="38.7934493" lon="-90.0000366"/>
  <node id="2531718388" version="2" timestamp="2021-08-03T05:37:02Z" uid="12955846" user="JakeEdwardsville" changeset="109064617" lat="38.7934645" lon="-89.9995826"/>
  <node id="2531718390" version="2" timestamp="2021-05-08T23:36:32Z" uid="12955846" user="JakeEdwardsville" changeset="104381261" lat="38.7973044" lon="-90.0031738"/>
  <node id="2531718391" version="1" timestamp="2013-11-14T04:04:46Z" uid="1805424" user="mkeller3" changeset="18887485" lat="38.7972518" lon="-90.0031203"/>
  <node id="2531718392" version="1" timestamp="2013-11-14T04:04:46Z" uid="1805424" user="mkeller3" changeset="18887485" lat="38.7971907" lon="-90.0030474"/>
  <node id="2531718393" version="2" timestamp="2023-07-21T01:58:50Z" uid="12955846" user="JakeEdwardsville" changeset="138789957" lat="38.7971322" lon="-90.0029477"/>
  <node id="2531718394" version="2" timestamp="2023-07-21T01:58:50Z" uid="12955846" user="JakeEdwardsville" changeset="138789957" lat="38.7970972" lon="-90.0028405"/>
  <node id="2531718395" version="2" timestamp="2023-07-21T01:58:50Z" uid="12955846" user="JakeEdwardsville" changeset="138789957" lat="38.7970732" lon="-90.0027175"/>
  <node id="2531718396" version="2" timestamp="2023-07-21T01:58:50Z" uid="12955846" user="JakeEdwardsville" changeset="138789957" lat="38.7970811" lon="-90.0025327"/>
  <node id="2531718397" version="2" timestamp="2023-07-21T01:58:50Z" uid="12955846" user="JakeEdwardsville" changeset="138789957" lat="38.7971032" lon="-90.0023928"/>
  <node id="2531718398" version="2" timestamp="2023-07-21T01:58:50Z" uid="12955846" user="JakeEdwardsville" changeset="138789957" lat="38.7971169" lon="-90.0021932"/>
  <node id="2531718399" version="2" timestamp="2023-07-21T01:58:50Z" uid="12955846" user="JakeEdwardsville" changeset="138789957" lat="38.7971179" lon="-90.0019835"/>
  <node id="2531718400" version="2" timestamp="2023-07-21T01:58:50Z" uid="12955846" user="JakeEdwardsville" changeset="138789957" lat="38.7970942" lon="-90.0019316"/>
  <node id="2531718401" version="1" timestamp="2013-11-14T04:04:46Z" uid="1805424" user="mkeller3" changeset="18887485" lat="38.7970716" lon="-90.0019217"/>
  <node id="2531718402" version="2" timestamp="2021-05-08T23:28:54Z" uid="12955846" user="JakeEdwardsville" changeset="104381189" lat="38.7972877" lon="-90.0005275"/>
  <node id="2531718403" version="2" timestamp="2021-03-29T14:28:02Z" uid="12943990" user="no1no2no3no4" changeset="101923937" lat="38.7972297" lon="-90.0004823"/>
  <node id="2531718404" version="1" timestamp="2013-11-14T04:04:46Z" uid="1805424" user="mkeller3" changeset="18887485" lat="38.7971674" lon="-90.0004205"/>
  <node id="2531718405" version="2" timestamp="2021-08-07T19:14:02Z" uid="12955846" user="JakeEdwardsville" changeset="109322874" lat="38.7970306" lon="-90.0003724"/>
  <node id="2531718407" version="2" timestamp="2021-07-26T18:20:28Z" uid="12955846" user="JakeEdwardsville" changeset="108640828" lat="38.7974934" lon="-89.9995744"/>
  <node id="2531718408" version="2" timestamp="2021-07-26T18:20:28Z" uid="12955846" user="JakeEdwardsville" changeset="108640828" lat="38.7973987" lon="-89.999448"/>
  <node id="2531718409" version="2" timestamp="2021-07-26T18:20:28Z" uid="12955846" user="JakeEdwardsville" changeset="108640828" lat="38.7972673" lon="-89.9993918"/>
  <node id="2531718410" version="3" timestamp="2021-07-26T18:20:28Z" uid="12955846" user="JakeEdwardsville" changeset="108640828" lat="38.7970607" lon="-89.9993351"/>
  <node id="2531718524" version="2" timestamp="2021-05-08T23:36:32Z" uid="12955846" user="JakeEdwardsville" changeset="104381261" lat="38.7970704" lon="-90.004815"/>
  <node id="2531718525" version="2" timestamp="2021-05-08T23:28:54Z" uid="12955846" user="JakeEdwardsville" changeset="104381189" lat="38.7972104" lon="-90.0045765"/>
  <node id="2531718526" version="2" timestamp="2021-05-08T23:28:54Z" uid="12955846" user="JakeEdwardsville" changeset="104381189" lat="38.7972915" lon="-90.0044414"/>
  <node id="2531718527" version="2" timestamp="2021-05-08T23:28:54Z" uid="12955846" user="JakeEdwardsville" changeset="104381189" lat="38.7973321" lon="-90.0043397"/>
  <node id="2531718528" version="2" timestamp="2021-05-08T23:28:54Z" uid="12955846" user="JakeEdwardsville" changeset="104381189" lat="38.7973246" lon="-90.0042548"/>
  <node id="2531719175" version="2" timestamp="2025-05-14T16:45:52Z" uid="22899438" user="THE BEAST 6624" changeset="166266408" lat="38.7886567" lon="-89.9967859"/>
  <node id="2531719176" version="1" timestamp="2013-11-14T04:08:04Z" uid="1805424" user="mkeller3" changeset="18887503" lat="38.7882805" lon="-89.9967179"/>
  <node id="2531719177" version="1" timestamp="2013-11-14T04:08:04Z" uid="1805424" user="mkeller3" changeset="18887503" lat="38.7881022" lon="-89.9965859"/>
  <node id="2531719178" version="2" timestamp="2021-04-19T22:38:37Z" uid="3738260" user="Zabot" changeset="103225113" lat="38.7879549" lon="-89.9964976"/>
  <node id="2531719179" version="2" timestamp="2021-04-01T02:54:17Z" uid="12955846" user="JakeEdwardsville" changeset="102085860" lat="38.7878885" lon="-89.9958085"/>
  <node id="2531719180" version="2" timestamp="2021-04-01T02:54:17Z" uid="12955846" user="JakeEdwardsville" changeset="102085860" lat="38.7879181" lon="-89.9956929"/>
  <node id="2531719181" version="2" timestamp="2021-04-01T02:54:17Z" uid="12955846" user="JakeEdwardsville" changeset="102085860" lat="38.7879432" lon="-89.9955252"/>
  <node id="2531719182" version="2" timestamp="2021-04-01T02:54:17Z" uid="12955846" user="JakeEdwardsville" changeset="102085860" lat="38.7879645" lon="-89.9953519"/>
  <node id="2531719183" version="2" timestamp="2021-04-01T02:54:17Z" uid="12955846" user="JakeEdwardsville" changeset="102085860" lat="38.7880349" lon="-89.9951725"/>
  <node id="2531719184" version="2" timestamp="2021-04-01T02:54:17Z" uid="12955846" user="JakeEdwardsville" changeset="102085860" lat="38.7881388" lon="-89.9950025"/>
  <node id="2531719185" version="1" timestamp="2013-11-14T04:08:04Z" uid="1805424" user="mkeller3" changeset="18887503" lat="38.7883332" lon="-89.9948983"/>
  <node id="2531719186" version="2" timestamp="2021-04-01T02:54:17Z" uid="12955846" user="JakeEdwardsville" changeset="102085860" lat="38.788557" lon="-89.9948662"/>
  <node id="2531719187" version="1" timestamp="2013-11-14T04:08:04Z" uid="1805424" user="mkeller3" changeset="18887503" lat="38.7888076" lon="-89.9948918"/>
  <node id="2531719188" version="2" timestamp="2021-04-01T02:54:17Z" uid="12955846" user="JakeEdwardsville" changeset="102085860" lat="38.7890097" lon="-89.994951"/>
  <node id="2531719189" version="2" timestamp="2021-04-01T02:54:17Z" uid="12955846" user="JakeEdwardsville" changeset="102085860" lat="38.7891124" lon="-89.99502"/>
  <node id="2531719190" version="2" timestamp="2021-04-01T02:54:17Z" uid="12955846" user="JakeEdwardsville" changeset="102085860" lat="38.7892235" lon="-89.9950493"/>
  <node id="2531719191" version="2" timestamp="2021-04-01T02:54:17Z" uid="12955846" user="JakeEdwardsville" changeset="102085860" lat="38.789288" lon="-89.9950182"/>
  <node id="2531719192" version="2" timestamp="2021-04-01T02:54:17Z" uid="12955846" user="JakeEdwardsville" changeset="102085860" lat="38.7893527" lon="-89.9949641"/>
  <node id="2531719193" version="1" timestamp="2013-11-14T04:08:04Z" uid="1805424" user="mkeller3" changeset="18887503" lat="38.7895005" lon="-89.9949273"/>
  <node id="2531719194" version="2" timestamp="2021-04-01T02:54:17Z" uid="12955846" user="JakeEdwardsville" changeset="102085860" lat="38.7896378" lon="-89.9948976"/>
  <node id="2531719195" version="2" timestamp="2021-04-01T02:54:17Z" uid="12955846" user="JakeEdwardsville" changeset="102085860" lat="38.7898431" lon="-89.994922"/>
  <node id="2531719196" version="1" timestamp="2013-11-14T04:08:04Z" uid="1805424" user="mkeller3" changeset="18887503" lat="38.7899423" lon="-89.9949305"/>
  <node id="2531719197" version="2" timestamp="2021-04-01T02:54:17Z" uid="12955846" user="JakeEdwardsville" changeset="102085860" lat="38.7899978" lon="-89.9949423"/>
  <node id="2531719198" version="2" timestamp="2021-04-01T02:54:17Z" uid="12955846" user="JakeEdwardsville" changeset="102085860" lat="38.7900553" lon="-89.9949206"/>
  <node id="2531719199" version="1" timestamp="2013-11-14T04:08:04Z" uid="1805424" user="mkeller3" changeset="18887503" lat="38.7901908" lon="-89.9947211"/>
  <node id="2531719200" version="2" timestamp="2021-04-01T02:54:17Z" uid="12955846" user="JakeEdwardsville" changeset="102085860" lat="38.7902156" lon="-89.9945346"/>
  <node id="2531719201" version="2" timestamp="2021-04-01T02:54:17Z" uid="12955846" user="JakeEdwardsville" changeset="102085860" lat="38.7902252" lon="-89.9944212"/>
  <node id="2531719202" version="2" timestamp="2021-04-01T02:54:17Z" uid="12955846" user="JakeEdwardsville" changeset="102085860" lat="38.790094" lon="-89.9950142"/>
  <node id="2531719203" version="2" timestamp="2021-04-01T02:54:17Z" uid="12955846" user="JakeEdwardsville" changeset="102085860" lat="38.7901801" lon="-89.9950926"/>
  <node id="2531719204" version="2" timestamp="2021-04-01T02:54:17Z" uid="12955846" user="JakeEdwardsville" changeset="102085860" lat="38.7902372" lon="-89.9951792"/>
  <node id="2531719205" version="2" timestamp="2021-04-01T02:54:17Z" uid="12955846" user="JakeEdwardsville" changeset="102085860" lat="38.7902591" lon="-89.9952687"/>
  <node id="2531719206" version="2" timestamp="2021-04-01T02:54:17Z" uid="12955846" user="JakeEdwardsville" changeset="102085860" lat="38.7902669" lon="-89.9954475"/>
  <node id="2531719207" version="2" timestamp="2021-04-01T02:54:17Z" uid="12955846" user="JakeEdwardsville" changeset="102085860" lat="38.7902655" lon="-89.9956084"/>
  <node id="2531719208" version="1" timestamp="2013-11-14T04:08:04Z" uid="1805424" user="mkeller3" changeset="18887503" lat="38.7903641" lon="-89.9956616"/>
  <node id="2531719209" version="1" timestamp="2013-11-14T04:08:04Z" uid="1805424" user="mkeller3" changeset="18887503" lat="38.7904695" lon="-89.9957485"/>
  <node id="2531719210" version="1" timestamp="2013-11-14T04:08:04Z" uid="1805424" user="mkeller3" changeset="18887503" lat="38.7905599" lon="-89.995858"/>
  <node id="2531719211" version="1" timestamp="2013-11-14T04:08:04Z" uid="1805424" user="mkeller3" changeset="18887503" lat="38.7906101" lon="-89.9959579"/>
  <node id="2531719212" version="2" timestamp="2021-08-07T19:14:02Z" uid="12955846" user="JakeEdwardsville" changeset="109322874" lat="38.790672" lon="-89.996118"/>
  <node id="2699923477" version="3" timestamp="2021-06-19T16:53:58Z" uid="12955846" user="JakeEdwardsville" changeset="106639623" lat="38.7942677" lon="-89.9979395"/>
  <node id="2699923478" version="3" timestamp="2021-06-19T16:53:58Z" uid="12955846" user="JakeEdwardsville" changeset="106639623" lat="38.7942676" lon="-89.9978336"/>
  <node id="2699923479" version="3" timestamp="2021-06-19T16:53:58Z" uid="12955846" user="JakeEdwardsville" changeset="106639623" lat="38.7942512" lon="-89.9978335"/>
  <node id="2699923480" version="3" timestamp="2021-06-19T16:53:58Z" uid="12955846" user="JakeEdwardsville" changeset="106639623" lat="38.7942513" lon="-89.9977288"/>
  <node id="2699923481" version="3" timestamp="2021-06-19T16:53:58Z" uid="12955846" user="JakeEdwardsville" changeset="106639623" lat="38.7942674" lon="-89.9977292"/>
  <node id="2699923482" version="3" timestamp="2021-06-19T16:53:58Z" uid="12955846" user="JakeEdwardsville" changeset="106639623" lat="38.7942678" lon="-89.9976585"/>
  <node id="2699923483" version="3" timestamp="2021-06-19T16:53:58Z" uid="12955846" user="JakeEdwardsville" changeset="106639623" lat="38.7942245" lon="-89.9976578"/>
  <node id="2699923484" version="3" timestamp="2021-06-19T16:53:58Z" uid="12955846" user="JakeEdwardsville" changeset="106639623" lat="38.7942246" lon="-89.9974967"/>
  <node id="2699923485" version="3" timestamp="2021-06-19T16:53:58Z" uid="12955846" user="JakeEdwardsville" changeset="106639623" lat="38.7940685" lon="-89.9974976"/>
  <node id="2699923486" version="3" timestamp="2021-06-19T16:53:58Z" uid="12955846" user="JakeEdwardsville" changeset="106639623" lat="38.7940686" lon="-89.9973331"/>
  <node id="2699923487" version="3" timestamp="2021-06-19T16:53:58Z" uid="12955846" user="JakeEdwardsville" changeset="106639623" lat="38.7939865" lon="-89.9973332"/>
  <node id="2699923488" version="3" timestamp="2021-06-19T16:53:58Z" uid="12955846" user="JakeEdwardsville" changeset="106639623" lat="38.7939856" lon="-89.9973887"/>
  <node id="2699923489" version="3" timestamp="2021-06-19T16:53:58Z" uid="12955846" user="JakeEdwardsville" changeset="106639623" lat="38.7936912" lon="-89.9973882"/>
  <node id="2699923490" version="3" timestamp="2021-06-19T16:53:58Z" uid="12955846" user="JakeEdwardsville" changeset="106639623" lat="38.7936933" lon="-89.9976235"/>
  <node id="2699923491" version="3" timestamp="2021-06-19T16:53:58Z" uid="12955846" user="JakeEdwardsville" changeset="106639623" lat="38.7935663" lon="-89.9976241"/>
  <node id="2699923492" version="3" timestamp="2021-06-19T16:53:58Z" uid="12955846" user="JakeEdwardsville" changeset="106639623" lat="38.7935664" lon="-89.9977286"/>
  <node id="2699923493" version="3" timestamp="2021-06-19T16:53:58Z" uid="12955846" user="JakeEdwardsville" changeset="106639623" lat="38.7935836" lon="-89.9977294"/>
  <node id="2699923494" version="3" timestamp="2021-06-19T16:53:58Z" uid="12955846" user="JakeEdwardsville" changeset="106639623" lat="38.7935835" lon="-89.9978328"/>
  <node id="2699923495" version="3" timestamp="2021-06-19T16:53:58Z" uid="12955846" user="JakeEdwardsville" changeset="106639623" lat="38.7935665" lon="-89.9978331"/>
  <node id="2699923496" version="3" timestamp="2021-06-19T16:53:58Z" uid="12955846" user="JakeEdwardsville" changeset="106639623" lat="38.7935657" lon="-89.9979056"/>
  <node id="2699923497" version="3" timestamp="2021-06-19T16:53:58Z" uid="12955846" user="JakeEdwardsville" changeset="106639623" lat="38.7936115" lon="-89.997906"/>
  <node id="2699923498" version="3" timestamp="2021-06-19T16:53:58Z" uid="12955846" user="JakeEdwardsville" changeset="106639623" lat="38.7936093" lon="-89.998068"/>
  <node id="2699923499" version="3" timestamp="2021-06-19T16:53:58Z" uid="12955846" user="JakeEdwardsville" changeset="106639623" lat="38.7937652" lon="-89.9980685"/>
  <node id="2699923500" version="3" timestamp="2021-06-19T16:53:58Z" uid="12955846" user="JakeEdwardsville" changeset="106639623" lat="38.7937651" lon="-89.9982298"/>
  <node id="2699923501" version="3" timestamp="2021-06-19T16:53:58Z" uid="12955846" user="JakeEdwardsville" changeset="106639623" lat="38.7938489" lon="-89.9982308"/>
  <node id="2699923502" version="3" timestamp="2021-06-19T16:53:58Z" uid="12955846" user="JakeEdwardsville" changeset="106639623" lat="38.7938478" lon="-89.9981732"/>
  <node id="2699923503" version="3" timestamp="2021-06-19T16:53:58Z" uid="12955846" user="JakeEdwardsville" changeset="106639623" lat="38.7941405" lon="-89.9981716"/>
  <node id="2699932617" version="1" timestamp="2014-03-03T14:15:36Z" uid="1961433" user="mwrigley83" changeset="20889237" lat="38.7946163" lon="-89.9965331"/>
  <node id="2699932620" version="3" timestamp="2016-08-13T19:21:48Z" uid="3519193" user="banjavjs" changeset="41435095" lat="38.7977951" lon="-89.9963618"/>
  <node id="2699932621" version="2" timestamp="2021-07-23T15:17:05Z" uid="12955846" user="JakeEdwardsville" changeset="108500922" lat="38.7967352" lon="-89.9965059"/>
  <node id="2699932622" version="2" timestamp="2021-08-10T19:41:43Z" uid="12955846" user="JakeEdwardsville" changeset="109481746" lat="38.7964028" lon="-89.9964187"/>
  <node id="2699932623" version="1" timestamp="2014-03-03T14:15:36Z" uid="1961433" user="mwrigley83" changeset="20889237" lat="38.7965099" lon="-89.9964479"/>
  <node id="2699932624" version="1" timestamp="2014-03-03T14:15:36Z" uid="1961433" user="mwrigley83" changeset="20889237" lat="38.7972443" lon="-89.996431"/>
  <node id="2699932625" version="2" timestamp="2021-08-10T19:41:43Z" uid="12955846" user="JakeEdwardsville" changeset="109481746" lat="38.7969968" lon="-89.9964735"/>
  <node id="2699933077" version="1" timestamp="2014-03-03T14:16:42Z" uid="1961433" user="mwrigley83" changeset="20889249" lat="38.7963193" lon="-89.9966719"/>
  <node id="2699933078" version="2" timestamp="2021-08-10T19:41:43Z" uid="12955846" user="JakeEdwardsville" changeset="109481746" lat="38.7955021" lon="-89.9966774"/>
  <node id="2699933266" version="1" timestamp="2014-03-03T14:17:32Z" uid="1961433" user="mwrigley83" changeset="20889261" lat="38.7965896" lon="-89.996571"/>
  <node id="2699933268" version="2" timestamp="2021-08-10T19:41:43Z" uid="12955846" user="JakeEdwardsville" changeset="109481746" lat="38.7962399" lon="-89.9965316"/>
  <node id="2699934097" version="2" timestamp="2021-08-10T19:41:43Z" uid="12955846" user="JakeEdwardsville" changeset="109481746" lat="38.7960461" lon="-89.9966704"/>
  <node id="2699934098" version="2" timestamp="2021-06-19T16:53:58Z" uid="12955846" user="JakeEdwardsville" changeset="106639623" lat="38.7960505" lon="-89.9965611"/>
  <node id="2699934609" version="2" timestamp="2021-08-10T19:50:22Z" uid="12955846" user="JakeEdwardsville" changeset="109482033" lat="38.7955028" lon="-89.9965269"/>
  <node id="2699934610" version="2" timestamp="2021-08-10T19:50:22Z" uid="12955846" user="JakeEdwardsville" changeset="109482033" lat="38.7953517" lon="-89.9964983"/>
  <node id="2699934709" version="2" timestamp="2021-08-10T19:50:22Z" uid="12955846" user="JakeEdwardsville" changeset="109482033" lat="38.7953036" lon="-89.9965193"/>
  <node id="2699934710" version="2" timestamp="2021-07-23T15:02:18Z" uid="12955846" user="JakeEdwardsville" changeset="108500295" lat="38.7946046" lon="-89.9965131"/>
  <node id="2699934975" version="1" timestamp="2014-03-03T14:20:09Z" uid="1961433" user="mwrigley83" changeset="20889319" lat="38.795257" lon="-89.9956407"/>
  <node id="2699934978" version="2" timestamp="2021-08-10T19:41:43Z" uid="12955846" user="JakeEdwardsville" changeset="109481746" lat="38.7953509" lon="-89.9959344"/>
  <node id="2699936019" version="2" timestamp="2021-08-10T19:41:43Z" uid="12955846" user="JakeEdwardsville" changeset="109481746" lat="38.7953016" lon="-89.9957977"/>
  <node id="2699936020" version="2" timestamp="2021-08-10T19:41:43Z" uid="12955846" user="JakeEdwardsville" changeset="109481746" lat="38.7951768" lon="-89.9958368"/>
  <node id="2699936108" version="2" timestamp="2021-08-07T19:14:02Z" uid="12955846" user="JakeEdwardsville" changeset="109322874" lat="38.794136" lon="-89.9957728"/>
  <node id="2699936109" version="2" timestamp="2021-08-07T19:14:02Z" uid="12955846" user="JakeEdwardsville" changeset="109322874" lat="38.79406" lon="-89.996053"/>
  <node id="2699939149" version="4" timestamp="2021-06-19T16:53:58Z" uid="12955846" user="JakeEdwardsville" changeset="106639623" lat="38.7944055" lon="-89.9990124"/>
  <node id="2699939151" version="4" timestamp="2021-06-19T16:53:58Z" uid="12955846" user="JakeEdwardsville" changeset="106639623" lat="38.7944614" lon="-89.9990122"/>
  <node id="2699939153" version="4" timestamp="2021-06-19T16:53:58Z" uid="12955846" user="JakeEdwardsville" changeset="106639623" lat="38.7944612" lon="-89.9989415"/>
  <node id="2699939155" version="4" timestamp="2021-06-19T16:53:58Z" uid="12955846" user="JakeEdwardsville" changeset="106639623" lat="38.7944059" lon="-89.9989407"/>
  <node id="2699939158" version="4" timestamp="2021-06-19T16:53:58Z" uid="12955846" user="JakeEdwardsville" changeset="106639623" lat="38.7944056" lon="-89.9987676"/>
  <node id="2699939160" version="4" timestamp="2021-06-19T16:53:58Z" uid="12955846" user="JakeEdwardsville" changeset="106639623" lat="38.7944614" lon="-89.9987665"/>
  <node id="2699939161" version="4" timestamp="2021-06-19T16:53:58Z" uid="12955846" user="JakeEdwardsville" changeset="106639623" lat="38.7944614" lon="-89.9986956"/>
  <node id="2699939163" version="4" timestamp="2021-06-19T16:53:58Z" uid="12955846" user="JakeEdwardsville" changeset="106639623" lat="38.7944061" lon="-89.9986941"/>
  <node id="2699939166" version="4" timestamp="2021-06-19T16:53:58Z" uid="12955846" user="JakeEdwardsville" changeset="106639623" lat="38.7944075" lon="-89.9986004"/>
  <node id="2699939168" version="4" timestamp="2021-06-19T16:53:58Z" uid="12955846" user="JakeEdwardsville" changeset="106639623" lat="38.7943092" lon="-89.998602"/>
  <node id="2699939170" version="4" timestamp="2021-06-19T16:53:58Z" uid="12955846" user="JakeEdwardsville" changeset="106639623" lat="38.7943097" lon="-89.9985745"/>
  <node id="2699939172" version="4" timestamp="2021-06-19T16:53:58Z" uid="12955846" user="JakeEdwardsville" changeset="106639623" lat="38.7943296" lon="-89.9985751"/>
  <node id="2699939174" version="4" timestamp="2021-06-19T16:53:58Z" uid="12955846" user="JakeEdwardsville" changeset="106639623" lat="38.7943295" lon="-89.9985144"/>
  <node id="2699939176" version="4" timestamp="2021-06-19T16:53:58Z" uid="12955846" user="JakeEdwardsville" changeset="106639623" lat="38.7941414" lon="-89.9985143"/>
  <node id="2699939178" version="4" timestamp="2021-06-19T16:53:58Z" uid="12955846" user="JakeEdwardsville" changeset="106639623" lat="38.7941412" lon="-89.9985738"/>
  <node id="2699939180" version="4" timestamp="2021-06-19T16:53:58Z" uid="12955846" user="JakeEdwardsville" changeset="106639623" lat="38.7941609" lon="-89.9985748"/>
  <node id="2699939182" version="4" timestamp="2021-06-19T16:53:58Z" uid="12955846" user="JakeEdwardsville" changeset="106639623" lat="38.7941606" lon="-89.9986005"/>
  <node id="2699939185" version="4" timestamp="2021-06-19T16:53:58Z" uid="12955846" user="JakeEdwardsville" changeset="106639623" lat="38.794064" lon="-89.9986009"/>
  <node id="2699939187" version="4" timestamp="2021-06-19T16:53:58Z" uid="12955846" user="JakeEdwardsville" changeset="106639623" lat="38.7940639" lon="-89.998696"/>
  <node id="2699939189" version="4" timestamp="2021-06-19T16:53:58Z" uid="12955846" user="JakeEdwardsville" changeset="106639623" lat="38.7940094" lon="-89.9986966"/>
  <node id="2699939191" version="4" timestamp="2021-06-19T16:53:58Z" uid="12955846" user="JakeEdwardsville" changeset="106639623" lat="38.7940094" lon="-89.9987673"/>
  <node id="2699939192" version="4" timestamp="2021-06-19T16:53:58Z" uid="12955846" user="JakeEdwardsville" changeset="106639623" lat="38.7940645" lon="-89.9987676"/>
  <node id="2699939194" version="4" timestamp="2021-06-19T16:53:58Z" uid="12955846" user="JakeEdwardsville" changeset="106639623" lat="38.7940644" lon="-89.9989411"/>
  <node id="2699939196" version="4" timestamp="2021-06-19T16:53:58Z" uid="12955846" user="JakeEdwardsville" changeset="106639623" lat="38.7940094" lon="-89.9989421"/>
  <node id="2699939198" version="4" timestamp="2021-06-19T16:53:58Z" uid="12955846" user="JakeEdwardsville" changeset="106639623" lat="38.7940087" lon="-89.9990125"/>
  <node id="2699939200" version="4" timestamp="2021-06-19T16:53:58Z" uid="12955846" user="JakeEdwardsville" changeset="106639623" lat="38.7940654" lon="-89.9990135"/>
  <node id="2699939202" version="4" timestamp="2021-06-19T16:53:58Z" uid="12955846" user="JakeEdwardsville" changeset="106639623" lat="38.7940644" lon="-89.9991073"/>
  <node id="2699939203" version="5" timestamp="2021-06-19T16:53:58Z" uid="12955846" user="JakeEdwardsville" changeset="106639623" lat="38.7941525" lon="-89.999135"/>
  <node id="2699939205" version="4" timestamp="2021-06-19T16:53:58Z" uid="12955846" user="JakeEdwardsville" changeset="106639623" lat="38.7941519" lon="-89.9992711"/>
  <node id="2699939207" version="4" timestamp="2021-06-19T16:53:58Z" uid="12955846" user="JakeEdwardsville" changeset="106639623" lat="38.7940947" lon="-89.9992715"/>
  <node id="2699939209" version="4" timestamp="2021-06-19T16:53:58Z" uid="12955846" user="JakeEdwardsville" changeset="106639623" lat="38.7940945" lon="-89.9993793"/>
  <node id="2699939211" version="4" timestamp="2021-06-19T16:53:58Z" uid="12955846" user="JakeEdwardsville" changeset="106639623" lat="38.7940338" lon="-89.9993794"/>
  <node id="2699939213" version="4" timestamp="2021-06-19T16:53:58Z" uid="12955846" user="JakeEdwardsville" changeset="106639623" lat="38.7940346" lon="-89.9993212"/>
  <node id="2699939215" version="4" timestamp="2021-06-19T16:53:58Z" uid="12955846" user="JakeEdwardsville" changeset="106639623" lat="38.7938295" lon="-89.9993201"/>
  <node id="2699939217" version="4" timestamp="2021-06-19T16:53:58Z" uid="12955846" user="JakeEdwardsville" changeset="106639623" lat="38.7938321" lon="-89.999521"/>
  <node id="2699939219" version="4" timestamp="2021-06-19T16:53:58Z" uid="12955846" user="JakeEdwardsville" changeset="106639623" lat="38.7937824" lon="-89.9995211"/>
  <node id="2699939220" version="4" timestamp="2021-06-19T16:53:58Z" uid="12955846" user="JakeEdwardsville" changeset="106639623" lat="38.7937816" lon="-89.9995569"/>
  <node id="2699939222" version="4" timestamp="2021-06-19T16:53:58Z" uid="12955846" user="JakeEdwardsville" changeset="106639623" lat="38.7938325" lon="-89.9995568"/>
  <node id="2699939224" version="4" timestamp="2021-06-19T16:53:58Z" uid="12955846" user="JakeEdwardsville" changeset="106639623" lat="38.7938315" lon="-89.99965"/>
  <node id="2699939226" version="4" timestamp="2021-06-19T16:53:58Z" uid="12955846" user="JakeEdwardsville" changeset="106639623" lat="38.7940346" lon="-89.9996485"/>
  <node id="2699939228" version="4" timestamp="2021-06-19T16:53:58Z" uid="12955846" user="JakeEdwardsville" changeset="106639623" lat="38.7940333" lon="-89.9995208"/>
  <node id="2699939230" version="4" timestamp="2021-06-19T16:53:58Z" uid="12955846" user="JakeEdwardsville" changeset="106639623" lat="38.7940956" lon="-89.999521"/>
  <node id="2699939232" version="4" timestamp="2021-06-19T16:53:58Z" uid="12955846" user="JakeEdwardsville" changeset="106639623" lat="38.7940945" lon="-89.9996313"/>
  <node id="2699939234" version="4" timestamp="2021-06-19T16:53:58Z" uid="12955846" user="JakeEdwardsville" changeset="106639623" lat="38.794376" lon="-89.9996305"/>
  <node id="2699939236" version="4" timestamp="2021-06-19T16:53:58Z" uid="12955846" user="JakeEdwardsville" changeset="106639623" lat="38.7943772" lon="-89.9992703"/>
  <node id="2699939238" version="4" timestamp="2021-06-19T16:53:58Z" uid="12955846" user="JakeEdwardsville" changeset="106639623" lat="38.7943181" lon="-89.9992709"/>
  <node id="2699939240" version="5" timestamp="2021-06-19T16:53:58Z" uid="12955846" user="JakeEdwardsville" changeset="106639623" lat="38.7943098" lon="-89.9991065"/>
  <node id="2699939242" version="4" timestamp="2021-06-19T16:53:58Z" uid="12955846" user="JakeEdwardsville" changeset="106639623" lat="38.794406" lon="-89.9991072"/>
  <node id="2699943178" version="3" timestamp="2021-06-19T16:53:58Z" uid="12955846" user="JakeEdwardsville" changeset="106639623" lat="38.7941358" lon="-89.9966772"/>
  <node id="2699943179" version="3" timestamp="2021-06-19T16:53:58Z" uid="12955846" user="JakeEdwardsville" changeset="106639623" lat="38.7941871" lon="-89.9966776"/>
  <node id="2699943180" version="3" timestamp="2021-06-19T16:53:58Z" uid="12955846" user="JakeEdwardsville" changeset="106639623" lat="38.7941869" lon="-89.996642"/>
  <node id="2699943181" version="3" timestamp="2021-06-19T16:53:58Z" uid="12955846" user="JakeEdwardsville" changeset="106639623" lat="38.7941362" lon="-89.996641"/>
  <node id="2699943182" version="3" timestamp="2021-06-19T16:53:58Z" uid="12955846" user="JakeEdwardsville" changeset="106639623" lat="38.7941367" lon="-89.9965479"/>
  <node id="2699943183" version="3" timestamp="2021-06-19T16:53:58Z" uid="12955846" user="JakeEdwardsville" changeset="106639623" lat="38.7939342" lon="-89.9965472"/>
  <node id="2699943184" version="3" timestamp="2021-06-19T16:53:58Z" uid="12955846" user="JakeEdwardsville" changeset="106639623" lat="38.7939338" lon="-89.9966411"/>
  <node id="2699943185" version="3" timestamp="2021-06-19T16:53:58Z" uid="12955846" user="JakeEdwardsville" changeset="106639623" lat="38.7939143" lon="-89.9966416"/>
  <node id="2699943186" version="3" timestamp="2021-06-19T16:53:58Z" uid="12955846" user="JakeEdwardsville" changeset="106639623" lat="38.7939146" lon="-89.9965696"/>
  <node id="2699943187" version="3" timestamp="2021-06-19T16:53:58Z" uid="12955846" user="JakeEdwardsville" changeset="106639623" lat="38.7938893" lon="-89.9965691"/>
  <node id="2699943188" version="3" timestamp="2021-06-19T16:53:58Z" uid="12955846" user="JakeEdwardsville" changeset="106639623" lat="38.7938897" lon="-89.9964781"/>
  <node id="2699943189" version="3" timestamp="2021-06-19T16:53:58Z" uid="12955846" user="JakeEdwardsville" changeset="106639623" lat="38.7938716" lon="-89.9964777"/>
  <node id="2699943190" version="3" timestamp="2021-06-19T16:53:58Z" uid="12955846" user="JakeEdwardsville" changeset="106639623" lat="38.7938715" lon="-89.9964278"/>
  <node id="2699943191" version="3" timestamp="2021-06-19T16:53:58Z" uid="12955846" user="JakeEdwardsville" changeset="106639623" lat="38.7940505" lon="-89.9964279"/>
  <node id="2699943192" version="3" timestamp="2021-06-19T16:53:58Z" uid="12955846" user="JakeEdwardsville" changeset="106639623" lat="38.7940507" lon="-89.9963915"/>
  <node id="2699943193" version="3" timestamp="2021-06-19T16:53:58Z" uid="12955846" user="JakeEdwardsville" changeset="106639623" lat="38.7941646" lon="-89.9963921"/>
  <node id="2699943194" version="3" timestamp="2021-06-19T16:53:58Z" uid="12955846" user="JakeEdwardsville" changeset="106639623" lat="38.7941632" lon="-89.9961697"/>
  <node id="2699943195" version="3" timestamp="2021-06-19T16:53:58Z" uid="12955846" user="JakeEdwardsville" changeset="106639623" lat="38.7940505" lon="-89.9961701"/>
  <node id="2699943196" version="3" timestamp="2021-06-19T16:53:58Z" uid="12955846" user="JakeEdwardsville" changeset="106639623" lat="38.7940494" lon="-89.9960696"/>
  <node id="2699943197" version="3" timestamp="2021-06-19T16:53:58Z" uid="12955846" user="JakeEdwardsville" changeset="106639623" lat="38.7940079" lon="-89.99607"/>
  <node id="2699943198" version="3" timestamp="2021-06-19T16:53:58Z" uid="12955846" user="JakeEdwardsville" changeset="106639623" lat="38.794008" lon="-89.9961347"/>
  <node id="2699943199" version="3" timestamp="2021-06-19T16:53:58Z" uid="12955846" user="JakeEdwardsville" changeset="106639623" lat="38.7938279" lon="-89.9961332"/>
  <node id="2699943200" version="3" timestamp="2021-06-19T16:53:58Z" uid="12955846" user="JakeEdwardsville" changeset="106639623" lat="38.7938277" lon="-89.9961691"/>
  <node id="2699943201" version="3" timestamp="2021-06-19T16:53:58Z" uid="12955846" user="JakeEdwardsville" changeset="106639623" lat="38.7937147" lon="-89.9961696"/>
  <node id="2699943202" version="3" timestamp="2021-06-19T16:53:58Z" uid="12955846" user="JakeEdwardsville" changeset="106639623" lat="38.7937158" lon="-89.9963913"/>
  <node id="2699943203" version="3" timestamp="2021-06-19T16:53:58Z" uid="12955846" user="JakeEdwardsville" changeset="106639623" lat="38.7937739" lon="-89.996392"/>
  <node id="2699943204" version="3" timestamp="2021-06-19T16:53:58Z" uid="12955846" user="JakeEdwardsville" changeset="106639623" lat="38.7937745" lon="-89.9964789"/>
  <node id="2699943205" version="3" timestamp="2021-06-19T16:53:58Z" uid="12955846" user="JakeEdwardsville" changeset="106639623" lat="38.7937557" lon="-89.9964778"/>
  <node id="2699943206" version="3" timestamp="2021-06-19T16:53:58Z" uid="12955846" user="JakeEdwardsville" changeset="106639623" lat="38.7937563" lon="-89.99657"/>
  <node id="2699943207" version="3" timestamp="2021-06-19T16:53:58Z" uid="12955846" user="JakeEdwardsville" changeset="106639623" lat="38.7936885" lon="-89.99657"/>
  <node id="2699943208" version="3" timestamp="2021-06-19T16:53:58Z" uid="12955846" user="JakeEdwardsville" changeset="106639623" lat="38.7936887" lon="-89.9964951"/>
  <node id="2699943209" version="3" timestamp="2021-06-19T16:53:58Z" uid="12955846" user="JakeEdwardsville" changeset="106639623" lat="38.7935141" lon="-89.9964954"/>
  <node id="2699943210" version="3" timestamp="2021-06-19T16:53:58Z" uid="12955846" user="JakeEdwardsville" changeset="106639623" lat="38.7935141" lon="-89.9966392"/>
  <node id="2699943211" version="3" timestamp="2021-06-19T16:53:58Z" uid="12955846" user="JakeEdwardsville" changeset="106639623" lat="38.7934852" lon="-89.9966394"/>
  <node id="2699943212" version="3" timestamp="2021-06-19T16:53:58Z" uid="12955846" user="JakeEdwardsville" changeset="106639623" lat="38.7934859" lon="-89.996869"/>
  <node id="2699943213" version="3" timestamp="2021-06-19T16:53:58Z" uid="12955846" user="JakeEdwardsville" changeset="106639623" lat="38.7934367" lon="-89.99687"/>
  <node id="2699943214" version="3" timestamp="2021-06-19T16:53:58Z" uid="12955846" user="JakeEdwardsville" changeset="106639623" lat="38.7934366" lon="-89.9969228"/>
  <node id="2699943215" version="3" timestamp="2021-06-19T16:53:58Z" uid="12955846" user="JakeEdwardsville" changeset="106639623" lat="38.793515" lon="-89.9969227"/>
  <node id="2699943216" version="3" timestamp="2021-06-19T16:53:58Z" uid="12955846" user="JakeEdwardsville" changeset="106639623" lat="38.7935144" lon="-89.9970684"/>
  <node id="2699943217" version="3" timestamp="2021-06-19T16:53:58Z" uid="12955846" user="JakeEdwardsville" changeset="106639623" lat="38.7936886" lon="-89.997069"/>
  <node id="2699943218" version="3" timestamp="2021-06-19T16:53:58Z" uid="12955846" user="JakeEdwardsville" changeset="106639623" lat="38.7936882" lon="-89.9969238"/>
  <node id="2699943219" version="3" timestamp="2021-06-19T16:53:58Z" uid="12955846" user="JakeEdwardsville" changeset="106639623" lat="38.7937171" lon="-89.9969244"/>
  <node id="2699943221" version="3" timestamp="2021-06-19T16:53:58Z" uid="12955846" user="JakeEdwardsville" changeset="106639623" lat="38.7937177" lon="-89.9966955"/>
  <node id="2699943222" version="3" timestamp="2021-06-19T16:53:58Z" uid="12955846" user="JakeEdwardsville" changeset="106639623" lat="38.793757" lon="-89.9966948"/>
  <node id="2699943224" version="3" timestamp="2021-06-19T16:53:58Z" uid="12955846" user="JakeEdwardsville" changeset="106639623" lat="38.793756" lon="-89.9968053"/>
  <node id="2699943226" version="3" timestamp="2021-06-19T16:53:58Z" uid="12955846" user="JakeEdwardsville" changeset="106639623" lat="38.7938878" lon="-89.9968049"/>
  <node id="2699943228" version="3" timestamp="2021-06-19T16:53:58Z" uid="12955846" user="JakeEdwardsville" changeset="106639623" lat="38.793888" lon="-89.9967476"/>
  <node id="2699943230" version="3" timestamp="2021-06-19T16:53:58Z" uid="12955846" user="JakeEdwardsville" changeset="106639623" lat="38.793935" lon="-89.9967484"/>
  <node id="2699943232" version="3" timestamp="2021-06-19T16:53:58Z" uid="12955846" user="JakeEdwardsville" changeset="106639623" lat="38.793935" lon="-89.9968752"/>
  <node id="2699949344" version="2" timestamp="2014-03-03T19:09:44Z" uid="1961433" user="mwrigley83" changeset="20895092" lat="38.7947385" lon="-89.9958419"/>
  <node id="2699949349" version="3" timestamp="2021-06-19T16:53:58Z" uid="12955846" user="JakeEdwardsville" changeset="106639623" lat="38.7947366" lon="-89.9959238"/>
  <node id="2699949351" version="3" timestamp="2021-06-19T16:53:58Z" uid="12955846" user="JakeEdwardsville" changeset="106639623" lat="38.7947857" lon="-89.9958817"/>
  <node id="2699949353" version="3" timestamp="2021-06-19T16:53:58Z" uid="12955846" user="JakeEdwardsville" changeset="106639623" lat="38.7947862" lon="-89.9959232"/>
  <node id="2699949355" version="3" timestamp="2021-06-19T16:53:58Z" uid="12955846" user="JakeEdwardsville" changeset="106639623" lat="38.7951247" lon="-89.9959241"/>
  <node id="2699949357" version="3" timestamp="2021-06-19T16:53:58Z" uid="12955846" user="JakeEdwardsville" changeset="106639623" lat="38.7951247" lon="-89.9958833"/>
  <node id="2699949359" version="3" timestamp="2021-06-19T16:53:58Z" uid="12955846" user="JakeEdwardsville" changeset="106639623" lat="38.7951701" lon="-89.9958846"/>
  <node id="2699949362" version="3" timestamp="2021-06-19T16:53:58Z" uid="12955846" user="JakeEdwardsville" changeset="106639623" lat="38.7951704" lon="-89.9959219"/>
  <node id="2699949364" version="3" timestamp="2021-06-19T16:53:58Z" uid="12955846" user="JakeEdwardsville" changeset="106639623" lat="38.795287" lon="-89.995922"/>
  <node id="2699949366" version="3" timestamp="2021-06-19T16:53:58Z" uid="12955846" user="JakeEdwardsville" changeset="106639623" lat="38.7952868" lon="-89.996426"/>
  <node id="2699949368" version="3" timestamp="2021-06-19T16:53:58Z" uid="12955846" user="JakeEdwardsville" changeset="106639623" lat="38.7951712" lon="-89.9964267"/>
  <node id="2699949370" version="3" timestamp="2021-06-19T16:53:58Z" uid="12955846" user="JakeEdwardsville" changeset="106639623" lat="38.7951714" lon="-89.996481"/>
  <node id="2699949372" version="3" timestamp="2021-06-19T16:53:58Z" uid="12955846" user="JakeEdwardsville" changeset="106639623" lat="38.7951195" lon="-89.996482"/>
  <node id="2699949374" version="3" timestamp="2021-06-19T16:53:58Z" uid="12955846" user="JakeEdwardsville" changeset="106639623" lat="38.7951208" lon="-89.996426"/>
  <node id="2699949377" version="3" timestamp="2021-06-19T16:53:58Z" uid="12955846" user="JakeEdwardsville" changeset="106639623" lat="38.7947892" lon="-89.9964253"/>
  <node id="2699949379" version="3" timestamp="2021-06-19T16:53:58Z" uid="12955846" user="JakeEdwardsville" changeset="106639623" lat="38.7947882" lon="-89.9964818"/>
  <node id="2699949381" version="3" timestamp="2021-06-19T16:53:58Z" uid="12955846" user="JakeEdwardsville" changeset="106639623" lat="38.7947353" lon="-89.9964807"/>
  <node id="2699949383" version="3" timestamp="2021-06-19T16:53:58Z" uid="12955846" user="JakeEdwardsville" changeset="106639623" lat="38.7947342" lon="-89.9964254"/>
  <node id="2699949385" version="4" timestamp="2021-08-10T19:41:43Z" uid="12955846" user="JakeEdwardsville" changeset="109481746" lat="38.7946223" lon="-89.996426"/>
  <node id="2699949392" version="3" timestamp="2021-06-19T16:53:58Z" uid="12955846" user="JakeEdwardsville" changeset="106639623" lat="38.7946215" lon="-89.9962886"/>
  <node id="2699949395" version="3" timestamp="2021-06-19T16:53:58Z" uid="12955846" user="JakeEdwardsville" changeset="106639623" lat="38.7945505" lon="-89.9962889"/>
  <node id="2699949397" version="3" timestamp="2021-06-19T16:53:58Z" uid="12955846" user="JakeEdwardsville" changeset="106639623" lat="38.7945511" lon="-89.9962228"/>
  <node id="2699949399" version="3" timestamp="2021-06-19T16:53:58Z" uid="12955846" user="JakeEdwardsville" changeset="106639623" lat="38.7945402" lon="-89.9962226"/>
  <node id="2699949401" version="3" timestamp="2021-06-19T16:53:58Z" uid="12955846" user="JakeEdwardsville" changeset="106639623" lat="38.7945405" lon="-89.9961625"/>
  <node id="2699949403" version="3" timestamp="2021-06-19T16:53:58Z" uid="12955846" user="JakeEdwardsville" changeset="106639623" lat="38.7946209" lon="-89.9961734"/>
  <node id="2699950500" version="5" timestamp="2021-06-19T16:53:58Z" uid="12955846" user="JakeEdwardsville" changeset="106639623" lat="38.7955277" lon="-89.9962764"/>
  <node id="2699950502" version="4" timestamp="2021-06-19T16:53:58Z" uid="12955846" user="JakeEdwardsville" changeset="106639623" lat="38.7952869" lon="-89.9962761"/>
  <node id="2699950504" version="4" timestamp="2021-06-19T16:53:58Z" uid="12955846" user="JakeEdwardsville" changeset="106639623" lat="38.7952862" lon="-89.9961347"/>
  <node id="2699950506" version="4" timestamp="2021-06-19T16:53:58Z" uid="12955846" user="JakeEdwardsville" changeset="106639623" lat="38.7955276" lon="-89.9961355"/>
  <node id="2699952773" version="3" timestamp="2021-06-19T16:53:58Z" uid="12955846" user="JakeEdwardsville" changeset="106639623" lat="38.7956443" lon="-89.9960105"/>
  <node id="2699952774" version="3" timestamp="2021-06-19T16:53:58Z" uid="12955846" user="JakeEdwardsville" changeset="106639623" lat="38.7956442" lon="-89.9960815"/>
  <node id="2699952775" version="3" timestamp="2021-06-19T16:53:58Z" uid="12955846" user="JakeEdwardsville" changeset="106639623" lat="38.7956917" lon="-89.9960812"/>
  <node id="2699952776" version="3" timestamp="2021-06-19T16:53:58Z" uid="12955846" user="JakeEdwardsville" changeset="106639623" lat="38.7956918" lon="-89.9960083"/>
  <node id="2699952777" version="3" timestamp="2021-06-19T16:53:58Z" uid="12955846" user="JakeEdwardsville" changeset="106639623" lat="38.7960284" lon="-89.9960102"/>
  <node id="2699952778" version="3" timestamp="2021-06-19T16:53:58Z" uid="12955846" user="JakeEdwardsville" changeset="106639623" lat="38.7960281" lon="-89.9960818"/>
  <node id="2699952779" version="3" timestamp="2021-06-19T16:53:58Z" uid="12955846" user="JakeEdwardsville" changeset="106639623" lat="38.7960765" lon="-89.9960817"/>
  <node id="2699952780" version="3" timestamp="2021-06-19T16:53:58Z" uid="12955846" user="JakeEdwardsville" changeset="106639623" lat="38.7960764" lon="-89.9960092"/>
  <node id="2699952781" version="3" timestamp="2021-06-19T16:53:58Z" uid="12955846" user="JakeEdwardsville" changeset="106639623" lat="38.7961932" lon="-89.9960098"/>
  <node id="2699952782" version="3" timestamp="2021-06-19T16:53:58Z" uid="12955846" user="JakeEdwardsville" changeset="106639623" lat="38.7962104" lon="-89.9961619"/>
  <node id="2699952783" version="3" timestamp="2021-06-19T16:53:58Z" uid="12955846" user="JakeEdwardsville" changeset="106639623" lat="38.7962732" lon="-89.9961618"/>
  <node id="2699952784" version="3" timestamp="2021-06-19T16:53:58Z" uid="12955846" user="JakeEdwardsville" changeset="106639623" lat="38.7962729" lon="-89.996222"/>
  <node id="2699952785" version="3" timestamp="2021-06-19T16:53:58Z" uid="12955846" user="JakeEdwardsville" changeset="106639623" lat="38.7962619" lon="-89.9962225"/>
  <node id="2699952786" version="3" timestamp="2021-06-19T16:53:58Z" uid="12955846" user="JakeEdwardsville" changeset="106639623" lat="38.7962618" lon="-89.9962888"/>
  <node id="2699952787" version="3" timestamp="2021-06-19T16:53:58Z" uid="12955846" user="JakeEdwardsville" changeset="106639623" lat="38.7961931" lon="-89.9962893"/>
  <node id="2699952788" version="3" timestamp="2021-06-19T16:53:58Z" uid="12955846" user="JakeEdwardsville" changeset="106639623" lat="38.7961927" lon="-89.9965147"/>
  <node id="2699952789" version="3" timestamp="2021-06-19T16:53:58Z" uid="12955846" user="JakeEdwardsville" changeset="106639623" lat="38.7960705" lon="-89.9965148"/>
  <node id="2699952790" version="3" timestamp="2021-06-19T16:53:58Z" uid="12955846" user="JakeEdwardsville" changeset="106639623" lat="38.7960705" lon="-89.9965609"/>
  <node id="2699952791" version="3" timestamp="2021-06-19T16:53:58Z" uid="12955846" user="JakeEdwardsville" changeset="106639623" lat="38.7960337" lon="-89.9965613"/>
  <node id="2699952792" version="3" timestamp="2021-06-19T16:53:58Z" uid="12955846" user="JakeEdwardsville" changeset="106639623" lat="38.796034" lon="-89.9965147"/>
  <node id="2699952793" version="3" timestamp="2021-06-19T16:53:58Z" uid="12955846" user="JakeEdwardsville" changeset="106639623" lat="38.7956871" lon="-89.9965142"/>
  <node id="2699952794" version="3" timestamp="2021-06-19T16:53:58Z" uid="12955846" user="JakeEdwardsville" changeset="106639623" lat="38.7956859" lon="-89.9965606"/>
  <node id="2699952795" version="3" timestamp="2021-06-19T16:53:58Z" uid="12955846" user="JakeEdwardsville" changeset="106639623" lat="38.7956498" lon="-89.9965603"/>
  <node id="2699952796" version="3" timestamp="2021-06-19T16:53:58Z" uid="12955846" user="JakeEdwardsville" changeset="106639623" lat="38.7956504" lon="-89.9965151"/>
  <node id="2699952797" version="3" timestamp="2021-06-19T16:53:58Z" uid="12955846" user="JakeEdwardsville" changeset="106639623" lat="38.7955271" lon="-89.996514"/>
  <node id="2699954843" version="3" timestamp="2023-09-20T20:48:39Z" uid="19598846" user="wesleyote" changeset="141531316" lat="38.7938716" lon="-89.9964533">
    <tag k="entrance" v="main"/>
  </node>
  <node id="2699975944" version="4" timestamp="2021-04-26T22:17:28Z" uid="3738260" user="Zabot" changeset="103662966" lat="38.791693" lon="-89.9979286"/>
  <node id="2699975945" version="4" timestamp="2021-04-26T22:17:28Z" uid="3738260" user="Zabot" changeset="103662966" lat="38.7916029" lon="-89.9979291"/>
  <node id="2699975947" version="4" timestamp="2021-04-26T22:17:28Z" uid="3738260" user="Zabot" changeset="103662966" lat="38.7916032" lon="-89.997897"/>
  <node id="2699975949" version="4" timestamp="2021-04-26T22:17:28Z" uid="3738260" user="Zabot" changeset="103662966" lat="38.7914108" lon="-89.9978887"/>
  <node id="2699975951" version="4" timestamp="2021-04-26T22:17:28Z" uid="3738260" user="Zabot" changeset="103662966" lat="38.7914107" lon="-89.9979286"/>
  <node id="2699975953" version="4" timestamp="2021-04-26T22:17:28Z" uid="3738260" user="Zabot" changeset="103662966" lat="38.7912303" lon="-89.9979148"/>
  <node id="2699975954" version="4" timestamp="2021-04-26T22:17:28Z" uid="3738260" user="Zabot" changeset="103662966" lat="38.7912293" lon="-89.9979866"/>
  <node id="2699975956" version="4" timestamp="2021-04-26T22:17:28Z" uid="3738260" user="Zabot" changeset="103662966" lat="38.7912031" lon="-89.9979865"/>
  <node id="2699975959" version="4" timestamp="2021-04-26T22:17:28Z" uid="3738260" user="Zabot" changeset="103662966" lat="38.7912025" lon="-89.9980503"/>
  <node id="2699975960" version="4" timestamp="2021-04-26T22:17:28Z" uid="3738260" user="Zabot" changeset="103662966" lat="38.791231" lon="-89.9980495"/>
  <node id="2699975962" version="4" timestamp="2021-04-26T22:17:28Z" uid="3738260" user="Zabot" changeset="103662966" lat="38.791231" lon="-89.9982074"/>
  <node id="2699975964" version="4" timestamp="2021-04-26T22:17:28Z" uid="3738260" user="Zabot" changeset="103662966" lat="38.7912019" lon="-89.9982076"/>
  <node id="2699975966" version="4" timestamp="2021-04-26T22:17:28Z" uid="3738260" user="Zabot" changeset="103662966" lat="38.7912014" lon="-89.9983694"/>
  <node id="2699975967" version="4" timestamp="2021-04-26T22:17:28Z" uid="3738260" user="Zabot" changeset="103662966" lat="38.7914102" lon="-89.9983704"/>
  <node id="2699975969" version="4" timestamp="2021-04-26T22:17:28Z" uid="3738260" user="Zabot" changeset="103662966" lat="38.7914104" lon="-89.99841"/>
  <node id="2699975972" version="4" timestamp="2021-04-26T22:17:28Z" uid="3738260" user="Zabot" changeset="103662966" lat="38.7914702" lon="-89.9984103"/>
  <node id="2699975973" version="4" timestamp="2021-04-26T22:17:28Z" uid="3738260" user="Zabot" changeset="103662966" lat="38.7914707" lon="-89.9984538"/>
  <node id="2699975975" version="4" timestamp="2021-04-26T22:17:28Z" uid="3738260" user="Zabot" changeset="103662966" lat="38.7918517" lon="-89.9984541"/>
  <node id="2699975977" version="4" timestamp="2021-04-26T22:17:28Z" uid="3738260" user="Zabot" changeset="103662966" lat="38.791851" lon="-89.9983258"/>
  <node id="2699975978" version="4" timestamp="2021-04-26T22:17:28Z" uid="3738260" user="Zabot" changeset="103662966" lat="38.7918109" lon="-89.9983252"/>
  <node id="2699975980" version="5" timestamp="2021-06-19T16:53:58Z" uid="12955846" user="JakeEdwardsville" changeset="106639623" lat="38.7918113" lon="-89.9981943"/>
  <node id="2699980117" version="3" timestamp="2021-06-19T16:53:58Z" uid="12955846" user="JakeEdwardsville" changeset="106639623" lat="38.7927383" lon="-89.9967205"/>
  <node id="2699980118" version="3" timestamp="2022-10-26T18:39:50Z" uid="7261026" user="Falkner09" changeset="128097594" lat="38.7926605" lon="-89.9967194"/>
  <node id="2699980121" version="2" timestamp="2021-04-27T06:30:35Z" uid="3738260" user="Zabot" changeset="103679062" lat="38.7927389" lon="-89.9963547"/>
  <node id="2699980122" version="2" timestamp="2021-04-27T06:30:35Z" uid="3738260" user="Zabot" changeset="103679062" lat="38.792739" lon="-89.9959817"/>
  <node id="2699980124" version="2" timestamp="2021-04-27T06:30:35Z" uid="3738260" user="Zabot" changeset="103679062" lat="38.7925304" lon="-89.9959821"/>
  <node id="2699980125" version="2" timestamp="2021-04-27T06:30:35Z" uid="3738260" user="Zabot" changeset="103679062" lat="38.7925299" lon="-89.9961659"/>
  <node id="2699980127" version="2" timestamp="2021-04-27T06:30:35Z" uid="3738260" user="Zabot" changeset="103679062" lat="38.792454" lon="-89.9961659"/>
  <node id="2699980129" version="2" timestamp="2021-04-27T06:30:35Z" uid="3738260" user="Zabot" changeset="103679062" lat="38.7924542" lon="-89.996296"/>
  <node id="2699980134" version="2" timestamp="2021-04-27T06:30:35Z" uid="3738260" user="Zabot" changeset="103679062" lat="38.7923616" lon="-89.9962959"/>
  <node id="2699980136" version="2" timestamp="2021-04-27T06:30:35Z" uid="3738260" user="Zabot" changeset="103679062" lat="38.7923172" lon="-89.9966767"/>
  <node id="2699980138" version="3" timestamp="2021-06-19T16:53:58Z" uid="12955846" user="JakeEdwardsville" changeset="106639623" lat="38.7923164" lon="-89.9967542"/>
  <node id="2699980139" version="2" timestamp="2021-04-27T06:30:35Z" uid="3738260" user="Zabot" changeset="103679062" lat="38.7923452" lon="-89.9968717"/>
  <node id="2699980141" version="3" timestamp="2021-06-19T16:53:58Z" uid="12955846" user="JakeEdwardsville" changeset="106639623" lat="38.7924495" lon="-89.9968714"/>
  <node id="2699980143" version="3" timestamp="2021-06-19T16:53:58Z" uid="12955846" user="JakeEdwardsville" changeset="106639623" lat="38.792448" lon="-89.9969854"/>
  <node id="2699981344" version="1" timestamp="2014-03-03T14:49:36Z" uid="1961433" user="mwrigley83" changeset="20889827" lat="38.793333" lon="-89.9965945"/>
  <node id="2699984926" version="3" timestamp="2021-06-19T16:53:58Z" uid="12955846" user="JakeEdwardsville" changeset="106639623" lat="38.7935108" lon="-89.9985114"/>
  <node id="2699984928" version="3" timestamp="2021-06-19T16:53:58Z" uid="12955846" user="JakeEdwardsville" changeset="106639623" lat="38.7931699" lon="-89.9985104"/>
  <node id="2699984929" version="3" timestamp="2021-06-19T16:53:58Z" uid="12955846" user="JakeEdwardsville" changeset="106639623" lat="38.7931702" lon="-89.998728"/>
  <node id="2699984931" version="3" timestamp="2021-06-19T16:53:58Z" uid="12955846" user="JakeEdwardsville" changeset="106639623" lat="38.7930518" lon="-89.9987286"/>
  <node id="2699984932" version="3" timestamp="2021-06-19T16:53:58Z" uid="12955846" user="JakeEdwardsville" changeset="106639623" lat="38.7930511" lon="-89.9988414"/>
  <node id="2699984934" version="3" timestamp="2021-06-19T16:53:58Z" uid="12955846" user="JakeEdwardsville" changeset="106639623" lat="38.7928722" lon="-89.9988441"/>
  <node id="2699984936" version="3" timestamp="2021-06-19T16:53:58Z" uid="12955846" user="JakeEdwardsville" changeset="106639623" lat="38.7928721" lon="-89.9987928"/>
  <node id="2699984937" version="3" timestamp="2021-06-19T16:53:58Z" uid="12955846" user="JakeEdwardsville" changeset="106639623" lat="38.792782" lon="-89.9987919"/>
  <node id="2699984939" version="3" timestamp="2021-06-19T16:53:58Z" uid="12955846" user="JakeEdwardsville" changeset="106639623" lat="38.7927823" lon="-89.9989721"/>
  <node id="2699984941" version="3" timestamp="2021-06-19T16:53:58Z" uid="12955846" user="JakeEdwardsville" changeset="106639623" lat="38.7928331" lon="-89.998972"/>
  <node id="2699984942" version="3" timestamp="2021-06-19T16:53:58Z" uid="12955846" user="JakeEdwardsville" changeset="106639623" lat="38.7928306" lon="-89.9992801"/>
  <node id="2699984944" version="3" timestamp="2021-06-19T16:53:58Z" uid="12955846" user="JakeEdwardsville" changeset="106639623" lat="38.7930281" lon="-89.9992808"/>
  <node id="2699984945" version="3" timestamp="2021-06-19T16:53:58Z" uid="12955846" user="JakeEdwardsville" changeset="106639623" lat="38.793028" lon="-89.9993473"/>
  <node id="2699984947" version="3" timestamp="2021-06-19T16:53:58Z" uid="12955846" user="JakeEdwardsville" changeset="106639623" lat="38.7930744" lon="-89.9993471"/>
  <node id="2699984952" version="3" timestamp="2021-06-19T16:53:58Z" uid="12955846" user="JakeEdwardsville" changeset="106639623" lat="38.7930743" lon="-89.9992795"/>
  <node id="2699984954" version="3" timestamp="2021-06-19T16:53:58Z" uid="12955846" user="JakeEdwardsville" changeset="106639623" lat="38.7932121" lon="-89.9992798"/>
  <node id="2699984956" version="3" timestamp="2021-06-19T16:53:58Z" uid="12955846" user="JakeEdwardsville" changeset="106639623" lat="38.7932121" lon="-89.9993489"/>
  <node id="2699984957" version="3" timestamp="2021-06-19T16:53:58Z" uid="12955846" user="JakeEdwardsville" changeset="106639623" lat="38.7934697" lon="-89.999348"/>
  <node id="2699984959" version="3" timestamp="2021-06-19T16:53:58Z" uid="12955846" user="JakeEdwardsville" changeset="106639623" lat="38.793469" lon="-89.9992993"/>
  <node id="2699984960" version="3" timestamp="2021-06-19T16:53:58Z" uid="12955846" user="JakeEdwardsville" changeset="106639623" lat="38.7935951" lon="-89.9992999"/>
  <node id="2699984962" version="3" timestamp="2021-06-19T16:53:58Z" uid="12955846" user="JakeEdwardsville" changeset="106639623" lat="38.7935953" lon="-89.9988526"/>
  <node id="2699984964" version="4" timestamp="2021-06-19T16:53:58Z" uid="12955846" user="JakeEdwardsville" changeset="106639623" lat="38.7936297" lon="-89.9988524"/>
  <node id="2699984965" version="3" timestamp="2021-06-19T16:53:58Z" uid="12955846" user="JakeEdwardsville" changeset="106639623" lat="38.7936289" lon="-89.9987286"/>
  <node id="2699993731" version="1" timestamp="2014-03-03T14:55:33Z" uid="1961433" user="mwrigley83" changeset="20889928" lat="38.796809" lon="-90.0003518"/>
  <node id="2699993735" version="1" timestamp="2014-03-03T14:55:33Z" uid="1961433" user="mwrigley83" changeset="20889928" lat="38.7966595" lon="-90.0003368"/>
  <node id="2699993738" version="1" timestamp="2014-03-03T14:55:33Z" uid="1961433" user="mwrigley83" changeset="20889928" lat="38.7965847" lon="-90.0003758"/>
  <node id="2700000713" version="2" timestamp="2021-06-19T16:53:58Z" uid="12955846" user="JakeEdwardsville" changeset="106639623" lat="38.7964254" lon="-89.9995068"/>
  <node id="2700000715" version="3" timestamp="2021-06-19T16:53:58Z" uid="12955846" user="JakeEdwardsville" changeset="106639623" lat="38.7963505" lon="-89.9994106"/>
  <node id="2700000718" version="2" timestamp="2021-06-19T16:53:58Z" uid="12955846" user="JakeEdwardsville" changeset="106639623" lat="38.7961233" lon="-89.9994116"/>
  <node id="2700000746" version="3" timestamp="2021-06-19T16:53:58Z" uid="12955846" user="JakeEdwardsville" changeset="106639623" lat="38.7959621" lon="-89.9990025"/>
  <node id="2700000748" version="3" timestamp="2021-06-19T16:53:58Z" uid="12955846" user="JakeEdwardsville" changeset="106639623" lat="38.795962" lon="-89.9993629"/>
  <node id="2700000750" version="3" timestamp="2021-06-19T16:53:58Z" uid="12955846" user="JakeEdwardsville" changeset="106639623" lat="38.7959025" lon="-89.9993627"/>
  <node id="2700000753" version="3" timestamp="2021-06-19T16:53:58Z" uid="12955846" user="JakeEdwardsville" changeset="106639623" lat="38.7958995" lon="-89.9994328"/>
  <node id="2700000754" version="3" timestamp="2021-06-19T16:53:58Z" uid="12955846" user="JakeEdwardsville" changeset="106639623" lat="38.7958191" lon="-89.9994327"/>
  <node id="2700000756" version="3" timestamp="2021-06-19T16:53:58Z" uid="12955846" user="JakeEdwardsville" changeset="106639623" lat="38.7958197" lon="-89.9995538"/>
  <node id="2700000757" version="2" timestamp="2021-06-19T16:53:58Z" uid="12955846" user="JakeEdwardsville" changeset="106639623" lat="38.7957211" lon="-89.9995534"/>
  <node id="2700000758" version="2" timestamp="2021-06-19T16:53:58Z" uid="12955846" user="JakeEdwardsville" changeset="106639623" lat="38.7955282" lon="-89.999801"/>
  <node id="2700000760" version="3" timestamp="2021-06-19T16:53:58Z" uid="12955846" user="JakeEdwardsville" changeset="106639623" lat="38.7955286" lon="-89.9999239"/>
  <node id="2700000761" version="3" timestamp="2021-06-19T16:53:58Z" uid="12955846" user="JakeEdwardsville" changeset="106639623" lat="38.7954345" lon="-89.9999244"/>
  <node id="2700000771" version="3" timestamp="2021-06-19T16:53:58Z" uid="12955846" user="JakeEdwardsville" changeset="106639623" lat="38.7962136" lon="-90.0004041"/>
  <node id="2700000773" version="3" timestamp="2021-06-19T16:53:58Z" uid="12955846" user="JakeEdwardsville" changeset="106639623" lat="38.7962137" lon="-90.0003095"/>
  <node id="2700000776" version="3" timestamp="2021-06-19T16:53:58Z" uid="12955846" user="JakeEdwardsville" changeset="106639623" lat="38.7963141" lon="-90.0003102"/>
  <node id="2700000778" version="3" timestamp="2021-06-19T16:53:58Z" uid="12955846" user="JakeEdwardsville" changeset="106639623" lat="38.7963147" lon="-90.0002233"/>
  <node id="2700000779" version="3" timestamp="2021-06-19T16:53:58Z" uid="12955846" user="JakeEdwardsville" changeset="106639623" lat="38.7966542" lon="-90.0002229"/>
  <node id="2700004052" version="2" timestamp="2014-03-03T19:09:45Z" uid="1961433" user="mwrigley83" changeset="20895092" lat="38.7959646" lon="-90.0012369"/>
  <node id="2700004054" version="2" timestamp="2014-03-03T19:09:45Z" uid="1961433" user="mwrigley83" changeset="20895092" lat="38.7958997" lon="-90.001237"/>
  <node id="2700004055" version="2" timestamp="2014-03-03T19:09:45Z" uid="1961433" user="mwrigley83" changeset="20895092" lat="38.7958996" lon="-90.0012041"/>
  <node id="2700004057" version="3" timestamp="2021-07-26T18:20:28Z" uid="12955846" user="JakeEdwardsville" changeset="108640828" lat="38.7954273" lon="-90.0012084"/>
  <node id="2700004060" version="3" timestamp="2021-07-26T18:20:28Z" uid="12955846" user="JakeEdwardsville" changeset="108640828" lat="38.7954583" lon="-90.0007827"/>
  <node id="2700004063" version="1" timestamp="2014-03-03T15:00:05Z" uid="1961433" user="mwrigley83" changeset="20890008" lat="38.7952352" lon="-90.0007831"/>
  <node id="2700004065" version="1" timestamp="2014-03-03T15:00:05Z" uid="1961433" user="mwrigley83" changeset="20890008" lat="38.7951771" lon="-90.0007031"/>
  <node id="2700004067" version="1" timestamp="2014-03-03T15:00:06Z" uid="1961433" user="mwrigley83" changeset="20890008" lat="38.7951742" lon="-90.0004756"/>
  <node id="2700004069" version="3" timestamp="2021-06-19T16:53:58Z" uid="12955846" user="JakeEdwardsville" changeset="106639623" lat="38.7952404" lon="-90.0004017"/>
  <node id="2700291347" version="2" timestamp="2021-08-07T19:14:02Z" uid="12955846" user="JakeEdwardsville" changeset="109322874" lat="38.7976485" lon="-89.9965506"/>
  <node id="2700291348" version="3" timestamp="2021-08-07T19:14:02Z" uid="12955846" user="JakeEdwardsville" changeset="109322874" lat="38.7977118" lon="-89.9966822"/>
  <node id="2700291349" version="2" timestamp="2021-08-07T19:14:02Z" uid="12955846" user="JakeEdwardsville" changeset="109322874" lat="38.7977572" lon="-89.9967719"/>
  <node id="2700291350" version="2" timestamp="2021-08-07T19:14:02Z" uid="12955846" user="JakeEdwardsville" changeset="109322874" lat="38.79782" lon="-89.9968747"/>
  <node id="2700291351" version="2" timestamp="2021-08-07T19:14:02Z" uid="12955846" user="JakeEdwardsville" changeset="109322874" lat="38.7979071" lon="-89.9969613"/>
  <node id="2700291352" version="2" timestamp="2021-08-07T19:14:02Z" uid="12955846" user="JakeEdwardsville" changeset="109322874" lat="38.7980281" lon="-89.9971369"/>
  <node id="2700291353" version="1" timestamp="2014-03-03T18:22:44Z" uid="1961433" user="mwrigley83" changeset="20893953" lat="38.7981128" lon="-89.9974442"/>
  <node id="2700578407" version="3" timestamp="2021-06-19T16:53:58Z" uid="12955846" user="JakeEdwardsville" changeset="106639623" lat="38.7947878" lon="-90.0016072"/>
  <node id="2700578408" version="2" timestamp="2021-06-19T16:53:58Z" uid="12955846" user="JakeEdwardsville" changeset="106639623" lat="38.7948368" lon="-90.0016073"/>
  <node id="2700578410" version="2" timestamp="2021-06-19T16:53:58Z" uid="12955846" user="JakeEdwardsville" changeset="106639623" lat="38.7948558" lon="-90.0015865"/>
  <node id="2700578411" version="2" timestamp="2021-06-19T16:53:58Z" uid="12955846" user="JakeEdwardsville" changeset="106639623" lat="38.794856" lon="-90.0015008"/>
  <node id="2700578413" version="2" timestamp="2021-06-19T16:53:58Z" uid="12955846" user="JakeEdwardsville" changeset="106639623" lat="38.7948415" lon="-90.0014788"/>
  <node id="2700578414" version="2" timestamp="2021-06-19T16:53:58Z" uid="12955846" user="JakeEdwardsville" changeset="106639623" lat="38.7947684" lon="-90.0014789"/>
  <node id="2700578416" version="2" timestamp="2021-06-19T16:53:58Z" uid="12955846" user="JakeEdwardsville" changeset="106639623" lat="38.7947519" lon="-90.0014972"/>
  <node id="2700578417" version="3" timestamp="2021-06-19T16:53:58Z" uid="12955846" user="JakeEdwardsville" changeset="106639623" lat="38.7947518" lon="-90.0015188"/>
  <node id="2700578419" version="2" timestamp="2021-06-19T16:53:58Z" uid="12955846" user="JakeEdwardsville" changeset="106639623" lat="38.794661" lon="-90.0015187"/>
  <node id="2700578420" version="2" timestamp="2021-06-19T16:53:58Z" uid="12955846" user="JakeEdwardsville" changeset="106639623" lat="38.7946483" lon="-90.0015101"/>
  <node id="2700578422" version="2" timestamp="2021-06-19T16:53:58Z" uid="12955846" user="JakeEdwardsville" changeset="106639623" lat="38.7945971" lon="-90.0015104"/>
  <node id="2700578423" version="2" timestamp="2021-06-19T16:53:58Z" uid="12955846" user="JakeEdwardsville" changeset="106639623" lat="38.7945815" lon="-90.0015259"/>
  <node id="2700578425" version="2" timestamp="2021-06-19T16:53:58Z" uid="12955846" user="JakeEdwardsville" changeset="106639623" lat="38.7945813" lon="-90.0015865"/>
  <node id="2700578426" version="2" timestamp="2021-06-19T16:53:58Z" uid="12955846" user="JakeEdwardsville" changeset="106639623" lat="38.7945975" lon="-90.0016076"/>
  <node id="2700578428" version="3" timestamp="2021-06-19T16:53:58Z" uid="12955846" user="JakeEdwardsville" changeset="106639623" lat="38.7946177" lon="-90.0016071"/>
  <node id="2700578429" version="2" timestamp="2021-06-19T16:53:58Z" uid="12955846" user="JakeEdwardsville" changeset="106639623" lat="38.7946172" lon="-90.0017776"/>
  <node id="2700578431" version="2" timestamp="2021-06-19T16:53:58Z" uid="12955846" user="JakeEdwardsville" changeset="106639623" lat="38.7946361" lon="-90.0018014"/>
  <node id="2700578432" version="2" timestamp="2021-06-19T16:53:58Z" uid="12955846" user="JakeEdwardsville" changeset="106639623" lat="38.7947716" lon="-90.0018008"/>
  <node id="2700590251" version="2" timestamp="2021-04-19T02:00:54Z" uid="3738260" user="Zabot" changeset="103159165" lat="38.7923423" lon="-90.001006"/>
  <node id="2700590256" version="2" timestamp="2021-04-19T02:00:54Z" uid="3738260" user="Zabot" changeset="103159165" lat="38.7922246" lon="-90.0010471"/>
  <node id="2700590258" version="2" timestamp="2021-04-19T02:00:54Z" uid="3738260" user="Zabot" changeset="103159165" lat="38.7920282" lon="-90.0010407"/>
  <node id="2700590262" version="2" timestamp="2021-04-19T02:00:54Z" uid="3738260" user="Zabot" changeset="103159165" lat="38.7920272" lon="-90.0009529"/>
  <node id="2700590264" version="2" timestamp="2021-04-19T02:00:54Z" uid="3738260" user="Zabot" changeset="103159165" lat="38.7920378" lon="-90.0009379"/>
  <node id="2700590265" version="2" timestamp="2021-04-19T02:00:54Z" uid="3738260" user="Zabot" changeset="103159165" lat="38.7920432" lon="-90.0009108"/>
  <node id="2700590266" version="2" timestamp="2021-04-19T02:00:54Z" uid="3738260" user="Zabot" changeset="103159165" lat="38.7920323" lon="-90.0008623"/>
  <node id="2700590268" version="2" timestamp="2021-04-19T02:00:54Z" uid="3738260" user="Zabot" changeset="103159165" lat="38.7919968" lon="-90.0008404"/>
  <node id="2700590269" version="2" timestamp="2021-04-19T02:00:54Z" uid="3738260" user="Zabot" changeset="103159165" lat="38.7919969" lon="-90.0006448"/>
  <node id="2700590270" version="2" timestamp="2021-04-19T02:00:54Z" uid="3738260" user="Zabot" changeset="103159165" lat="38.7919716" lon="-90.0006447"/>
  <node id="2700590277" version="2" timestamp="2021-04-19T02:00:54Z" uid="3738260" user="Zabot" changeset="103159165" lat="38.7917447" lon="-90.0006724"/>
  <node id="2700590279" version="2" timestamp="2021-04-19T02:00:54Z" uid="3738260" user="Zabot" changeset="103159165" lat="38.7917233" lon="-90.0007133"/>
  <node id="2700590280" version="2" timestamp="2021-04-19T02:00:54Z" uid="3738260" user="Zabot" changeset="103159165" lat="38.7917156" lon="-90.0007378"/>
  <node id="2700590281" version="2" timestamp="2021-04-19T02:00:54Z" uid="3738260" user="Zabot" changeset="103159165" lat="38.791712" lon="-90.0007574"/>
  <node id="2700590284" version="2" timestamp="2021-04-19T02:00:54Z" uid="3738260" user="Zabot" changeset="103159165" lat="38.7917083" lon="-90.0007778"/>
  <node id="2700590286" version="2" timestamp="2021-04-19T02:00:54Z" uid="3738260" user="Zabot" changeset="103159165" lat="38.7917059" lon="-90.0007969"/>
  <node id="2700590296" version="2" timestamp="2021-04-19T02:00:54Z" uid="3738260" user="Zabot" changeset="103159165" lat="38.7917067" lon="-90.0008146"/>
  <node id="2700590299" version="2" timestamp="2021-04-19T02:00:54Z" uid="3738260" user="Zabot" changeset="103159165" lat="38.7917438" lon="-90.000814"/>
  <node id="2700590300" version="2" timestamp="2021-04-19T02:00:54Z" uid="3738260" user="Zabot" changeset="103159165" lat="38.7917478" lon="-90.0016612"/>
  <node id="2700590301" version="2" timestamp="2021-04-19T02:00:54Z" uid="3738260" user="Zabot" changeset="103159165" lat="38.7917997" lon="-90.0016601"/>
  <node id="2700590303" version="2" timestamp="2021-04-19T02:00:54Z" uid="3738260" user="Zabot" changeset="103159165" lat="38.7918006" lon="-90.0017126"/>
  <node id="2700590304" version="2" timestamp="2021-04-19T02:00:54Z" uid="3738260" user="Zabot" changeset="103159165" lat="38.7919446" lon="-90.0017121"/>
  <node id="2700590305" version="2" timestamp="2021-04-19T02:00:54Z" uid="3738260" user="Zabot" changeset="103159165" lat="38.7919429" lon="-90.0016591"/>
  <node id="2700590307" version="2" timestamp="2021-04-19T02:00:54Z" uid="3738260" user="Zabot" changeset="103159165" lat="38.7919957" lon="-90.0016595"/>
  <node id="2700590308" version="2" timestamp="2021-04-19T02:00:54Z" uid="3738260" user="Zabot" changeset="103159165" lat="38.7919952" lon="-90.0013197"/>
  <node id="2700590309" version="2" timestamp="2021-04-19T02:00:54Z" uid="3738260" user="Zabot" changeset="103159165" lat="38.7922252" lon="-90.0013222"/>
  <node id="2700590311" version="2" timestamp="2021-04-19T02:00:54Z" uid="3738260" user="Zabot" changeset="103159165" lat="38.7922256" lon="-90.0013754"/>
  <node id="2700590315" version="3" timestamp="2021-04-19T02:00:54Z" uid="3738260" user="Zabot" changeset="103159165" lat="38.7923429" lon="-90.0013761"/>
  <node id="2700590316" version="2" timestamp="2021-04-19T02:00:54Z" uid="3738260" user="Zabot" changeset="103159165" lat="38.792015" lon="-90.0008483"/>
  <node id="2700590317" version="2" timestamp="2021-04-19T02:00:54Z" uid="3738260" user="Zabot" changeset="103159165" lat="38.79204" lon="-90.0008817"/>
  <node id="2700590322" version="3" timestamp="2021-04-01T02:30:27Z" uid="12955846" user="JakeEdwardsville" changeset="102085335" lat="38.7893812" lon="-90.0041408"/>
  <node id="2700590324" version="3" timestamp="2021-04-01T02:30:27Z" uid="12955846" user="JakeEdwardsville" changeset="102085335" lat="38.7893371" lon="-90.0040237"/>
  <node id="2700590326" version="3" timestamp="2021-04-01T02:30:27Z" uid="12955846" user="JakeEdwardsville" changeset="102085335" lat="38.7892946" lon="-90.0040513"/>
  <node id="2700590328" version="3" timestamp="2021-04-01T02:30:27Z" uid="12955846" user="JakeEdwardsville" changeset="102085335" lat="38.7892049" lon="-90.0037768"/>
  <node id="2700590330" version="3" timestamp="2021-04-01T02:30:27Z" uid="12955846" user="JakeEdwardsville" changeset="102085335" lat="38.7895446" lon="-90.0035237"/>
  <node id="2700590332" version="3" timestamp="2021-04-01T02:30:27Z" uid="12955846" user="JakeEdwardsville" changeset="102085335" lat="38.7896357" lon="-90.0037585"/>
  <node id="2700590338" version="3" timestamp="2021-04-01T02:30:27Z" uid="12955846" user="JakeEdwardsville" changeset="102085335" lat="38.7895906" lon="-90.00383"/>
  <node id="2700590340" version="3" timestamp="2021-04-01T02:30:27Z" uid="12955846" user="JakeEdwardsville" changeset="102085335" lat="38.7896387" lon="-90.0038983"/>
  <node id="2700590343" version="3" timestamp="2021-04-01T02:30:27Z" uid="12955846" user="JakeEdwardsville" changeset="102085335" lat="38.7898384" lon="-90.0037734"/>
  <node id="2700590344" version="3" timestamp="2021-04-01T02:30:27Z" uid="12955846" user="JakeEdwardsville" changeset="102085335" lat="38.7897935" lon="-90.003657"/>
  <node id="2700590345" version="3" timestamp="2021-04-01T02:30:27Z" uid="12955846" user="JakeEdwardsville" changeset="102085335" lat="38.7897527" lon="-90.0036382"/>
  <node id="2700590347" version="3" timestamp="2021-04-01T02:30:27Z" uid="12955846" user="JakeEdwardsville" changeset="102085335" lat="38.7897278" lon="-90.003406"/>
  <node id="2700590348" version="3" timestamp="2021-04-01T02:30:27Z" uid="12955846" user="JakeEdwardsville" changeset="102085335" lat="38.790016" lon="-90.0031954"/>
  <node id="2700590350" version="3" timestamp="2021-04-01T02:30:27Z" uid="12955846" user="JakeEdwardsville" changeset="102085335" lat="38.7901397" lon="-90.003514"/>
  <node id="2700590351" version="3" timestamp="2021-04-01T02:30:27Z" uid="12955846" user="JakeEdwardsville" changeset="102085335" lat="38.7900967" lon="-90.0035401"/>
  <node id="2700590352" version="3" timestamp="2021-04-01T02:30:27Z" uid="12955846" user="JakeEdwardsville" changeset="102085335" lat="38.7901446" lon="-90.0036555"/>
  <node id="2700590354" version="3" timestamp="2021-04-01T02:30:27Z" uid="12955846" user="JakeEdwardsville" changeset="102085335" lat="38.7903431" lon="-90.0035312"/>
  <node id="2700590355" version="3" timestamp="2021-04-01T02:30:27Z" uid="12955846" user="JakeEdwardsville" changeset="102085335" lat="38.7903305" lon="-90.0034364"/>
  <node id="2700590356" version="3" timestamp="2021-04-01T02:30:27Z" uid="12955846" user="JakeEdwardsville" changeset="102085335" lat="38.7902575" lon="-90.0034391"/>
  <node id="2700590358" version="3" timestamp="2021-04-01T02:30:27Z" uid="12955846" user="JakeEdwardsville" changeset="102085335" lat="38.7900887" lon="-90.0029694"/>
  <node id="2700590359" version="3" timestamp="2021-04-01T02:30:27Z" uid="12955846" user="JakeEdwardsville" changeset="102085335" lat="38.7895881" lon="-90.003259"/>
  <node id="2700590362" version="2" timestamp="2021-04-01T02:30:27Z" uid="12955846" user="JakeEdwardsville" changeset="102085335" lat="38.7895506" lon="-90.0031593"/>
  <node id="2700590363" version="3" timestamp="2021-04-01T02:30:27Z" uid="12955846" user="JakeEdwardsville" changeset="102085335" lat="38.7895462" lon="-90.0030572"/>
  <node id="2700590365" version="3" timestamp="2021-04-01T02:30:27Z" uid="12955846" user="JakeEdwardsville" changeset="102085335" lat="38.7894785" lon="-90.0025982"/>
  <node id="2700590367" version="3" timestamp="2021-04-01T02:30:27Z" uid="12955846" user="JakeEdwardsville" changeset="102085335" lat="38.7892333" lon="-90.0026404"/>
  <node id="2700590369" version="3" timestamp="2021-04-01T02:30:27Z" uid="12955846" user="JakeEdwardsville" changeset="102085335" lat="38.7893173" lon="-90.0032156"/>
  <node id="2700590371" version="2" timestamp="2021-04-01T02:30:27Z" uid="12955846" user="JakeEdwardsville" changeset="102085335" lat="38.7894353" lon="-90.0031872"/>
  <node id="2700590372" version="3" timestamp="2021-04-01T02:30:27Z" uid="12955846" user="JakeEdwardsville" changeset="102085335" lat="38.7894712" lon="-90.0033336"/>
  <node id="2700590374" version="3" timestamp="2021-04-01T02:30:27Z" uid="12955846" user="JakeEdwardsville" changeset="102085335" lat="38.7889881" lon="-90.00367"/>
  <node id="2701277836" version="2" timestamp="2021-04-01T02:30:27Z" uid="12955846" user="JakeEdwardsville" changeset="102085335" lat="38.7891554" lon="-90.0041397"/>
  <node id="2701277840" version="2" timestamp="2021-04-01T02:30:27Z" uid="12955846" user="JakeEdwardsville" changeset="102085335" lat="38.7891487" lon="-90.0040976"/>
  <node id="3343186856" version="2" timestamp="2021-08-07T19:14:02Z" uid="12955846" user="JakeEdwardsville" changeset="109322874" lat="38.7941844" lon="-89.9956783">
    <tag k="crossing" v="marked"/>
    <tag k="highway" v="crossing"/>
  </node>
  <node id="3343186857" version="2" timestamp="2021-08-07T19:14:02Z" uid="12955846" user="JakeEdwardsville" changeset="109322874" lat="38.7941396" lon="-89.9955535"/>
  <node id="3343186858" version="1" timestamp="2015-02-11T05:38:05Z" uid="238419" user="HubMiner" changeset="28766010" lat="38.7954313" lon="-89.9954512"/>
  <node id="3343199704" version="3" timestamp="2021-08-03T05:37:02Z" uid="12955846" user="JakeEdwardsville" changeset="109064617" lat="38.7918484" lon="-90.0021847"/>
  <node id="3343199719" version="1" timestamp="2015-02-11T06:11:40Z" uid="238419" user="HubMiner" changeset="28766255" lat="38.7948302" lon="-90.0012712"/>
  <node id="3343199720" version="1" timestamp="2015-02-11T06:11:40Z" uid="238419" user="HubMiner" changeset="28766255" lat="38.7946829" lon="-90.0011818"/>
  <node id="3343199721" version="3" timestamp="2021-08-04T23:09:44Z" uid="12955846" user="JakeEdwardsville" changeset="109167274" lat="38.7944211" lon="-90.0010832"/>
  <node id="3343199722" version="2" timestamp="2021-08-04T23:09:44Z" uid="12955846" user="JakeEdwardsville" changeset="109167274" lat="38.7943019" lon="-90.0010512"/>
  <node id="3343199723" version="2" timestamp="2021-08-04T23:09:44Z" uid="12955846" user="JakeEdwardsville" changeset="109167274" lat="38.7941731" lon="-90.0010318"/>
  <node id="3343199724" version="3" timestamp="2023-07-21T01:58:50Z" uid="12955846" user="JakeEdwardsville" changeset="138789957" lat="38.793968" lon="-90.0010279">
    <tag k="crossing" v="uncontrolled"/>
    <tag k="crossing:markings" v="yes"/>
    <tag k="highway" v="crossing"/>
  </node>
  <node id="3343199734" version="2" timestamp="2021-08-04T23:09:44Z" uid="12955846" user="JakeEdwardsville" changeset="109167274" lat="38.7951276" lon="-89.9998971"/>
  <node id="3343199735" version="2" timestamp="2021-08-10T19:41:43Z" uid="12955846" user="JakeEdwardsville" changeset="109481746" lat="38.7949536" lon="-89.9997281"/>
  <node id="3343199736" version="1" timestamp="2015-02-11T06:11:41Z" uid="238419" user="HubMiner" changeset="28766255" lat="38.7947463" lon="-89.99958"/>
  <node id="3343199739" version="1" timestamp="2015-02-11T06:11:41Z" uid="238419" user="HubMiner" changeset="28766255" lat="38.7952136" lon="-89.9999866"/>
  <node id="3343199740" version="1" timestamp="2015-02-11T06:11:41Z" uid="238419" user="HubMiner" changeset="28766255" lat="38.7957111" lon="-89.9993625"/>
  <node id="3343199741" version="2" timestamp="2021-05-08T23:12:03Z" uid="12955846" user="JakeEdwardsville" changeset="104380992" lat="38.7960492" lon="-90.0013112"/>
  <node id="3343199746" version="2" timestamp="2021-05-08T23:12:03Z" uid="12955846" user="JakeEdwardsville" changeset="104380992" lat="38.7965705" lon="-90.0004697"/>
  <node id="3343199748" version="1" timestamp="2015-02-11T06:11:41Z" uid="238419" user="HubMiner" changeset="28766255" lat="38.7951116" lon="-90.0008253"/>
  <node id="3343199749" version="1" timestamp="2015-02-11T06:11:41Z" uid="238419" user="HubMiner" changeset="28766255" lat="38.7950732" lon="-90.0002676"/>
  <node id="3343199750" version="1" timestamp="2015-02-11T06:11:41Z" uid="238419" user="HubMiner" changeset="28766255" lat="38.7950308" lon="-90.0002267"/>
  <node id="3343199751" version="2" timestamp="2021-08-04T23:09:44Z" uid="12955846" user="JakeEdwardsville" changeset="109167274" lat="38.7949897" lon="-90.0002007"/>
  <node id="3343199752" version="1" timestamp="2015-02-11T06:11:41Z" uid="238419" user="HubMiner" changeset="28766255" lat="38.795431" lon="-89.9996329"/>
  <node id="3343199753" version="1" timestamp="2015-02-11T06:11:41Z" uid="238419" user="HubMiner" changeset="28766255" lat="38.7954691" lon="-89.9996661"/>
  <node id="3664850424" version="2" timestamp="2021-08-10T19:41:43Z" uid="12955846" user="JakeEdwardsville" changeset="109481746" lat="38.7956862" lon="-89.9966745"/>
  <node id="3664900525" version="2" timestamp="2021-08-10T19:41:43Z" uid="12955846" user="JakeEdwardsville" changeset="109481746" lat="38.796227" lon="-89.9966675"/>
  <node id="4440096896" version="2" timestamp="2021-04-12T23:50:18Z" uid="12955846" user="JakeEdwardsville" changeset="102832116" lat="38.7909671" lon="-90.0002986"/>
  <node id="4440096897" version="2" timestamp="2021-04-12T23:50:18Z" uid="12955846" user="JakeEdwardsville" changeset="102832116" lat="38.7909792" lon="-90.0002808"/>
  <node id="4440096898" version="2" timestamp="2021-04-12T23:50:18Z" uid="12955846" user="JakeEdwardsville" changeset="102832116" lat="38.7909935" lon="-90.0002965"/>
  <node id="4440096899" version="2" timestamp="2021-04-12T23:50:18Z" uid="12955846" user="JakeEdwardsville" changeset="102832116" lat="38.7911211" lon="-90.0001327"/>
  <node id="4440096900" version="2" timestamp="2021-04-12T23:50:18Z" uid="12955846" user="JakeEdwardsville" changeset="102832116" lat="38.7910971" lon="-90.0001017"/>
  <node id="4440096901" version="2" timestamp="2021-04-12T23:50:18Z" uid="12955846" user="JakeEdwardsville" changeset="102832116" lat="38.7911213" lon="-90.0000716"/>
  <node id="4440096902" version="2" timestamp="2021-04-12T23:50:18Z" uid="12955846" user="JakeEdwardsville" changeset="102832116" lat="38.7911097" lon="-90.0000569"/>
  <node id="4440096903" version="2" timestamp="2021-04-12T23:50:18Z" uid="12955846" user="JakeEdwardsville" changeset="102832116" lat="38.7911212" lon="-90.0000425"/>
  <node id="4440096904" version="2" timestamp="2021-04-12T23:50:18Z" uid="12955846" user="JakeEdwardsville" changeset="102832116" lat="38.7910142" lon="-89.9999061"/>
  <node id="4440096905" version="2" timestamp="2021-04-12T23:50:18Z" uid="12955846" user="JakeEdwardsville" changeset="102832116" lat="38.7909806" lon="-89.9999495"/>
  <node id="4440096906" version="2" timestamp="2021-04-12T23:50:18Z" uid="12955846" user="JakeEdwardsville" changeset="102832116" lat="38.7909436" lon="-89.9999024"/>
  <node id="4440096907" version="2" timestamp="2021-04-12T23:50:18Z" uid="12955846" user="JakeEdwardsville" changeset="102832116" lat="38.7908246" lon="-90.0000561"/>
  <node id="4440096908" version="2" timestamp="2021-04-12T23:50:18Z" uid="12955846" user="JakeEdwardsville" changeset="102832116" lat="38.7908224" lon="-90.0001191"/>
  <node id="4627096695" version="3" timestamp="2021-06-19T16:53:58Z" uid="12955846" user="JakeEdwardsville" changeset="106639623" lat="38.7922253" lon="-90.0010071"/>
  <node id="4629050586" version="2" timestamp="2021-04-12T23:50:18Z" uid="12955846" user="JakeEdwardsville" changeset="102832116" lat="38.7912679" lon="-90.0019784"/>
  <node id="4629050587" version="3" timestamp="2021-04-12T23:50:18Z" uid="12955846" user="JakeEdwardsville" changeset="102832116" lat="38.7911528" lon="-90.0010202"/>
  <node id="4629050588" version="3" timestamp="2021-04-12T23:50:18Z" uid="12955846" user="JakeEdwardsville" changeset="102832116" lat="38.7907128" lon="-90.0019478"/>
  <node id="4629051689" version="3" timestamp="2021-04-12T23:50:18Z" uid="12955846" user="JakeEdwardsville" changeset="102832116" lat="38.7907127" lon="-90.0009804"/>
  <node id="4629051692" version="2" timestamp="2021-04-12T23:50:18Z" uid="12955846" user="JakeEdwardsville" changeset="102832116" lat="38.7906009" lon="-90.0012122"/>
  <node id="4629051693" version="2" timestamp="2021-04-12T23:50:18Z" uid="12955846" user="JakeEdwardsville" changeset="102832116" lat="38.790712" lon="-90.0012136"/>
  <node id="4629056038" version="4" timestamp="2021-08-03T05:37:02Z" uid="12955846" user="JakeEdwardsville" changeset="109064617" lat="38.7913952" lon="-90.0013278"/>
  <node id="4629056040" version="2" timestamp="2021-08-03T05:37:02Z" uid="12955846" user="JakeEdwardsville" changeset="109064617" lat="38.791585" lon="-90.0012928"/>
  <node id="4629056041" version="2" timestamp="2021-08-03T05:37:02Z" uid="12955846" user="JakeEdwardsville" changeset="109064617" lat="38.791584" lon="-90.000598"/>
  <node id="4629056042" version="3" timestamp="2021-08-03T05:37:02Z" uid="12955846" user="JakeEdwardsville" changeset="109064617" lat="38.7915839" lon="-90.0009393"/>
  <node id="4629056044" version="2" timestamp="2021-04-19T02:25:38Z" uid="3738260" user="Zabot" changeset="103159570" lat="38.7917439" lon="-90.0009679">
    <tag k="entrance" v="yes"/>
  </node>
  <node id="4629056884" version="1" timestamp="2017-01-24T14:05:29Z" uid="5177073" user="James Oberg" changeset="45436460" lat="38.7917118" lon="-90.0011769"/>
  <node id="4629056885" version="4" timestamp="2021-08-03T05:37:02Z" uid="12955846" user="JakeEdwardsville" changeset="109064617" lat="38.7913955" lon="-90.0014913"/>
  <node id="4629056886" version="2" timestamp="2021-04-19T03:18:18Z" uid="3738260" user="Zabot" changeset="103160743" lat="38.7913955" lon="-90.0007843"/>
  <node id="4629069613" version="3" timestamp="2021-06-19T16:53:58Z" uid="12955846" user="JakeEdwardsville" changeset="106639623" lat="38.794083" lon="-90.0006679"/>
  <node id="4629069614" version="2" timestamp="2021-06-19T16:53:58Z" uid="12955846" user="JakeEdwardsville" changeset="106639623" lat="38.7940818" lon="-89.9999148"/>
  <node id="4629069615" version="3" timestamp="2021-06-19T16:53:58Z" uid="12955846" user="JakeEdwardsville" changeset="106639623" lat="38.7936311" lon="-90.0000337"/>
  <node id="4629069616" version="3" timestamp="2021-06-19T16:53:58Z" uid="12955846" user="JakeEdwardsville" changeset="106639623" lat="38.7936381" lon="-90.0005775"/>
  <node id="4629069617" version="3" timestamp="2021-06-19T16:53:58Z" uid="12955846" user="JakeEdwardsville" changeset="106639623" lat="38.7936836" lon="-90.0007758"/>
  <node id="4629069618" version="3" timestamp="2021-06-19T16:53:58Z" uid="12955846" user="JakeEdwardsville" changeset="106639623" lat="38.7936697" lon="-90.0000062"/>
  <node id="4629069621" version="3" timestamp="2021-06-19T16:53:58Z" uid="12955846" user="JakeEdwardsville" changeset="106639623" lat="38.7938435" lon="-89.9998983"/>
  <node id="4629069622" version="3" timestamp="2021-06-19T16:53:58Z" uid="12955846" user="JakeEdwardsville" changeset="106639623" lat="38.7939263" lon="-89.9998979"/>
  <node id="4629069623" version="3" timestamp="2021-06-19T16:53:58Z" uid="12955846" user="JakeEdwardsville" changeset="106639623" lat="38.7939257" lon="-89.9998593"/>
  <node id="4629069624" version="3" timestamp="2021-06-19T16:53:58Z" uid="12955846" user="JakeEdwardsville" changeset="106639623" lat="38.7936726" lon="-90.000578"/>
  <node id="4629069625" version="3" timestamp="2021-06-19T16:53:58Z" uid="12955846" user="JakeEdwardsville" changeset="106639623" lat="38.7940218" lon="-89.9998593"/>
  <node id="4631801499" version="2" timestamp="2021-05-08T23:36:32Z" uid="12955846" user="JakeEdwardsville" changeset="104381261" lat="38.7974071" lon="-90.0033538"/>
  <node id="4631801500" version="2" timestamp="2021-05-08T23:36:32Z" uid="12955846" user="JakeEdwardsville" changeset="104381261" lat="38.7974843" lon="-90.003179"/>
  <node id="4631801501" version="2" timestamp="2021-05-08T23:36:32Z" uid="12955846" user="JakeEdwardsville" changeset="104381261" lat="38.7977542" lon="-90.0033779"/>
  <node id="4631801502" version="2" timestamp="2021-05-08T23:36:32Z" uid="12955846" user="JakeEdwardsville" changeset="104381261" lat="38.7977813" lon="-90.0033163"/>
  <node id="4631801503" version="2" timestamp="2021-05-08T23:36:32Z" uid="12955846" user="JakeEdwardsville" changeset="104381261" lat="38.7979373" lon="-90.0034727"/>
  <node id="4631801504" version="2" timestamp="2021-05-08T23:36:32Z" uid="12955846" user="JakeEdwardsville" changeset="104381261" lat="38.797832" lon="-90.0037074"/>
  <node id="4631801505" version="2" timestamp="2021-05-08T23:36:32Z" uid="12955846" user="JakeEdwardsville" changeset="104381261" lat="38.7976858" lon="-90.0035583"/>
  <node id="4631801515" version="1" timestamp="2017-01-25T10:16:43Z" uid="5177163" user="Malibone" changeset="45470121" lat="38.7901643" lon="-89.9913361"/>
  <node id="4631801516" version="2" timestamp="2021-07-01T02:12:51Z" uid="12955846" user="JakeEdwardsville" changeset="107233872" lat="38.7903242" lon="-89.9912083"/>
  <node id="4631801519" version="2" timestamp="2021-07-01T02:12:51Z" uid="12955846" user="JakeEdwardsville" changeset="107233872" lat="38.7900684" lon="-89.9920923"/>
  <node id="4631801520" version="2" timestamp="2021-07-01T02:12:51Z" uid="12955846" user="JakeEdwardsville" changeset="107233872" lat="38.7899242" lon="-89.991777"/>
  <node id="4631801521" version="2" timestamp="2021-07-01T02:12:51Z" uid="12955846" user="JakeEdwardsville" changeset="107233872" lat="38.7900851" lon="-89.9916478"/>
  <node id="4631801522" version="2" timestamp="2021-07-01T02:12:51Z" uid="12955846" user="JakeEdwardsville" changeset="107233872" lat="38.7901273" lon="-89.9916935"/>
  <node id="4631801523" version="2" timestamp="2021-07-01T02:12:51Z" uid="12955846" user="JakeEdwardsville" changeset="107233872" lat="38.7902573" lon="-89.9915585"/>
  <node id="4631801524" version="2" timestamp="2021-07-01T02:12:51Z" uid="12955846" user="JakeEdwardsville" changeset="107233872" lat="38.7908352" lon="-89.9907173"/>
  <node id="4631801525" version="2" timestamp="2021-07-01T02:12:51Z" uid="12955846" user="JakeEdwardsville" changeset="107233872" lat="38.790905" lon="-89.9908054"/>
  <node id="4631801526" version="2" timestamp="2021-07-01T02:12:51Z" uid="12955846" user="JakeEdwardsville" changeset="107233872" lat="38.7908812" lon="-89.9908393"/>
  <node id="4631801527" version="2" timestamp="2021-07-01T02:12:51Z" uid="12955846" user="JakeEdwardsville" changeset="107233872" lat="38.7910018" lon="-89.9909862"/>
  <node id="4631801528" version="2" timestamp="2021-07-01T02:12:51Z" uid="12955846" user="JakeEdwardsville" changeset="107233872" lat="38.7910354" lon="-89.9911573"/>
  <node id="4631801529" version="2" timestamp="2021-07-01T02:12:51Z" uid="12955846" user="JakeEdwardsville" changeset="107233872" lat="38.7908847" lon="-89.9913536"/>
  <node id="4631801530" version="2" timestamp="2021-07-01T02:12:51Z" uid="12955846" user="JakeEdwardsville" changeset="107233872" lat="38.7907818" lon="-89.9912258"/>
  <node id="4631801531" version="2" timestamp="2021-07-01T02:12:51Z" uid="12955846" user="JakeEdwardsville" changeset="107233872" lat="38.7906745" lon="-89.9913959"/>
  <node id="4631801532" version="2" timestamp="2021-07-01T02:12:51Z" uid="12955846" user="JakeEdwardsville" changeset="107233872" lat="38.7905329" lon="-89.9912186"/>
  <node id="4631801533" version="2" timestamp="2021-07-01T02:12:51Z" uid="12955846" user="JakeEdwardsville" changeset="107233872" lat="38.7906382" lon="-89.9911043"/>
  <node id="4631801534" version="2" timestamp="2021-07-01T02:12:51Z" uid="12955846" user="JakeEdwardsville" changeset="107233872" lat="38.7905918" lon="-89.9910346"/>
  <node id="4631801694" version="2" timestamp="2021-06-19T16:53:58Z" uid="12955846" user="JakeEdwardsville" changeset="106639623" lat="38.7961595" lon="-90.0007053"/>
  <node id="4631801695" version="3" timestamp="2021-06-19T16:53:58Z" uid="12955846" user="JakeEdwardsville" changeset="106639623" lat="38.7961586" lon="-90.0004034"/>
  <node id="4631801696" version="2" timestamp="2021-06-19T16:53:58Z" uid="12955846" user="JakeEdwardsville" changeset="106639623" lat="38.7959647" lon="-90.0007066"/>
  <node id="4633269814" version="2" timestamp="2021-04-19T02:00:54Z" uid="3738260" user="Zabot" changeset="103159165" lat="38.7921309" lon="-90.0020457"/>
  <node id="4633269815" version="2" timestamp="2021-04-19T02:00:54Z" uid="3738260" user="Zabot" changeset="103159165" lat="38.7922834" lon="-90.0014809"/>
  <node id="4633269816" version="3" timestamp="2021-06-19T16:53:58Z" uid="12955846" user="JakeEdwardsville" changeset="106639623" lat="38.7920816" lon="-90.0014811"/>
  <node id="4633269817" version="2" timestamp="2021-04-19T02:00:54Z" uid="3738260" user="Zabot" changeset="103159165" lat="38.7921296" lon="-90.0019505"/>
  <node id="5257718660" version="2" timestamp="2021-04-19T02:00:54Z" uid="3738260" user="Zabot" changeset="103159165" lat="38.7924793" lon="-90.0013624"/>
  <node id="5257718661" version="2" timestamp="2021-04-19T02:00:54Z" uid="3738260" user="Zabot" changeset="103159165" lat="38.7925131" lon="-90.0013636"/>
  <node id="5257718662" version="2" timestamp="2021-04-19T02:00:54Z" uid="3738260" user="Zabot" changeset="103159165" lat="38.792515" lon="-90.0010181"/>
  <node id="5305859907" version="1" timestamp="2017-12-27T05:50:10Z" uid="7261026" user="Falkner09" changeset="54946822" lat="38.7931194" lon="-89.9979116"/>
  <node id="5305859908" version="1" timestamp="2017-12-27T05:50:10Z" uid="7261026" user="Falkner09" changeset="54946822" lat="38.793406" lon="-89.9977828"/>
  <node id="5305859909" version="1" timestamp="2017-12-27T05:50:10Z" uid="7261026" user="Falkner09" changeset="54946822" lat="38.7932038" lon="-89.9978737"/>
  <node id="5305859910" version="2" timestamp="2021-07-23T15:26:27Z" uid="12955846" user="JakeEdwardsville" changeset="108501323" lat="38.79314" lon="-89.9971195"/>
  <node id="5305859911" version="1" timestamp="2017-12-27T05:50:10Z" uid="7261026" user="Falkner09" changeset="54946822" lat="38.793307" lon="-89.9969752"/>
  <node id="5305859913" version="2" timestamp="2021-07-23T02:33:40Z" uid="12955846" user="JakeEdwardsville" changeset="108456043" lat="38.7929096" lon="-89.9970304"/>
  <node id="5305859914" version="2" timestamp="2021-07-23T02:33:40Z" uid="12955846" user="JakeEdwardsville" changeset="108456043" lat="38.793114" lon="-89.9967661"/>
  <node id="5305859915" version="1" timestamp="2017-12-27T05:50:10Z" uid="7261026" user="Falkner09" changeset="54946822" lat="38.7933389" lon="-89.9965042"/>
  <node id="5305859916" version="1" timestamp="2017-12-27T05:50:10Z" uid="7261026" user="Falkner09" changeset="54946822" lat="38.7933579" lon="-89.9962131"/>
  <node id="5305859917" version="2" timestamp="2021-07-23T15:26:27Z" uid="12955846" user="JakeEdwardsville" changeset="108501323" lat="38.7928727" lon="-89.9962077"/>
  <node id="5371181991" version="1" timestamp="2018-01-29T21:23:03Z" uid="7261026" user="Falkner09" changeset="55873448" lat="38.7931584" lon="-89.9976535"/>
  <node id="5465125888" version="2" timestamp="2021-04-19T02:00:54Z" uid="3738260" user="Zabot" changeset="103159165" lat="38.7921728" lon="-90.001983"/>
  <node id="5465125916" version="2" timestamp="2021-04-19T02:25:38Z" uid="3738260" user="Zabot" changeset="103159570" lat="38.7918681" lon="-90.0017124"/>
  <node id="5465125919" version="2" timestamp="2021-04-19T02:00:54Z" uid="3738260" user="Zabot" changeset="103159165" lat="38.7920824" lon="-90.0019492"/>
  <node id="5465127123" version="2" timestamp="2021-06-19T16:53:58Z" uid="12955846" user="JakeEdwardsville" changeset="106639623" lat="38.7944188" lon="-90.0004347"/>
  <node id="5465127124" version="2" timestamp="2021-06-19T16:53:58Z" uid="12955846" user="JakeEdwardsville" changeset="106639623" lat="38.7944874" lon="-90.0004754"/>
  <node id="5465127125" version="2" timestamp="2021-06-19T16:53:58Z" uid="12955846" user="JakeEdwardsville" changeset="106639623" lat="38.794546" lon="-90.0003101"/>
  <node id="5465127126" version="2" timestamp="2021-06-19T16:53:58Z" uid="12955846" user="JakeEdwardsville" changeset="106639623" lat="38.7944802" lon="-90.0002704"/>
  <node id="5465127152" version="2" timestamp="2021-07-23T02:33:40Z" uid="12955846" user="JakeEdwardsville" changeset="108456043" lat="38.7929118" lon="-89.99651"/>
  <node id="5465127182" version="2" timestamp="2021-07-23T02:33:40Z" uid="12955846" user="JakeEdwardsville" changeset="108456043" lat="38.7933155" lon="-89.9965078"/>
  <node id="5465127184" version="2" timestamp="2021-07-23T02:33:40Z" uid="12955846" user="JakeEdwardsville" changeset="108456043" lat="38.7932792" lon="-89.9969736"/>
  <node id="5465127232" version="2" timestamp="2021-07-23T02:33:40Z" uid="12955846" user="JakeEdwardsville" changeset="108456043" lat="38.7930313" lon="-89.9968729"/>
  <node id="5465127233" version="1" timestamp="2018-03-08T18:23:50Z" uid="7261026" user="Falkner09" changeset="57008660" lat="38.7930497" lon="-89.9969045"/>
  <node id="5465127234" version="2" timestamp="2021-07-23T02:33:40Z" uid="12955846" user="JakeEdwardsville" changeset="108456043" lat="38.7930672" lon="-89.9969282"/>
  <node id="5465127235" version="2" timestamp="2021-07-23T02:33:40Z" uid="12955846" user="JakeEdwardsville" changeset="108456043" lat="38.7930854" lon="-89.9969423"/>
  <node id="5465127236" version="2" timestamp="2021-07-23T02:33:40Z" uid="12955846" user="JakeEdwardsville" changeset="108456043" lat="38.7931091" lon="-89.9969499"/>
  <node id="5465127237" version="2" timestamp="2021-07-23T02:33:40Z" uid="12955846" user="JakeEdwardsville" changeset="108456043" lat="38.793137" lon="-89.996946"/>
  <node id="5465127238" version="2" timestamp="2021-07-23T02:33:40Z" uid="12955846" user="JakeEdwardsville" changeset="108456043" lat="38.7931596" lon="-89.9969309"/>
  <node id="5465127239" version="2" timestamp="2021-07-23T02:33:40Z" uid="12955846" user="JakeEdwardsville" changeset="108456043" lat="38.7931804" lon="-89.996905"/>
  <node id="5465127240" version="2" timestamp="2021-07-23T02:33:40Z" uid="12955846" user="JakeEdwardsville" changeset="108456043" lat="38.7931903" lon="-89.9968874"/>
  <node id="5465127241" version="2" timestamp="2021-07-23T02:33:40Z" uid="12955846" user="JakeEdwardsville" changeset="108456043" lat="38.7931979" lon="-89.9968699"/>
  <node id="5465127243" version="2" timestamp="2021-07-23T02:33:40Z" uid="12955846" user="JakeEdwardsville" changeset="108456043" lat="38.7932089" lon="-89.9968284"/>
  <node id="5465127244" version="2" timestamp="2021-07-23T02:33:40Z" uid="12955846" user="JakeEdwardsville" changeset="108456043" lat="38.7932141" lon="-89.9967932"/>
  <node id="5465127245" version="2" timestamp="2021-07-23T02:33:40Z" uid="12955846" user="JakeEdwardsville" changeset="108456043" lat="38.7932152" lon="-89.9967655"/>
  <node id="5465127246" version="2" timestamp="2021-07-23T02:33:40Z" uid="12955846" user="JakeEdwardsville" changeset="108456043" lat="38.7932138" lon="-89.9967324"/>
  <node id="5465127247" version="2" timestamp="2021-07-23T02:33:40Z" uid="12955846" user="JakeEdwardsville" changeset="108456043" lat="38.7932089" lon="-89.9967011"/>
  <node id="5465127248" version="2" timestamp="2021-07-23T02:33:40Z" uid="12955846" user="JakeEdwardsville" changeset="108456043" lat="38.793198" lon="-89.9966565"/>
  <node id="5465127249" version="1" timestamp="2018-03-08T18:23:50Z" uid="7261026" user="Falkner09" changeset="57008660" lat="38.7931923" lon="-89.9966422"/>
  <node id="5465127250" version="1" timestamp="2018-03-08T18:23:50Z" uid="7261026" user="Falkner09" changeset="57008660" lat="38.7931757" lon="-89.9966148"/>
  <node id="5465127251" version="1" timestamp="2018-03-08T18:23:50Z" uid="7261026" user="Falkner09" changeset="57008660" lat="38.7931377" lon="-89.9965874"/>
  <node id="5465127252" version="1" timestamp="2018-03-08T18:23:50Z" uid="7261026" user="Falkner09" changeset="57008660" lat="38.7931147" lon="-89.9965813"/>
  <node id="5465127253" version="1" timestamp="2018-03-08T18:23:50Z" uid="7261026" user="Falkner09" changeset="57008660" lat="38.7930909" lon="-89.9965863"/>
  <node id="5465127254" version="1" timestamp="2018-03-08T18:23:50Z" uid="7261026" user="Falkner09" changeset="57008660" lat="38.7930719" lon="-89.9965965"/>
  <node id="5465127255" version="1" timestamp="2018-03-08T18:23:50Z" uid="7261026" user="Falkner09" changeset="57008660" lat="38.7930537" lon="-89.9966168"/>
  <node id="5465127256" version="2" timestamp="2021-07-23T02:33:40Z" uid="12955846" user="JakeEdwardsville" changeset="108456043" lat="38.7930313" lon="-89.9966593"/>
  <node id="5465127257" version="1" timestamp="2018-03-08T18:23:50Z" uid="7261026" user="Falkner09" changeset="57008660" lat="38.7930275" lon="-89.9966707"/>
  <node id="5465127258" version="1" timestamp="2018-03-08T18:23:50Z" uid="7261026" user="Falkner09" changeset="57008660" lat="38.7930196" lon="-89.9967032"/>
  <node id="5465127259" version="1" timestamp="2018-03-08T18:23:50Z" uid="7261026" user="Falkner09" changeset="57008660" lat="38.7930149" lon="-89.9967368"/>
  <node id="5465127260" version="1" timestamp="2018-03-08T18:23:50Z" uid="7261026" user="Falkner09" changeset="57008660" lat="38.7930134" lon="-89.9967663"/>
  <node id="5465127261" version="1" timestamp="2018-03-08T18:23:50Z" uid="7261026" user="Falkner09" changeset="57008660" lat="38.793016" lon="-89.9968038"/>
  <node id="5465127262" version="1" timestamp="2018-03-08T18:23:50Z" uid="7261026" user="Falkner09" changeset="57008660" lat="38.7930212" lon="-89.996832"/>
  <node id="5465127263" version="1" timestamp="2018-03-08T18:23:50Z" uid="7261026" user="Falkner09" changeset="57008660" lat="38.7930285" lon="-89.9968601"/>
  <node id="5465127264" version="1" timestamp="2018-03-08T18:23:50Z" uid="7261026" user="Falkner09" changeset="57008660" lat="38.7931556" lon="-89.9965983"/>
  <node id="5465127272" version="2" timestamp="2022-10-31T18:04:19Z" uid="17481238" user="TetragnathaPlanata" changeset="128311076" lat="38.7932645" lon="-89.99511"/>
  <node id="5465127273" version="2" timestamp="2022-10-31T18:04:19Z" uid="17481238" user="TetragnathaPlanata" changeset="128311076" lat="38.7928696" lon="-89.994797"/>
  <node id="5465127359" version="2" timestamp="2021-04-19T02:00:54Z" uid="3738260" user="Zabot" changeset="103159165" lat="38.7917461" lon="-90.0006461"/>
  <node id="5465127360" version="2" timestamp="2021-04-19T02:00:54Z" uid="3738260" user="Zabot" changeset="103159165" lat="38.7919239" lon="-90.0006437"/>
  <node id="5465127361" version="2" timestamp="2021-04-19T02:00:54Z" uid="3738260" user="Zabot" changeset="103159165" lat="38.7919235" lon="-90.0005294"/>
  <node id="5465127364" version="2" timestamp="2021-04-19T02:00:54Z" uid="3738260" user="Zabot" changeset="103159165" lat="38.7919703" lon="-90.0005293"/>
  <node id="5465127383" version="2" timestamp="2021-07-23T02:33:40Z" uid="12955846" user="JakeEdwardsville" changeset="108456043" lat="38.7934058" lon="-89.9974804"/>
  <node id="5748988800" version="1" timestamp="2018-07-09T09:39:40Z" uid="5438123" user="oormilavinod" changeset="60532561" lat="38.7950515" lon="-89.9998249"/>
  <node id="6150132473" version="2" timestamp="2021-08-03T05:37:02Z" uid="12955846" user="JakeEdwardsville" changeset="109064617" lat="38.7915829" lon="-90.0011456"/>
  <node id="6150132474" version="3" timestamp="2021-08-03T05:37:02Z" uid="12955846" user="JakeEdwardsville" changeset="109064617" lat="38.7913952" lon="-90.0009431"/>
  <node id="6752002896" version="2" timestamp="2021-08-07T19:14:02Z" uid="12955846" user="JakeEdwardsville" changeset="109322874" lat="38.7927201" lon="-90.0031081">
    <tag k="crossing" v="marked"/>
    <tag k="highway" v="crossing"/>
  </node>
  <node id="6934479065" version="3" timestamp="2022-07-23T17:43:35Z" uid="12955846" user="JakeEdwardsville" changeset="123985052" lat="38.7903281" lon="-89.9920829">
    <tag k="highway" v="crossing"/>
  </node>
  <node id="6967680600" version="3" timestamp="2021-08-07T19:14:02Z" uid="12955846" user="JakeEdwardsville" changeset="109322874" lat="38.7969425" lon="-90.0018642"/>
  <node id="6967680619" version="2" timestamp="2021-08-04T23:09:44Z" uid="12955846" user="JakeEdwardsville" changeset="109167274" lat="38.7943679" lon="-90.0010711"/>
  <node id="6967680620" version="2" timestamp="2021-08-04T23:09:44Z" uid="12955846" user="JakeEdwardsville" changeset="109167274" lat="38.7943529" lon="-90.0009797"/>
  <node id="6967680621" version="2" timestamp="2021-08-04T23:09:44Z" uid="12955846" user="JakeEdwardsville" changeset="109167274" lat="38.7943479" lon="-90.0009144"/>
  <node id="6967680622" version="2" timestamp="2021-08-04T23:09:44Z" uid="12955846" user="JakeEdwardsville" changeset="109167274" lat="38.7943443" lon="-90.0007241"/>
  <node id="6967680623" version="1" timestamp="2019-11-11T22:17:01Z" uid="7261026" user="Falkner09" changeset="76932193" lat="38.794354" lon="-90.0005268"/>
  <node id="6967680624" version="2" timestamp="2021-08-04T23:09:44Z" uid="12955846" user="JakeEdwardsville" changeset="109167274" lat="38.7943773" lon="-90.0003213"/>
  <node id="6967680625" version="2" timestamp="2021-08-04T23:09:44Z" uid="12955846" user="JakeEdwardsville" changeset="109167274" lat="38.7944204" lon="-90.0001216"/>
  <node id="6967680626" version="1" timestamp="2019-11-11T22:17:01Z" uid="7261026" user="Falkner09" changeset="76932193" lat="38.7944516" lon="-89.9999577"/>
  <node id="6967680627" version="1" timestamp="2019-11-11T22:17:01Z" uid="7261026" user="Falkner09" changeset="76932193" lat="38.7945142" lon="-89.9997951"/>
  <node id="6967680628" version="1" timestamp="2019-11-11T22:17:01Z" uid="7261026" user="Falkner09" changeset="76932193" lat="38.7946077" lon="-89.9996254"/>
  <node id="6967680629" version="2" timestamp="2021-04-29T18:04:18Z" uid="12955846" user="JakeEdwardsville" changeset="103863083" lat="38.7946358" lon="-89.9994372"/>
  <node id="6967680630" version="1" timestamp="2019-11-11T22:17:01Z" uid="7261026" user="Falkner09" changeset="76932193" lat="38.794688" lon="-89.9995372"/>
  <node id="6967680631" version="1" timestamp="2019-11-11T22:17:01Z" uid="7261026" user="Falkner09" changeset="76932193" lat="38.793702" lon="-90.0010229"/>
  <node id="6967680632" version="1" timestamp="2019-11-11T22:17:01Z" uid="7261026" user="Falkner09" changeset="76932193" lat="38.7936014" lon="-90.0007961"/>
  <node id="6967680633" version="2" timestamp="2023-07-21T01:58:50Z" uid="12955846" user="JakeEdwardsville" changeset="138789957" lat="38.7935693" lon="-90.00005"/>
  <node id="6967680636" version="2" timestamp="2023-07-21T01:58:50Z" uid="12955846" user="JakeEdwardsville" changeset="138789957" lat="38.7937221" lon="-89.999194"/>
  <node id="6967680637" version="3" timestamp="2023-07-21T01:58:50Z" uid="12955846" user="JakeEdwardsville" changeset="138789957" lat="38.7937223" lon="-89.999839"/>
  <node id="6967680638" version="2" timestamp="2021-06-19T16:53:58Z" uid="12955846" user="JakeEdwardsville" changeset="106639623" lat="38.793843" lon="-90.0000003"/>
  <node id="6967680639" version="2" timestamp="2021-06-19T16:53:58Z" uid="12955846" user="JakeEdwardsville" changeset="106639623" lat="38.7940215" lon="-89.9998896"/>
  <node id="6967680640" version="2" timestamp="2021-06-19T16:53:58Z" uid="12955846" user="JakeEdwardsville" changeset="106639623" lat="38.7940578" lon="-89.9998899"/>
  <node id="6967680641" version="2" timestamp="2021-06-19T16:53:58Z" uid="12955846" user="JakeEdwardsville" changeset="106639623" lat="38.7940577" lon="-89.9999147"/>
  <node id="6967680642" version="2" timestamp="2021-06-19T16:53:58Z" uid="12955846" user="JakeEdwardsville" changeset="106639623" lat="38.7939899" lon="-90.0007067"/>
  <node id="6967680643" version="2" timestamp="2021-06-19T16:53:58Z" uid="12955846" user="JakeEdwardsville" changeset="106639623" lat="38.7940499" lon="-90.0006829"/>
  <node id="6967680644" version="2" timestamp="2021-06-19T16:53:58Z" uid="12955846" user="JakeEdwardsville" changeset="106639623" lat="38.7938394" lon="-90.000752"/>
  <node id="6967680645" version="1" timestamp="2019-11-11T22:17:01Z" uid="7261026" user="Falkner09" changeset="76932193" lat="38.7937457" lon="-90.0007684"/>
  <node id="6967680646" version="2" timestamp="2021-06-19T16:53:58Z" uid="12955846" user="JakeEdwardsville" changeset="106639623" lat="38.7936843" lon="-90.0006732"/>
  <node id="6967680647" version="2" timestamp="2021-06-19T16:53:58Z" uid="12955846" user="JakeEdwardsville" changeset="106639623" lat="38.7937342" lon="-89.9999955"/>
  <node id="6967680648" version="2" timestamp="2021-06-19T16:53:58Z" uid="12955846" user="JakeEdwardsville" changeset="106639623" lat="38.7936469" lon="-90.0000201"/>
  <node id="6967680649" version="2" timestamp="2021-06-19T16:53:58Z" uid="12955846" user="JakeEdwardsville" changeset="106639623" lat="38.7936999" lon="-89.9999972"/>
  <node id="6967680651" version="2" timestamp="2021-06-19T16:53:58Z" uid="12955846" user="JakeEdwardsville" changeset="106639623" lat="38.793638" lon="-90.0000962"/>
  <node id="6967680652" version="2" timestamp="2021-06-19T16:53:58Z" uid="12955846" user="JakeEdwardsville" changeset="106639623" lat="38.793631" lon="-90.0000959"/>
  <node id="6967680653" version="2" timestamp="2023-07-21T01:58:50Z" uid="12955846" user="JakeEdwardsville" changeset="138789957" lat="38.7937199" lon="-89.9995822"/>
  <node id="6967680654" version="2" timestamp="2021-06-19T16:53:58Z" uid="12955846" user="JakeEdwardsville" changeset="106639623" lat="38.7935953" lon="-89.9989468"/>
  <node id="6967680655" version="2" timestamp="2023-07-21T01:58:50Z" uid="12955846" user="JakeEdwardsville" changeset="138789957" lat="38.7937698" lon="-89.9989453"/>
  <node id="6967733027" version="2" timestamp="2021-07-26T18:20:28Z" uid="12955846" user="JakeEdwardsville" changeset="108640828" lat="38.7950874" lon="-90.0002832"/>
  <node id="6967733054" version="3" timestamp="2021-06-19T16:53:58Z" uid="12955846" user="JakeEdwardsville" changeset="106639623" lat="38.7954349" lon="-90.0000739"/>
  <node id="6967733055" version="1" timestamp="2019-11-11T23:02:12Z" uid="7261026" user="Falkner09" changeset="76933372" lat="38.7952322" lon="-90.0000746"/>
  <node id="6967733056" version="1" timestamp="2019-11-11T23:02:12Z" uid="7261026" user="Falkner09" changeset="76933372" lat="38.7952156" lon="-90.0001054"/>
  <node id="6967733057" version="1" timestamp="2019-11-11T23:02:12Z" uid="7261026" user="Falkner09" changeset="76933372" lat="38.7951823" lon="-90.0001029"/>
  <node id="6967733058" version="2" timestamp="2021-03-29T14:28:02Z" uid="12943990" user="no1no2no3no4" changeset="101923937" lat="38.7950632" lon="-90.000251"/>
  <node id="6967733059" version="2" timestamp="2021-03-29T14:28:02Z" uid="12943990" user="no1no2no3no4" changeset="101923937" lat="38.7951211" lon="-90.0003278"/>
  <node id="6967733060" version="2" timestamp="2021-03-29T14:28:02Z" uid="12943990" user="no1no2no3no4" changeset="101923937" lat="38.7951125" lon="-90.0003385"/>
  <node id="6967733061" version="2" timestamp="2021-03-29T14:28:02Z" uid="12943990" user="no1no2no3no4" changeset="101923937" lat="38.7951603" lon="-90.0004018"/>
  <node id="6967733062" version="2" timestamp="2021-03-29T14:28:02Z" uid="12943990" user="no1no2no3no4" changeset="101923937" lat="38.7951713" lon="-90.0003881"/>
  <node id="6967733063" version="1" timestamp="2019-11-11T23:02:12Z" uid="7261026" user="Falkner09" changeset="76933372" lat="38.7951879" lon="-90.0004101"/>
  <node id="6967733064" version="1" timestamp="2019-11-11T23:02:12Z" uid="7261026" user="Falkner09" changeset="76933372" lat="38.795187" lon="-90.0004595"/>
  <node id="6967733065" version="1" timestamp="2019-11-11T23:02:12Z" uid="7261026" user="Falkner09" changeset="76933372" lat="38.7967768" lon="-90.0003486"/>
  <node id="6967733066" version="1" timestamp="2019-11-11T23:02:12Z" uid="7261026" user="Falkner09" changeset="76933372" lat="38.7967895" lon="-89.9999472"/>
  <node id="6967733067" version="1" timestamp="2019-11-11T23:02:12Z" uid="7261026" user="Falkner09" changeset="76933372" lat="38.7968022" lon="-89.999723"/>
  <node id="6967733068" version="1" timestamp="2019-11-11T23:02:12Z" uid="7261026" user="Falkner09" changeset="76933372" lat="38.7968131" lon="-89.9995806"/>
  <node id="6967733069" version="3" timestamp="2021-08-08T17:40:14Z" uid="12955846" user="JakeEdwardsville" changeset="109356608" lat="38.7968479" lon="-89.9992836"/>
  <node id="6967733070" version="3" timestamp="2021-06-19T16:53:58Z" uid="12955846" user="JakeEdwardsville" changeset="106639623" lat="38.7965404" lon="-90.0002235"/>
  <node id="6967733071" version="3" timestamp="2021-06-19T16:53:58Z" uid="12955846" user="JakeEdwardsville" changeset="106639623" lat="38.796655" lon="-90.0000113"/>
  <node id="6967733072" version="3" timestamp="2021-06-19T16:53:58Z" uid="12955846" user="JakeEdwardsville" changeset="106639623" lat="38.7967191" lon="-90.0000115"/>
  <node id="6967733073" version="3" timestamp="2021-06-19T16:53:58Z" uid="12955846" user="JakeEdwardsville" changeset="106639623" lat="38.7967188" lon="-89.9999518"/>
  <node id="6967733074" version="3" timestamp="2021-06-19T16:53:58Z" uid="12955846" user="JakeEdwardsville" changeset="106639623" lat="38.7967511" lon="-89.9999525"/>
  <node id="6967733075" version="3" timestamp="2021-06-19T16:53:58Z" uid="12955846" user="JakeEdwardsville" changeset="106639623" lat="38.7967492" lon="-89.9995728"/>
  <node id="6967733076" version="3" timestamp="2021-06-19T16:53:58Z" uid="12955846" user="JakeEdwardsville" changeset="106639623" lat="38.7967617" lon="-89.9995733"/>
  <node id="6967733077" version="3" timestamp="2021-06-19T16:53:58Z" uid="12955846" user="JakeEdwardsville" changeset="106639623" lat="38.7967612" lon="-89.9994631"/>
  <node id="6967733078" version="3" timestamp="2021-06-19T16:53:58Z" uid="12955846" user="JakeEdwardsville" changeset="106639623" lat="38.7967494" lon="-89.9994627"/>
  <node id="6967733079" version="3" timestamp="2021-06-19T16:53:58Z" uid="12955846" user="JakeEdwardsville" changeset="106639623" lat="38.7967501" lon="-89.9993727"/>
  <node id="6967747931" version="1" timestamp="2019-11-11T23:02:12Z" uid="7261026" user="Falkner09" changeset="76933372" lat="38.7931226" lon="-89.9973902"/>
  <node id="6967747966" version="2" timestamp="2021-08-03T05:37:02Z" uid="12955846" user="JakeEdwardsville" changeset="109064617" lat="38.7921157" lon="-89.9985187"/>
  <node id="6967747967" version="1" timestamp="2019-11-11T23:02:12Z" uid="7261026" user="Falkner09" changeset="76933372" lat="38.7920523" lon="-89.9985647"/>
  <node id="6967747968" version="1" timestamp="2019-11-11T23:02:12Z" uid="7261026" user="Falkner09" changeset="76933372" lat="38.7920214" lon="-89.9985688"/>
  <node id="6967747970" version="1" timestamp="2019-11-11T23:02:12Z" uid="7261026" user="Falkner09" changeset="76933372" lat="38.7920357" lon="-89.9985669"/>
  <node id="6967747971" version="1" timestamp="2019-11-11T23:02:12Z" uid="7261026" user="Falkner09" changeset="76933372" lat="38.7919493" lon="-89.9982873"/>
  <node id="6967747972" version="2" timestamp="2021-04-26T22:17:28Z" uid="3738260" user="Zabot" changeset="103662966" lat="38.7919509" lon="-89.9981788">
    <tag k="entrance" v="yes"/>
  </node>
  <node id="6967748000" version="2" timestamp="2021-04-12T23:50:18Z" uid="12955846" user="JakeEdwardsville" changeset="102832116" lat="38.7906007" lon="-90.0015281"/>
  <node id="6967748001" version="3" timestamp="2021-06-19T16:53:58Z" uid="12955846" user="JakeEdwardsville" changeset="106639623" lat="38.790908" lon="-90.0015473"/>
  <node id="6967748003" version="2" timestamp="2021-04-12T23:50:18Z" uid="12955846" user="JakeEdwardsville" changeset="102832116" lat="38.7908147" lon="-90.0017682"/>
  <node id="6967748004" version="2" timestamp="2021-04-12T23:50:18Z" uid="12955846" user="JakeEdwardsville" changeset="102832116" lat="38.7908163" lon="-90.0019478"/>
  <node id="6967748005" version="2" timestamp="2021-04-12T23:50:18Z" uid="12955846" user="JakeEdwardsville" changeset="102832116" lat="38.7906927" lon="-90.0020725"/>
  <node id="6967748006" version="2" timestamp="2021-04-12T23:50:18Z" uid="12955846" user="JakeEdwardsville" changeset="102832116" lat="38.7912005" lon="-90.0020319"/>
  <node id="6967748012" version="2" timestamp="2021-04-12T23:50:18Z" uid="12955846" user="JakeEdwardsville" changeset="102832116" lat="38.791099" lon="-90.0009822"/>
  <node id="6967748013" version="2" timestamp="2021-04-12T23:50:18Z" uid="12955846" user="JakeEdwardsville" changeset="102832116" lat="38.7912437" lon="-90.0013128"/>
  <node id="6967748014" version="2" timestamp="2021-04-12T23:50:18Z" uid="12955846" user="JakeEdwardsville" changeset="102832116" lat="38.7912683" lon="-90.0017679"/>
  <node id="6967748017" version="2" timestamp="2021-04-12T23:50:18Z" uid="12955846" user="JakeEdwardsville" changeset="102832116" lat="38.7912438" lon="-90.001659"/>
  <node id="6967748018" version="2" timestamp="2021-04-12T23:50:18Z" uid="12955846" user="JakeEdwardsville" changeset="102832116" lat="38.7912445" lon="-90.0015415"/>
  <node id="6967748019" version="2" timestamp="2021-04-12T23:50:18Z" uid="12955846" user="JakeEdwardsville" changeset="102832116" lat="38.7912639" lon="-90.001633"/>
  <node id="6967748020" version="2" timestamp="2021-04-12T23:50:18Z" uid="12955846" user="JakeEdwardsville" changeset="102832116" lat="38.7912649" lon="-90.0015691"/>
  <node id="6967748021" version="2" timestamp="2021-04-12T23:50:18Z" uid="12955846" user="JakeEdwardsville" changeset="102832116" lat="38.7912574" lon="-90.001649"/>
  <node id="6967748022" version="2" timestamp="2021-04-12T23:50:18Z" uid="12955846" user="JakeEdwardsville" changeset="102832116" lat="38.7912634" lon="-90.0015419"/>
  <node id="6967748025" version="3" timestamp="2021-08-03T05:37:02Z" uid="12955846" user="JakeEdwardsville" changeset="109064617" lat="38.7913948" lon="-90.0011951"/>
  <node id="6967748027" version="2" timestamp="2021-08-03T05:37:02Z" uid="12955846" user="JakeEdwardsville" changeset="109064617" lat="38.7911889" lon="-90.0011057"/>
  <node id="6967748028" version="2" timestamp="2021-04-12T23:50:18Z" uid="12955846" user="JakeEdwardsville" changeset="102832116" lat="38.7912231" lon="-90.0012871"/>
  <node id="6967748029" version="2" timestamp="2021-04-12T23:50:18Z" uid="12955846" user="JakeEdwardsville" changeset="102832116" lat="38.7911688" lon="-90.0012872"/>
  <node id="6967748030" version="2" timestamp="2021-04-12T23:50:18Z" uid="12955846" user="JakeEdwardsville" changeset="102832116" lat="38.7911533" lon="-90.0012994"/>
  <node id="6967748031" version="2" timestamp="2021-04-12T23:50:18Z" uid="12955846" user="JakeEdwardsville" changeset="102832116" lat="38.7911485" lon="-90.0013166"/>
  <node id="6967748032" version="2" timestamp="2021-04-12T23:50:18Z" uid="12955846" user="JakeEdwardsville" changeset="102832116" lat="38.7911326" lon="-90.0013166"/>
  <node id="6967748033" version="2" timestamp="2021-04-12T23:50:18Z" uid="12955846" user="JakeEdwardsville" changeset="102832116" lat="38.7911327" lon="-90.0012788"/>
  <node id="6967748034" version="2" timestamp="2021-04-12T23:50:18Z" uid="12955846" user="JakeEdwardsville" changeset="102832116" lat="38.7911546" lon="-90.0012785"/>
  <node id="6967748035" version="2" timestamp="2021-04-12T23:50:18Z" uid="12955846" user="JakeEdwardsville" changeset="102832116" lat="38.7911545" lon="-90.0012638"/>
  <node id="6967748036" version="2" timestamp="2021-04-12T23:50:18Z" uid="12955846" user="JakeEdwardsville" changeset="102832116" lat="38.7911662" lon="-90.0012636"/>
  <node id="6967748037" version="2" timestamp="2021-04-12T23:50:18Z" uid="12955846" user="JakeEdwardsville" changeset="102832116" lat="38.7911664" lon="-90.0012187"/>
  <node id="6967748038" version="2" timestamp="2021-04-12T23:50:18Z" uid="12955846" user="JakeEdwardsville" changeset="102832116" lat="38.7911551" lon="-90.0012187"/>
  <node id="6967748039" version="2" timestamp="2021-04-12T23:50:18Z" uid="12955846" user="JakeEdwardsville" changeset="102832116" lat="38.791155" lon="-90.0012057"/>
  <node id="6967748040" version="2" timestamp="2021-04-12T23:50:18Z" uid="12955846" user="JakeEdwardsville" changeset="102832116" lat="38.7911332" lon="-90.0012061"/>
  <node id="6967748041" version="2" timestamp="2021-04-12T23:50:18Z" uid="12955846" user="JakeEdwardsville" changeset="102832116" lat="38.7911336" lon="-90.0011931"/>
  <node id="6967748042" version="1" timestamp="2019-11-11T23:02:12Z" uid="7261026" user="Falkner09" changeset="76933372" lat="38.7911545" lon="-90.0011691"/>
  <node id="6967748043" version="1" timestamp="2019-11-11T23:02:12Z" uid="7261026" user="Falkner09" changeset="76933372" lat="38.7911546" lon="-90.0011355"/>
  <node id="6967748044" version="1" timestamp="2019-11-11T23:02:12Z" uid="7261026" user="Falkner09" changeset="76933372" lat="38.7911534" lon="-90.001078"/>
  <node id="6967748045" version="1" timestamp="2019-11-11T23:02:12Z" uid="7261026" user="Falkner09" changeset="76933372" lat="38.7911532" lon="-90.0011088"/>
  <node id="6967748046" version="1" timestamp="2019-11-11T23:02:12Z" uid="7261026" user="Falkner09" changeset="76933372" lat="38.7911436" lon="-90.0011221"/>
  <node id="6967748047" version="1" timestamp="2019-11-11T23:02:12Z" uid="7261026" user="Falkner09" changeset="76933372" lat="38.7911529" lon="-90.0010544"/>
  <node id="6967748048" version="2" timestamp="2021-04-12T23:50:18Z" uid="12955846" user="JakeEdwardsville" changeset="102832116" lat="38.7911435" lon="-90.001067"/>
  <node id="6967748099" version="2" timestamp="2021-04-27T06:30:35Z" uid="3738260" user="Zabot" changeset="103679062" lat="38.7923621" lon="-89.9966759"/>
  <node id="7122387480" version="2" timestamp="2021-08-03T05:37:02Z" uid="12955846" user="JakeEdwardsville" changeset="109064617" lat="38.7919316" lon="-90.0001596"/>
  <node id="7122387481" version="2" timestamp="2021-08-03T05:37:02Z" uid="12955846" user="JakeEdwardsville" changeset="109064617" lat="38.7919913" lon="-90.0002645"/>
  <node id="7122387482" version="2" timestamp="2021-08-03T05:37:02Z" uid="12955846" user="JakeEdwardsville" changeset="109064617" lat="38.7920378" lon="-90.0003734"/>
  <node id="7122387483" version="2" timestamp="2021-08-03T05:37:02Z" uid="12955846" user="JakeEdwardsville" changeset="109064617" lat="38.7920434" lon="-90.0004681"/>
  <node id="7122387484" version="1" timestamp="2020-01-10T14:27:46Z" uid="10297537" user="appank" changeset="79422478" lat="38.7920404" lon="-90.0005807"/>
  <node id="7122390586" version="2" timestamp="2021-04-19T02:25:38Z" uid="3738260" user="Zabot" changeset="103159570" lat="38.7920947" lon="-90.0009368"/>
  <node id="7595582735" version="2" timestamp="2021-04-29T16:47:19Z" uid="12955846" user="JakeEdwardsville" changeset="103859039" lat="38.796135" lon="-89.9930898"/>
  <node id="7595582750" version="2" timestamp="2021-04-12T23:50:18Z" uid="12955846" user="JakeEdwardsville" changeset="102832116" lat="38.791848" lon="-89.9936032"/>
  <node id="7595582777" version="2" timestamp="2021-04-01T02:30:27Z" uid="12955846" user="JakeEdwardsville" changeset="102085335" lat="38.790268" lon="-89.9938243"/>
  <node id="8153158441" version="3" timestamp="2022-10-31T19:51:25Z" uid="17481238" user="TetragnathaPlanata" changeset="128314749" lat="38.7918665" lon="-89.995839">
    <tag k="crossing" v="marked"/>
    <tag k="highway" v="crossing"/>
    <tag k="tactile_paving" v="yes"/>
  </node>
  <node id="8571918416" version="1" timestamp="2021-03-29T14:03:35Z" uid="12943990" user="no1no2no3no4" changeset="101922851" lat="38.7907907" lon="-89.9906644"/>
  <node id="8571918417" version="1" timestamp="2021-03-29T14:03:35Z" uid="12943990" user="no1no2no3no4" changeset="101922851" lat="38.7906453" lon="-89.9908774"/>
  <node id="8571918418" version="1" timestamp="2021-03-29T14:03:35Z" uid="12943990" user="no1no2no3no4" changeset="101922851" lat="38.7905229" lon="-89.9910171"/>
  <node id="8571918419" version="1" timestamp="2021-03-29T14:03:35Z" uid="12943990" user="no1no2no3no4" changeset="101922851" lat="38.7904338" lon="-89.9911055"/>
  <node id="8571918420" version="1" timestamp="2021-03-29T14:03:35Z" uid="12943990" user="no1no2no3no4" changeset="101922851" lat="38.7904132" lon="-89.9911269"/>
  <node id="8571918421" version="1" timestamp="2021-03-29T14:03:35Z" uid="12943990" user="no1no2no3no4" changeset="101922851" lat="38.7904068" lon="-89.9911599"/>
  <node id="8571918422" version="1" timestamp="2021-03-29T14:03:35Z" uid="12943990" user="no1no2no3no4" changeset="101922851" lat="38.7904433" lon="-89.9912336"/>
  <node id="8571918423" version="1" timestamp="2021-03-29T14:03:35Z" uid="12943990" user="no1no2no3no4" changeset="101922851" lat="38.7905455" lon="-89.9913983"/>
  <node id="8571918424" version="1" timestamp="2021-03-29T14:03:35Z" uid="12943990" user="no1no2no3no4" changeset="101922851" lat="38.7906401" lon="-89.9915522"/>
  <node id="8571918425" version="1" timestamp="2021-03-29T14:03:35Z" uid="12943990" user="no1no2no3no4" changeset="101922851" lat="38.7906675" lon="-89.9915217"/>
  <node id="8571918426" version="1" timestamp="2021-03-29T14:03:35Z" uid="12943990" user="no1no2no3no4" changeset="101922851" lat="38.7907055" lon="-89.9914577"/>
  <node id="8571918427" version="1" timestamp="2021-03-29T14:03:35Z" uid="12943990" user="no1no2no3no4" changeset="101922851" lat="38.7907324" lon="-89.9913881"/>
  <node id="8571918428" version="2" timestamp="2021-04-27T06:59:59Z" uid="3738260" user="Zabot" changeset="103681547" lat="38.7907828" lon="-89.9912799"/>
  <node id="8571918429" version="2" timestamp="2021-07-01T02:12:51Z" uid="12955846" user="JakeEdwardsville" changeset="107233872" lat="38.7907614" lon="-89.9912527"/>
  <node id="8571918430" version="1" timestamp="2021-03-29T14:03:35Z" uid="12943990" user="no1no2no3no4" changeset="101922851" lat="38.7905444" lon="-89.9909926"/>
  <node id="8571918435" version="3" timestamp="2025-10-06T16:54:31Z" uid="10113153" user="E-Ville Editor" changeset="172924947" lat="38.7908972" lon="-89.9908589">
    <tag k="addr:city" v="Edwardsville"/>
    <tag k="addr:housenumber" v="220"/>
    <tag k="addr:postcode" v="62025"/>
    <tag k="addr:state" v="IL"/>
    <tag k="addr:street" v="University Park Drive"/>
    <tag k="amenity" v="loading_dock"/>
    <tag k="ref" v="Health Science Building Loading Dock"/>
  </node>
  <node id="8571940753" version="3" timestamp="2025-10-27T03:02:43Z" uid="22570471" user="seateaeye" changeset="173818637" lat="38.7934173" lon="-89.9952537">
    <tag k="crossing" v="uncontrolled"/>
    <tag k="highway" v="crossing"/>
    <tag k="tactile_paving" v="yes"/>
  </node>
  <node id="8571940754" version="3" timestamp="2025-08-08T18:05:26Z" uid="22659674" user="AG1700" changeset="170169414" lat="38.7928051" lon="-89.9952735">
    <tag k="crossing" v="marked"/>
    <tag k="crossing:markings" v="yes"/>
    <tag k="highway" v="crossing"/>
    <tag k="tactile_paving" v="yes"/>
  </node>
  <node id="8571940755" version="1" timestamp="2021-03-29T14:11:29Z" uid="12943990" user="no1no2no3no4" changeset="101923207" lat="38.7920935" lon="-89.9938841"/>
  <node id="8571940756" version="1" timestamp="2021-03-29T14:11:29Z" uid="12943990" user="no1no2no3no4" changeset="101923207" lat="38.792695" lon="-89.9934869"/>
  <node id="8571940757" version="3" timestamp="2025-08-08T18:05:26Z" uid="22659674" user="AG1700" changeset="170169414" lat="38.7927111" lon="-89.9935461">
    <tag k="crossing" v="marked"/>
    <tag k="crossing:markings" v="yes"/>
    <tag k="highway" v="crossing"/>
    <tag k="tactile_paving" v="yes"/>
  </node>
  <node id="8571940758" version="3" timestamp="2022-10-31T17:25:13Z" uid="17481238" user="TetragnathaPlanata" changeset="128309665" lat="38.7935318" lon="-89.9934815"/>
  <node id="8571940759" version="2" timestamp="2025-08-08T18:05:26Z" uid="22659674" user="AG1700" changeset="170169414" lat="38.793519" lon="-89.9935401">
    <tag k="crossing" v="marked"/>
    <tag k="crossing:markings" v="yes"/>
    <tag k="highway" v="crossing"/>
  </node>
  <node id="8571940760" version="2" timestamp="2021-08-07T19:14:02Z" uid="12955846" user="JakeEdwardsville" changeset="109322874" lat="38.794047" lon="-89.9937855"/>
  <node id="8571940761" version="4" timestamp="2025-11-07T01:25:27Z" uid="19598846" user="wesleyote" changeset="174312868" lat="38.7940165" lon="-89.9938344">
    <tag k="crossing" v="uncontrolled"/>
    <tag k="crossing:markings" v="ladder"/>
    <tag k="highway" v="crossing"/>
    <tag k="tactile_paving" v="yes"/>
  </node>
  <node id="8571940762" version="4" timestamp="2025-11-07T01:25:26Z" uid="19598846" user="wesleyote" changeset="174312868" lat="38.7939956" lon="-89.9938675">
    <tag k="crossing" v="uncontrolled"/>
    <tag k="crossing:markings" v="ladder"/>
    <tag k="highway" v="crossing"/>
    <tag k="tactile_paving" v="yes"/>
  </node>
  <node id="8571940763" version="2" timestamp="2021-08-07T19:14:02Z" uid="12955846" user="JakeEdwardsville" changeset="109322874" lat="38.7940848" lon="-89.9938098"/>
  <node id="8571940764" version="4" timestamp="2025-11-07T01:25:26Z" uid="19598846" user="wesleyote" changeset="174312868" lat="38.7940752" lon="-89.9938672">
    <tag k="crossing" v="uncontrolled"/>
    <tag k="crossing:markings" v="ladder"/>
    <tag k="highway" v="crossing"/>
    <tag k="tactile_paving" v="yes"/>
  </node>
  <node id="8571940765" version="4" timestamp="2025-10-27T03:02:43Z" uid="22570471" user="seateaeye" changeset="173818637" lat="38.7939548" lon="-89.9949517">
    <tag k="crossing" v="marked"/>
    <tag k="crossing:markings" v="yes"/>
    <tag k="highway" v="crossing"/>
  </node>
  <node id="8571940766" version="2" timestamp="2021-08-03T05:37:02Z" uid="12955846" user="JakeEdwardsville" changeset="109064617" lat="38.7931503" lon="-89.9995845">
    <tag k="highway" v="crossing"/>
  </node>
  <node id="8571940768" version="2" timestamp="2021-08-07T19:14:02Z" uid="12955846" user="JakeEdwardsville" changeset="109322874" lat="38.7971241" lon="-89.9964507">
    <tag k="crossing" v="marked"/>
    <tag k="highway" v="crossing"/>
  </node>
  <node id="8571940769" version="3" timestamp="2021-08-07T19:14:02Z" uid="12955846" user="JakeEdwardsville" changeset="109322874" lat="38.7970055" lon="-89.9993201">
    <tag k="crossing" v="marked"/>
    <tag k="highway" v="crossing"/>
  </node>
  <node id="8571940770" version="3" timestamp="2023-07-22T22:53:20Z" uid="12955846" user="JakeEdwardsville" changeset="138873773" lat="38.796977" lon="-90.0003695">
    <tag k="crossing" v="marked"/>
    <tag k="crossing:markings" v="yes"/>
    <tag k="highway" v="crossing"/>
  </node>
  <node id="8571940771" version="2" timestamp="2021-08-07T19:14:02Z" uid="12955846" user="JakeEdwardsville" changeset="109322874" lat="38.7969947" lon="-90.0018852">
    <tag k="crossing" v="marked"/>
    <tag k="highway" v="crossing"/>
  </node>
  <node id="8571987142" version="3" timestamp="2022-10-26T18:57:00Z" uid="7261026" user="Falkner09" changeset="128098134" lat="38.7902313" lon="-89.9943124"/>
  <node id="8571987143" version="4" timestamp="2025-08-08T18:05:26Z" uid="22659674" user="AG1700" changeset="170169414" lat="38.7902299" lon="-89.9943601">
    <tag k="crossing" v="marked"/>
    <tag k="crossing:markings" v="yes"/>
    <tag k="highway" v="crossing"/>
    <tag k="tactile_paving" v="yes"/>
  </node>
  <node id="8571987144" version="2" timestamp="2021-04-01T02:54:17Z" uid="12955846" user="JakeEdwardsville" changeset="102085860" lat="38.7902469" lon="-89.9941338"/>
  <node id="8571987145" version="2" timestamp="2021-04-01T02:54:17Z" uid="12955846" user="JakeEdwardsville" changeset="102085860" lat="38.7902529" lon="-89.9940333"/>
  <node id="8571987146" version="3" timestamp="2025-08-08T18:05:26Z" uid="22659674" user="AG1700" changeset="170169414" lat="38.7902513" lon="-89.994074">
    <tag k="crossing" v="marked"/>
    <tag k="crossing:markings" v="yes"/>
    <tag k="highway" v="crossing"/>
    <tag k="tactile_paving" v="yes"/>
  </node>
  <node id="8571987147" version="2" timestamp="2021-06-19T16:53:58Z" uid="12955846" user="JakeEdwardsville" changeset="106639623" lat="38.7940941" lon="-89.9992987"/>
  <node id="8571987148" version="2" timestamp="2021-06-19T16:53:58Z" uid="12955846" user="JakeEdwardsville" changeset="106639623" lat="38.796716" lon="-89.9993733"/>
  <node id="8571987149" version="2" timestamp="2021-06-19T16:53:58Z" uid="12955846" user="JakeEdwardsville" changeset="106639623" lat="38.7967117" lon="-89.999312"/>
  <node id="8571987150" version="2" timestamp="2021-06-19T16:53:58Z" uid="12955846" user="JakeEdwardsville" changeset="106639623" lat="38.7966947" lon="-89.9993118"/>
  <node id="8571987151" version="2" timestamp="2021-06-19T16:53:58Z" uid="12955846" user="JakeEdwardsville" changeset="106639623" lat="38.7966947" lon="-89.9992535"/>
  <node id="8571987152" version="2" timestamp="2021-06-19T16:53:58Z" uid="12955846" user="JakeEdwardsville" changeset="106639623" lat="38.7966362" lon="-89.9992543"/>
  <node id="8571987153" version="2" timestamp="2021-06-19T16:53:58Z" uid="12955846" user="JakeEdwardsville" changeset="106639623" lat="38.7966365" lon="-89.9992352"/>
  <node id="8571987154" version="2" timestamp="2021-06-19T16:53:58Z" uid="12955846" user="JakeEdwardsville" changeset="106639623" lat="38.7965035" lon="-89.9992362"/>
  <node id="8571987155" version="2" timestamp="2021-06-19T16:53:58Z" uid="12955846" user="JakeEdwardsville" changeset="106639623" lat="38.7965037" lon="-89.9995045"/>
  <node id="8571987156" version="2" timestamp="2021-06-19T16:53:58Z" uid="12955846" user="JakeEdwardsville" changeset="106639623" lat="38.7961229" lon="-89.9991997"/>
  <node id="8571987157" version="2" timestamp="2021-06-19T16:53:58Z" uid="12955846" user="JakeEdwardsville" changeset="106639623" lat="38.7961035" lon="-89.9991047"/>
  <node id="8571987158" version="2" timestamp="2021-06-19T16:53:58Z" uid="12955846" user="JakeEdwardsville" changeset="106639623" lat="38.7960562" lon="-89.9990384"/>
  <node id="8571987159" version="2" timestamp="2021-06-19T16:53:58Z" uid="12955846" user="JakeEdwardsville" changeset="106639623" lat="38.7960072" lon="-89.9990096"/>
  <node id="8571987160" version="2" timestamp="2021-08-07T19:14:02Z" uid="12955846" user="JakeEdwardsville" changeset="109322874" lat="38.7969144" lon="-90.0003659"/>
  <node id="8571987161" version="2" timestamp="2021-07-26T18:20:28Z" uid="12955846" user="JakeEdwardsville" changeset="108640828" lat="38.7969178" lon="-89.9992912"/>
  <node id="8571987166" version="3" timestamp="2021-07-23T21:45:00Z" uid="12955846" user="JakeEdwardsville" changeset="108514219" lat="38.7961401" lon="-89.9989538"/>
  <node id="8571987170" version="2" timestamp="2021-07-23T21:45:00Z" uid="12955846" user="JakeEdwardsville" changeset="108514219" lat="38.7961891" lon="-89.999132"/>
  <node id="8571987171" version="3" timestamp="2021-07-26T18:20:28Z" uid="12955846" user="JakeEdwardsville" changeset="108640828" lat="38.7961921" lon="-89.9992964"/>
  <node id="8571987172" version="2" timestamp="2021-06-19T16:53:58Z" uid="12955846" user="JakeEdwardsville" changeset="106639623" lat="38.796167" lon="-89.9994124"/>
  <node id="8571987173" version="2" timestamp="2021-07-26T18:20:28Z" uid="12955846" user="JakeEdwardsville" changeset="108640828" lat="38.7962304" lon="-89.9992956"/>
  <node id="8571987174" version="3" timestamp="2021-08-08T17:40:14Z" uid="12955846" user="JakeEdwardsville" changeset="109356608" lat="38.7962271" lon="-89.9990059"/>
  <node id="8571987176" version="3" timestamp="2021-08-08T17:40:14Z" uid="12955846" user="JakeEdwardsville" changeset="109356608" lat="38.7959257" lon="-89.9988729"/>
  <node id="8571987179" version="2" timestamp="2021-06-19T16:53:58Z" uid="12955846" user="JakeEdwardsville" changeset="106639623" lat="38.7959617" lon="-89.9990685"/>
  <node id="8571987188" version="3" timestamp="2021-08-10T19:41:43Z" uid="12955846" user="JakeEdwardsville" changeset="109481746" lat="38.7959425" lon="-89.9986491"/>
  <node id="8571987189" version="4" timestamp="2021-08-10T19:41:43Z" uid="12955846" user="JakeEdwardsville" changeset="109481746" lat="38.7960436" lon="-89.9986425"/>
  <node id="8571987190" version="1" timestamp="2021-03-29T14:28:02Z" uid="12943990" user="no1no2no3no4" changeset="101923937" lat="38.7959338" lon="-89.999336"/>
  <node id="8571987192" version="1" timestamp="2021-03-29T14:28:02Z" uid="12943990" user="no1no2no3no4" changeset="101923937" lat="38.7944179" lon="-89.9998511"/>
  <node id="8571987193" version="1" timestamp="2021-03-29T14:28:02Z" uid="12943990" user="no1no2no3no4" changeset="101923937" lat="38.7943627" lon="-89.9998726"/>
  <node id="8571987194" version="1" timestamp="2021-03-29T14:28:02Z" uid="12943990" user="no1no2no3no4" changeset="101923937" lat="38.7942655" lon="-89.9998834"/>
  <node id="8571987195" version="1" timestamp="2021-03-29T14:28:02Z" uid="12943990" user="no1no2no3no4" changeset="101923937" lat="38.7942018" lon="-89.9998788"/>
  <node id="8571987196" version="1" timestamp="2021-03-29T14:28:02Z" uid="12943990" user="no1no2no3no4" changeset="101923937" lat="38.7941442" lon="-89.9998511"/>
  <node id="8571987197" version="1" timestamp="2021-03-29T14:28:02Z" uid="12943990" user="no1no2no3no4" changeset="101923937" lat="38.7941226" lon="-89.9998249"/>
  <node id="8571987198" version="2" timestamp="2021-08-04T23:09:44Z" uid="12955846" user="JakeEdwardsville" changeset="109167274" lat="38.7944432" lon="-89.9999841"/>
  <node id="8571987201" version="1" timestamp="2021-03-29T14:28:02Z" uid="12943990" user="no1no2no3no4" changeset="101923937" lat="38.7944074" lon="-89.9998552"/>
  <node id="8571987202" version="1" timestamp="2021-03-29T14:28:02Z" uid="12943990" user="no1no2no3no4" changeset="101923937" lat="38.7940386" lon="-89.9998407"/>
  <node id="8571987324" version="2" timestamp="2021-08-03T05:37:02Z" uid="12955846" user="JakeEdwardsville" changeset="109064617" lat="38.7924749" lon="-90.0031188"/>
  <node id="8571987325" version="1" timestamp="2021-03-29T14:28:02Z" uid="12943990" user="no1no2no3no4" changeset="101923937" lat="38.7925056" lon="-90.0033526"/>
  <node id="8571987326" version="1" timestamp="2021-03-29T14:28:02Z" uid="12943990" user="no1no2no3no4" changeset="101923937" lat="38.7924789" lon="-90.0034666"/>
  <node id="8571987327" version="2" timestamp="2023-07-21T01:58:50Z" uid="12955846" user="JakeEdwardsville" changeset="138789957" lat="38.7924349" lon="-90.0035883"/>
  <node id="8571987328" version="2" timestamp="2021-08-03T05:37:02Z" uid="12955846" user="JakeEdwardsville" changeset="109064617" lat="38.7924688" lon="-90.0030521">
    <tag k="crossing" v="marked"/>
    <tag k="highway" v="crossing"/>
  </node>
  <node id="8571987329" version="1" timestamp="2021-03-29T14:28:02Z" uid="12943990" user="no1no2no3no4" changeset="101923937" lat="38.7924921" lon="-90.0034102">
    <tag k="crossing" v="marked"/>
    <tag k="highway" v="crossing"/>
  </node>
  <node id="8577192126" version="1" timestamp="2021-03-31T01:08:32Z" uid="12955846" user="JakeEdwardsville" changeset="102014343" lat="38.7900732" lon="-89.9950664"/>
  <node id="8577192127" version="1" timestamp="2021-03-31T01:08:32Z" uid="12955846" user="JakeEdwardsville" changeset="102014343" lat="38.7900493" lon="-89.9951161"/>
  <node id="8577192128" version="1" timestamp="2021-03-31T01:08:32Z" uid="12955846" user="JakeEdwardsville" changeset="102014343" lat="38.7900571" lon="-89.9951224"/>
  <node id="8577192129" version="1" timestamp="2021-03-31T01:08:32Z" uid="12955846" user="JakeEdwardsville" changeset="102014343" lat="38.7900407" lon="-89.9951607"/>
  <node id="8577192130" version="1" timestamp="2021-03-31T01:08:32Z" uid="12955846" user="JakeEdwardsville" changeset="102014343" lat="38.7900735" lon="-89.9951637"/>
  <node id="8577192131" version="1" timestamp="2021-03-31T01:08:32Z" uid="12955846" user="JakeEdwardsville" changeset="102014343" lat="38.7899667" lon="-89.9953305"/>
  <node id="8577192132" version="1" timestamp="2021-03-31T01:08:32Z" uid="12955846" user="JakeEdwardsville" changeset="102014343" lat="38.789976" lon="-89.9953391"/>
  <node id="8577192133" version="1" timestamp="2021-03-31T01:08:32Z" uid="12955846" user="JakeEdwardsville" changeset="102014343" lat="38.7899308" lon="-89.9954382"/>
  <node id="8577192134" version="1" timestamp="2021-03-31T01:08:32Z" uid="12955846" user="JakeEdwardsville" changeset="102014343" lat="38.7899169" lon="-89.9954297"/>
  <node id="8577192135" version="1" timestamp="2021-03-31T01:08:32Z" uid="12955846" user="JakeEdwardsville" changeset="102014343" lat="38.7898911" lon="-89.9954958"/>
  <node id="8577192136" version="1" timestamp="2021-03-31T01:08:32Z" uid="12955846" user="JakeEdwardsville" changeset="102014343" lat="38.7899017" lon="-89.9955019"/>
  <node id="8577192137" version="1" timestamp="2021-03-31T01:08:32Z" uid="12955846" user="JakeEdwardsville" changeset="102014343" lat="38.7898897" lon="-89.9955352"/>
  <node id="8577192138" version="1" timestamp="2021-03-31T01:08:32Z" uid="12955846" user="JakeEdwardsville" changeset="102014343" lat="38.7899072" lon="-89.995547"/>
  <node id="8577192139" version="1" timestamp="2021-03-31T01:08:32Z" uid="12955846" user="JakeEdwardsville" changeset="102014343" lat="38.789885" lon="-89.9955957"/>
  <node id="8577192140" version="1" timestamp="2021-03-31T01:08:32Z" uid="12955846" user="JakeEdwardsville" changeset="102014343" lat="38.7898668" lon="-89.9955842"/>
  <node id="8577192141" version="1" timestamp="2021-03-31T01:08:32Z" uid="12955846" user="JakeEdwardsville" changeset="102014343" lat="38.7898554" lon="-89.9956071"/>
  <node id="8577192142" version="1" timestamp="2021-03-31T01:08:32Z" uid="12955846" user="JakeEdwardsville" changeset="102014343" lat="38.7898442" lon="-89.9956002"/>
  <node id="8577192143" version="1" timestamp="2021-03-31T01:08:32Z" uid="12955846" user="JakeEdwardsville" changeset="102014343" lat="38.7897912" lon="-89.9957197"/>
  <node id="8577192144" version="1" timestamp="2021-03-31T01:08:32Z" uid="12955846" user="JakeEdwardsville" changeset="102014343" lat="38.7898141" lon="-89.9957371"/>
  <node id="8577192145" version="1" timestamp="2021-03-31T01:08:32Z" uid="12955846" user="JakeEdwardsville" changeset="102014343" lat="38.7898205" lon="-89.9957227"/>
  <node id="8577192146" version="1" timestamp="2021-03-31T01:08:32Z" uid="12955846" user="JakeEdwardsville" changeset="102014343" lat="38.7899015" lon="-89.9957827"/>
  <node id="8577192147" version="1" timestamp="2021-03-31T01:08:32Z" uid="12955846" user="JakeEdwardsville" changeset="102014343" lat="38.7898951" lon="-89.9957958"/>
  <node id="8577192148" version="1" timestamp="2021-03-31T01:08:32Z" uid="12955846" user="JakeEdwardsville" changeset="102014343" lat="38.7899217" lon="-89.9958139"/>
  <node id="8577192149" version="1" timestamp="2021-03-31T01:08:32Z" uid="12955846" user="JakeEdwardsville" changeset="102014343" lat="38.7899492" lon="-89.9958271"/>
  <node id="8577192150" version="1" timestamp="2021-03-31T01:08:32Z" uid="12955846" user="JakeEdwardsville" changeset="102014343" lat="38.7899529" lon="-89.9958127"/>
  <node id="8577192151" version="1" timestamp="2021-03-31T01:08:32Z" uid="12955846" user="JakeEdwardsville" changeset="102014343" lat="38.7900396" lon="-89.9958526"/>
  <node id="8577192152" version="1" timestamp="2021-03-31T01:08:32Z" uid="12955846" user="JakeEdwardsville" changeset="102014343" lat="38.7900359" lon="-89.9958665"/>
  <node id="8577192153" version="1" timestamp="2021-03-31T01:08:32Z" uid="12955846" user="JakeEdwardsville" changeset="102014343" lat="38.7900661" lon="-89.9958808"/>
  <node id="8577192154" version="1" timestamp="2021-03-31T01:08:32Z" uid="12955846" user="JakeEdwardsville" changeset="102014343" lat="38.7900601" lon="-89.9959049"/>
  <node id="8577192155" version="1" timestamp="2021-03-31T01:08:32Z" uid="12955846" user="JakeEdwardsville" changeset="102014343" lat="38.7900713" lon="-89.9959097"/>
  <node id="8577192156" version="1" timestamp="2021-03-31T01:08:32Z" uid="12955846" user="JakeEdwardsville" changeset="102014343" lat="38.7900812" lon="-89.9959417"/>
  <node id="8577192157" version="1" timestamp="2021-03-31T01:08:32Z" uid="12955846" user="JakeEdwardsville" changeset="102014343" lat="38.790075" lon="-89.9959678"/>
  <node id="8577192158" version="1" timestamp="2021-03-31T01:08:32Z" uid="12955846" user="JakeEdwardsville" changeset="102014343" lat="38.7900511" lon="-89.9959834"/>
  <node id="8577192159" version="1" timestamp="2021-03-31T01:08:32Z" uid="12955846" user="JakeEdwardsville" changeset="102014343" lat="38.790019" lon="-89.9959678"/>
  <node id="8577192160" version="1" timestamp="2021-03-31T01:08:32Z" uid="12955846" user="JakeEdwardsville" changeset="102014343" lat="38.7900073" lon="-89.9960077"/>
  <node id="8577192161" version="1" timestamp="2021-03-31T01:08:32Z" uid="12955846" user="JakeEdwardsville" changeset="102014343" lat="38.7899959" lon="-89.9960051"/>
  <node id="8577192162" version="1" timestamp="2021-03-31T01:08:32Z" uid="12955846" user="JakeEdwardsville" changeset="102014343" lat="38.7899757" lon="-89.9960774"/>
  <node id="8577192163" version="1" timestamp="2021-03-31T01:08:32Z" uid="12955846" user="JakeEdwardsville" changeset="102014343" lat="38.7899865" lon="-89.9960814"/>
  <node id="8577192164" version="1" timestamp="2021-03-31T01:08:32Z" uid="12955846" user="JakeEdwardsville" changeset="102014343" lat="38.7899556" lon="-89.9961931"/>
  <node id="8577192165" version="1" timestamp="2021-03-31T01:08:32Z" uid="12955846" user="JakeEdwardsville" changeset="102014343" lat="38.7899339" lon="-89.9961837"/>
  <node id="8577192166" version="1" timestamp="2021-03-31T01:08:32Z" uid="12955846" user="JakeEdwardsville" changeset="102014343" lat="38.7899159" lon="-89.9962421"/>
  <node id="8577192167" version="1" timestamp="2021-03-31T01:08:32Z" uid="12955846" user="JakeEdwardsville" changeset="102014343" lat="38.7898301" lon="-89.9962026"/>
  <node id="8577192168" version="1" timestamp="2021-03-31T01:08:32Z" uid="12955846" user="JakeEdwardsville" changeset="102014343" lat="38.7898468" lon="-89.9961435"/>
  <node id="8577192169" version="1" timestamp="2021-03-31T01:08:32Z" uid="12955846" user="JakeEdwardsville" changeset="102014343" lat="38.7898235" lon="-89.9961336"/>
  <node id="8577192170" version="1" timestamp="2021-03-31T01:08:32Z" uid="12955846" user="JakeEdwardsville" changeset="102014343" lat="38.7898558" lon="-89.9960226"/>
  <node id="8577192171" version="1" timestamp="2021-03-31T01:08:32Z" uid="12955846" user="JakeEdwardsville" changeset="102014343" lat="38.7898675" lon="-89.9960267"/>
  <node id="8577192172" version="1" timestamp="2021-03-31T01:08:32Z" uid="12955846" user="JakeEdwardsville" changeset="102014343" lat="38.7898857" lon="-89.9959611"/>
  <node id="8577192173" version="1" timestamp="2021-03-31T01:08:32Z" uid="12955846" user="JakeEdwardsville" changeset="102014343" lat="38.7898388" lon="-89.9959255"/>
  <node id="8577192174" version="1" timestamp="2021-03-31T01:08:32Z" uid="12955846" user="JakeEdwardsville" changeset="102014343" lat="38.7898333" lon="-89.9959392"/>
  <node id="8577192175" version="1" timestamp="2021-03-31T01:08:32Z" uid="12955846" user="JakeEdwardsville" changeset="102014343" lat="38.7897511" lon="-89.9958805"/>
  <node id="8577192176" version="1" timestamp="2021-03-31T01:08:32Z" uid="12955846" user="JakeEdwardsville" changeset="102014343" lat="38.7897578" lon="-89.9958654"/>
  <node id="8577192177" version="1" timestamp="2021-03-31T01:08:32Z" uid="12955846" user="JakeEdwardsville" changeset="102014343" lat="38.7896974" lon="-89.9958237"/>
  <node id="8577192178" version="1" timestamp="2021-03-31T01:08:32Z" uid="12955846" user="JakeEdwardsville" changeset="102014343" lat="38.7897004" lon="-89.9958164"/>
  <node id="8577192179" version="1" timestamp="2021-03-31T01:08:32Z" uid="12955846" user="JakeEdwardsville" changeset="102014343" lat="38.7896775" lon="-89.9958004"/>
  <node id="8577192180" version="1" timestamp="2021-03-31T01:08:32Z" uid="12955846" user="JakeEdwardsville" changeset="102014343" lat="38.7896665" lon="-89.9958035"/>
  <node id="8577192181" version="1" timestamp="2021-03-31T01:08:32Z" uid="12955846" user="JakeEdwardsville" changeset="102014343" lat="38.7896523" lon="-89.9958342"/>
  <node id="8577192182" version="1" timestamp="2021-03-31T01:08:32Z" uid="12955846" user="JakeEdwardsville" changeset="102014343" lat="38.7896633" lon="-89.9958408"/>
  <node id="8577192183" version="1" timestamp="2021-03-31T01:08:32Z" uid="12955846" user="JakeEdwardsville" changeset="102014343" lat="38.7896169" lon="-89.9959439"/>
  <node id="8577192184" version="1" timestamp="2021-03-31T01:08:32Z" uid="12955846" user="JakeEdwardsville" changeset="102014343" lat="38.7896066" lon="-89.9959366"/>
  <node id="8577192185" version="1" timestamp="2021-03-31T01:08:32Z" uid="12955846" user="JakeEdwardsville" changeset="102014343" lat="38.7895777" lon="-89.9960022"/>
  <node id="8577192186" version="1" timestamp="2021-03-31T01:08:32Z" uid="12955846" user="JakeEdwardsville" changeset="102014343" lat="38.7895883" lon="-89.9960108"/>
  <node id="8577192187" version="1" timestamp="2021-03-31T01:08:32Z" uid="12955846" user="JakeEdwardsville" changeset="102014343" lat="38.7895412" lon="-89.9961142"/>
  <node id="8577192188" version="1" timestamp="2021-03-31T01:08:32Z" uid="12955846" user="JakeEdwardsville" changeset="102014343" lat="38.7895306" lon="-89.9961059"/>
  <node id="8577192189" version="1" timestamp="2021-03-31T01:08:32Z" uid="12955846" user="JakeEdwardsville" changeset="102014343" lat="38.7895015" lon="-89.9961709"/>
  <node id="8577192190" version="1" timestamp="2021-03-31T01:08:32Z" uid="12955846" user="JakeEdwardsville" changeset="102014343" lat="38.7895112" lon="-89.9961792"/>
  <node id="8577192191" version="1" timestamp="2021-03-31T01:08:32Z" uid="12955846" user="JakeEdwardsville" changeset="102014343" lat="38.7894652" lon="-89.9962825"/>
  <node id="8577192192" version="1" timestamp="2021-03-31T01:08:32Z" uid="12955846" user="JakeEdwardsville" changeset="102014343" lat="38.7894545" lon="-89.9962735"/>
  <node id="8577192193" version="1" timestamp="2021-03-31T01:08:32Z" uid="12955846" user="JakeEdwardsville" changeset="102014343" lat="38.7894261" lon="-89.9963385"/>
  <node id="8577192194" version="1" timestamp="2021-03-31T01:08:32Z" uid="12955846" user="JakeEdwardsville" changeset="102014343" lat="38.7893928" lon="-89.996314"/>
  <node id="8577192195" version="1" timestamp="2021-03-31T01:08:32Z" uid="12955846" user="JakeEdwardsville" changeset="102014343" lat="38.7893819" lon="-89.9963412"/>
  <node id="8577192196" version="1" timestamp="2021-03-31T01:08:32Z" uid="12955846" user="JakeEdwardsville" changeset="102014343" lat="38.7893228" lon="-89.9962987"/>
  <node id="8577192197" version="1" timestamp="2021-03-31T01:08:32Z" uid="12955846" user="JakeEdwardsville" changeset="102014343" lat="38.789345" lon="-89.9962457"/>
  <node id="8577192198" version="1" timestamp="2021-03-31T01:08:32Z" uid="12955846" user="JakeEdwardsville" changeset="102014343" lat="38.7893374" lon="-89.9962401"/>
  <node id="8577192199" version="1" timestamp="2021-03-31T01:08:32Z" uid="12955846" user="JakeEdwardsville" changeset="102014343" lat="38.7893553" lon="-89.9962021"/>
  <node id="8577192200" version="1" timestamp="2021-03-31T01:08:32Z" uid="12955846" user="JakeEdwardsville" changeset="102014343" lat="38.7893444" lon="-89.9961933"/>
  <node id="8577192201" version="1" timestamp="2021-03-31T01:08:32Z" uid="12955846" user="JakeEdwardsville" changeset="102014343" lat="38.7893912" lon="-89.9960887"/>
  <node id="8577192202" version="1" timestamp="2021-03-31T01:08:32Z" uid="12955846" user="JakeEdwardsville" changeset="102014343" lat="38.7894019" lon="-89.9960976"/>
  <node id="8577192203" version="1" timestamp="2021-03-31T01:08:32Z" uid="12955846" user="JakeEdwardsville" changeset="102014343" lat="38.7894304" lon="-89.9960318"/>
  <node id="8577192204" version="1" timestamp="2021-03-31T01:08:32Z" uid="12955846" user="JakeEdwardsville" changeset="102014343" lat="38.78942" lon="-89.9960243"/>
  <node id="8577192205" version="1" timestamp="2021-03-31T01:08:32Z" uid="12955846" user="JakeEdwardsville" changeset="102014343" lat="38.7894662" lon="-89.9959219"/>
  <node id="8577192206" version="1" timestamp="2021-03-31T01:08:32Z" uid="12955846" user="JakeEdwardsville" changeset="102014343" lat="38.7894775" lon="-89.9959301"/>
  <node id="8577192207" version="1" timestamp="2021-03-31T01:08:32Z" uid="12955846" user="JakeEdwardsville" changeset="102014343" lat="38.7895071" lon="-89.9958634"/>
  <node id="8577192208" version="1" timestamp="2021-03-31T01:08:32Z" uid="12955846" user="JakeEdwardsville" changeset="102014343" lat="38.7894956" lon="-89.9958557"/>
  <node id="8577192209" version="1" timestamp="2021-03-31T01:08:32Z" uid="12955846" user="JakeEdwardsville" changeset="102014343" lat="38.7895432" lon="-89.9957539"/>
  <node id="8577192210" version="1" timestamp="2021-03-31T01:08:32Z" uid="12955846" user="JakeEdwardsville" changeset="102014343" lat="38.7895525" lon="-89.9957603"/>
  <node id="8577192211" version="1" timestamp="2021-03-31T01:08:32Z" uid="12955846" user="JakeEdwardsville" changeset="102014343" lat="38.7896052" lon="-89.9956416"/>
  <node id="8577192212" version="1" timestamp="2021-03-31T01:08:32Z" uid="12955846" user="JakeEdwardsville" changeset="102014343" lat="38.7895822" lon="-89.9956234"/>
  <node id="8577192213" version="1" timestamp="2021-03-31T01:08:32Z" uid="12955846" user="JakeEdwardsville" changeset="102014343" lat="38.7895759" lon="-89.9956375"/>
  <node id="8577192214" version="1" timestamp="2021-03-31T01:08:32Z" uid="12955846" user="JakeEdwardsville" changeset="102014343" lat="38.7894963" lon="-89.9955789"/>
  <node id="8577192215" version="1" timestamp="2021-03-31T01:08:32Z" uid="12955846" user="JakeEdwardsville" changeset="102014343" lat="38.7895012" lon="-89.9955648"/>
  <node id="8577192216" version="1" timestamp="2021-03-31T01:08:32Z" uid="12955846" user="JakeEdwardsville" changeset="102014343" lat="38.7894758" lon="-89.9955468"/>
  <node id="8577227717" version="1" timestamp="2021-03-31T01:08:32Z" uid="12955846" user="JakeEdwardsville" changeset="102014343" lat="38.7894486" lon="-89.995533"/>
  <node id="8577227718" version="1" timestamp="2021-03-31T01:08:32Z" uid="12955846" user="JakeEdwardsville" changeset="102014343" lat="38.7894443" lon="-89.9955469"/>
  <node id="8577227719" version="1" timestamp="2021-03-31T01:08:32Z" uid="12955846" user="JakeEdwardsville" changeset="102014343" lat="38.7893555" lon="-89.9955077"/>
  <node id="8577227720" version="1" timestamp="2021-03-31T01:08:32Z" uid="12955846" user="JakeEdwardsville" changeset="102014343" lat="38.7893601" lon="-89.9954936"/>
  <node id="8577227721" version="1" timestamp="2021-03-31T01:08:32Z" uid="12955846" user="JakeEdwardsville" changeset="102014343" lat="38.7893306" lon="-89.9954801"/>
  <node id="8577227722" version="1" timestamp="2021-03-31T01:08:32Z" uid="12955846" user="JakeEdwardsville" changeset="102014343" lat="38.7893372" lon="-89.9954549"/>
  <node id="8577227723" version="1" timestamp="2021-03-31T01:08:32Z" uid="12955846" user="JakeEdwardsville" changeset="102014343" lat="38.7893249" lon="-89.9954518"/>
  <node id="8577227724" version="1" timestamp="2021-03-31T01:08:32Z" uid="12955846" user="JakeEdwardsville" changeset="102014343" lat="38.7893141" lon="-89.9954213"/>
  <node id="8577227725" version="1" timestamp="2021-03-31T01:08:32Z" uid="12955846" user="JakeEdwardsville" changeset="102014343" lat="38.7893232" lon="-89.9953913"/>
  <node id="8577227726" version="1" timestamp="2021-03-31T01:08:32Z" uid="12955846" user="JakeEdwardsville" changeset="102014343" lat="38.7893456" lon="-89.9953768"/>
  <node id="8577227727" version="1" timestamp="2021-03-31T01:08:32Z" uid="12955846" user="JakeEdwardsville" changeset="102014343" lat="38.7893785" lon="-89.995392"/>
  <node id="8577227728" version="1" timestamp="2021-03-31T01:08:32Z" uid="12955846" user="JakeEdwardsville" changeset="102014343" lat="38.7893902" lon="-89.9953504"/>
  <node id="8577227729" version="1" timestamp="2021-03-31T01:08:32Z" uid="12955846" user="JakeEdwardsville" changeset="102014343" lat="38.789401" lon="-89.995356"/>
  <node id="8577227730" version="1" timestamp="2021-03-31T01:08:32Z" uid="12955846" user="JakeEdwardsville" changeset="102014343" lat="38.7894211" lon="-89.9952842"/>
  <node id="8577227731" version="1" timestamp="2021-03-31T01:08:32Z" uid="12955846" user="JakeEdwardsville" changeset="102014343" lat="38.7894098" lon="-89.9952798"/>
  <node id="8577227732" version="1" timestamp="2021-03-31T01:08:32Z" uid="12955846" user="JakeEdwardsville" changeset="102014343" lat="38.7894417" lon="-89.9951661"/>
  <node id="8577227733" version="1" timestamp="2021-03-31T01:08:32Z" uid="12955846" user="JakeEdwardsville" changeset="102014343" lat="38.7894633" lon="-89.9951765"/>
  <node id="8577227734" version="1" timestamp="2021-03-31T01:08:32Z" uid="12955846" user="JakeEdwardsville" changeset="102014343" lat="38.7894792" lon="-89.9951178"/>
  <node id="8577227735" version="1" timestamp="2021-03-31T01:08:32Z" uid="12955846" user="JakeEdwardsville" changeset="102014343" lat="38.7895673" lon="-89.9951561"/>
  <node id="8577227736" version="1" timestamp="2021-03-31T01:08:32Z" uid="12955846" user="JakeEdwardsville" changeset="102014343" lat="38.7895505" lon="-89.9952175"/>
  <node id="8577227737" version="1" timestamp="2021-03-31T01:08:32Z" uid="12955846" user="JakeEdwardsville" changeset="102014343" lat="38.789572" lon="-89.9952259"/>
  <node id="8577227738" version="1" timestamp="2021-03-31T01:08:32Z" uid="12955846" user="JakeEdwardsville" changeset="102014343" lat="38.7895416" lon="-89.9953393"/>
  <node id="8577227739" version="1" timestamp="2021-03-31T01:08:32Z" uid="12955846" user="JakeEdwardsville" changeset="102014343" lat="38.7895298" lon="-89.9953341"/>
  <node id="8577227740" version="1" timestamp="2021-03-31T01:08:32Z" uid="12955846" user="JakeEdwardsville" changeset="102014343" lat="38.789511" lon="-89.9954016"/>
  <node id="8577227741" version="1" timestamp="2021-03-31T01:08:32Z" uid="12955846" user="JakeEdwardsville" changeset="102014343" lat="38.7895585" lon="-89.9954337"/>
  <node id="8577227742" version="1" timestamp="2021-03-31T01:08:32Z" uid="12955846" user="JakeEdwardsville" changeset="102014343" lat="38.7895648" lon="-89.9954216"/>
  <node id="8577227743" version="1" timestamp="2021-03-31T01:08:32Z" uid="12955846" user="JakeEdwardsville" changeset="102014343" lat="38.7896455" lon="-89.9954801"/>
  <node id="8577227744" version="1" timestamp="2021-03-31T01:08:32Z" uid="12955846" user="JakeEdwardsville" changeset="102014343" lat="38.7896392" lon="-89.9954936"/>
  <node id="8577227745" version="1" timestamp="2021-03-31T01:08:32Z" uid="12955846" user="JakeEdwardsville" changeset="102014343" lat="38.7896984" lon="-89.9955373"/>
  <node id="8577227746" version="1" timestamp="2021-03-31T01:08:32Z" uid="12955846" user="JakeEdwardsville" changeset="102014343" lat="38.7896961" lon="-89.9955428"/>
  <node id="8577227747" version="1" timestamp="2021-03-31T01:08:32Z" uid="12955846" user="JakeEdwardsville" changeset="102014343" lat="38.7897205" lon="-89.9955607"/>
  <node id="8577227748" version="1" timestamp="2021-03-31T01:08:32Z" uid="12955846" user="JakeEdwardsville" changeset="102014343" lat="38.7897306" lon="-89.9955562"/>
  <node id="8577227749" version="1" timestamp="2021-03-31T01:08:32Z" uid="12955846" user="JakeEdwardsville" changeset="102014343" lat="38.7897435" lon="-89.9955281"/>
  <node id="8577227750" version="1" timestamp="2021-03-31T01:08:32Z" uid="12955846" user="JakeEdwardsville" changeset="102014343" lat="38.789734" lon="-89.9955196"/>
  <node id="8577227751" version="1" timestamp="2021-03-31T01:08:32Z" uid="12955846" user="JakeEdwardsville" changeset="102014343" lat="38.78978" lon="-89.9954161"/>
  <node id="8577227752" version="1" timestamp="2021-03-31T01:08:32Z" uid="12955846" user="JakeEdwardsville" changeset="102014343" lat="38.7897896" lon="-89.9954255"/>
  <node id="8577227753" version="1" timestamp="2021-03-31T01:08:32Z" uid="12955846" user="JakeEdwardsville" changeset="102014343" lat="38.7898192" lon="-89.9953577"/>
  <node id="8577227754" version="1" timestamp="2021-03-31T01:08:32Z" uid="12955846" user="JakeEdwardsville" changeset="102014343" lat="38.7898089" lon="-89.9953502"/>
  <node id="8577227755" version="1" timestamp="2021-03-31T01:08:32Z" uid="12955846" user="JakeEdwardsville" changeset="102014343" lat="38.7898537" lon="-89.9952466"/>
  <node id="8577227756" version="1" timestamp="2021-03-31T01:08:32Z" uid="12955846" user="JakeEdwardsville" changeset="102014343" lat="38.789865" lon="-89.9952547"/>
  <node id="8577227757" version="1" timestamp="2021-03-31T01:08:32Z" uid="12955846" user="JakeEdwardsville" changeset="102014343" lat="38.7898942" lon="-89.9951897"/>
  <node id="8577227758" version="1" timestamp="2021-03-31T01:08:32Z" uid="12955846" user="JakeEdwardsville" changeset="102014343" lat="38.7898841" lon="-89.9951823"/>
  <node id="8577227759" version="1" timestamp="2021-03-31T01:08:32Z" uid="12955846" user="JakeEdwardsville" changeset="102014343" lat="38.7899301" lon="-89.9950792"/>
  <node id="8577227760" version="1" timestamp="2021-03-31T01:08:32Z" uid="12955846" user="JakeEdwardsville" changeset="102014343" lat="38.7899408" lon="-89.9950865"/>
  <node id="8577227761" version="1" timestamp="2021-03-31T01:08:32Z" uid="12955846" user="JakeEdwardsville" changeset="102014343" lat="38.7899683" lon="-89.995024"/>
  <node id="8577227762" version="1" timestamp="2021-03-31T01:08:32Z" uid="12955846" user="JakeEdwardsville" changeset="102014343" lat="38.7900014" lon="-89.9950475"/>
  <node id="8577227763" version="1" timestamp="2021-03-31T01:08:32Z" uid="12955846" user="JakeEdwardsville" changeset="102014343" lat="38.7900131" lon="-89.9950217"/>
  <node id="8577227764" version="1" timestamp="2021-03-31T01:08:32Z" uid="12955846" user="JakeEdwardsville" changeset="102014343" lat="38.7899957" lon="-89.9952677"/>
  <node id="8577227765" version="1" timestamp="2021-03-31T01:08:32Z" uid="12955846" user="JakeEdwardsville" changeset="102014343" lat="38.7901001" lon="-89.995405"/>
  <node id="8577227766" version="1" timestamp="2021-03-31T01:08:32Z" uid="12955846" user="JakeEdwardsville" changeset="102014343" lat="38.7900074" lon="-89.9953387"/>
  <node id="8577227767" version="1" timestamp="2021-03-31T01:08:32Z" uid="12955846" user="JakeEdwardsville" changeset="102014343" lat="38.7900211" lon="-89.9953078"/>
  <node id="8577227768" version="1" timestamp="2021-03-31T01:08:32Z" uid="12955846" user="JakeEdwardsville" changeset="102014343" lat="38.790012" lon="-89.9953003"/>
  <node id="8577227769" version="1" timestamp="2021-03-31T01:08:32Z" uid="12955846" user="JakeEdwardsville" changeset="102014343" lat="38.7900189" lon="-89.9952829"/>
  <node id="8577227770" version="1" timestamp="2021-03-31T01:08:32Z" uid="12955846" user="JakeEdwardsville" changeset="102014343" lat="38.790006" lon="-89.995273"/>
  <node id="8577227771" version="1" timestamp="2021-03-31T01:08:32Z" uid="12955846" user="JakeEdwardsville" changeset="102014343" lat="38.7900051" lon="-89.9952741"/>
  <node id="8577227772" version="1" timestamp="2021-03-31T01:08:32Z" uid="12955846" user="JakeEdwardsville" changeset="102014343" lat="38.7900654" lon="-89.9951792"/>
  <node id="8577227773" version="1" timestamp="2021-03-31T01:08:32Z" uid="12955846" user="JakeEdwardsville" changeset="102014343" lat="38.790052" lon="-89.9951713"/>
  <node id="8577227774" version="1" timestamp="2021-03-31T01:08:32Z" uid="12955846" user="JakeEdwardsville" changeset="102014343" lat="38.7900528" lon="-89.9951691"/>
  <node id="8577227775" version="1" timestamp="2021-03-31T01:08:32Z" uid="12955846" user="JakeEdwardsville" changeset="102014343" lat="38.790199" lon="-89.9952569"/>
  <node id="8577227776" version="1" timestamp="2021-03-31T01:08:32Z" uid="12955846" user="JakeEdwardsville" changeset="102014343" lat="38.7901749" lon="-89.9952382"/>
  <node id="8577227777" version="1" timestamp="2021-03-31T01:08:32Z" uid="12955846" user="JakeEdwardsville" changeset="102014343" lat="38.7901882" lon="-89.9952073"/>
  <node id="8577227778" version="1" timestamp="2021-03-31T01:08:32Z" uid="12955846" user="JakeEdwardsville" changeset="102014343" lat="38.7900964" lon="-89.9951408"/>
  <node id="8577227779" version="1" timestamp="2021-03-31T01:08:32Z" uid="12955846" user="JakeEdwardsville" changeset="102014343" lat="38.7900828" lon="-89.9951717"/>
  <node id="8577227780" version="1" timestamp="2021-03-31T01:08:32Z" uid="12955846" user="JakeEdwardsville" changeset="102014343" lat="38.7901381" lon="-89.9953916"/>
  <node id="8577227781" version="1" timestamp="2021-03-31T01:08:32Z" uid="12955846" user="JakeEdwardsville" changeset="102014343" lat="38.7901146" lon="-89.9953744"/>
  <node id="8581156727" version="1" timestamp="2021-04-01T01:39:07Z" uid="12955846" user="JakeEdwardsville" changeset="102084470" lat="38.7920799" lon="-90.0045129"/>
  <node id="8581156728" version="1" timestamp="2021-04-01T01:39:07Z" uid="12955846" user="JakeEdwardsville" changeset="102084470" lat="38.7920853" lon="-90.0045204"/>
  <node id="8581156729" version="1" timestamp="2021-04-01T01:39:07Z" uid="12955846" user="JakeEdwardsville" changeset="102084470" lat="38.7921126" lon="-90.0044919"/>
  <node id="8581156730" version="1" timestamp="2021-04-01T01:39:07Z" uid="12955846" user="JakeEdwardsville" changeset="102084470" lat="38.7921203" lon="-90.0045055"/>
  <node id="8581156731" version="1" timestamp="2021-04-01T01:39:07Z" uid="12955846" user="JakeEdwardsville" changeset="102084470" lat="38.7922389" lon="-90.004384"/>
  <node id="8581156732" version="1" timestamp="2021-04-01T01:39:07Z" uid="12955846" user="JakeEdwardsville" changeset="102084470" lat="38.7923123" lon="-90.004317"/>
  <node id="8581156733" version="1" timestamp="2021-04-01T01:39:07Z" uid="12955846" user="JakeEdwardsville" changeset="102084470" lat="38.7923036" lon="-90.0043007"/>
  <node id="8581156734" version="1" timestamp="2021-04-01T01:39:07Z" uid="12955846" user="JakeEdwardsville" changeset="102084470" lat="38.7923505" lon="-90.0042578"/>
  <node id="8581156735" version="1" timestamp="2021-04-01T01:39:07Z" uid="12955846" user="JakeEdwardsville" changeset="102084470" lat="38.7923568" lon="-90.0042703"/>
  <node id="8581156736" version="1" timestamp="2021-04-01T01:39:07Z" uid="12955846" user="JakeEdwardsville" changeset="102084470" lat="38.7924306" lon="-90.0041952"/>
  <node id="8581156737" version="1" timestamp="2021-04-01T01:39:07Z" uid="12955846" user="JakeEdwardsville" changeset="102084470" lat="38.7924236" lon="-90.0041821"/>
  <node id="8581156738" version="1" timestamp="2021-04-01T01:39:07Z" uid="12955846" user="JakeEdwardsville" changeset="102084470" lat="38.7925073" lon="-90.0040964"/>
  <node id="8581156739" version="1" timestamp="2021-04-01T01:39:07Z" uid="12955846" user="JakeEdwardsville" changeset="102084470" lat="38.7925243" lon="-90.0041227"/>
  <node id="8581156740" version="1" timestamp="2021-04-01T01:39:07Z" uid="12955846" user="JakeEdwardsville" changeset="102084470" lat="38.7925142" lon="-90.004133"/>
  <node id="8581156741" version="1" timestamp="2021-04-01T01:39:07Z" uid="12955846" user="JakeEdwardsville" changeset="102084470" lat="38.792573" lon="-90.0042264"/>
  <node id="8581156742" version="1" timestamp="2021-04-01T01:39:07Z" uid="12955846" user="JakeEdwardsville" changeset="102084470" lat="38.7925821" lon="-90.0042162"/>
  <node id="8581156743" version="1" timestamp="2021-04-01T01:39:07Z" uid="12955846" user="JakeEdwardsville" changeset="102084470" lat="38.7926001" lon="-90.0042471"/>
  <node id="8581156744" version="1" timestamp="2021-04-01T01:39:07Z" uid="12955846" user="JakeEdwardsville" changeset="102084470" lat="38.7926146" lon="-90.0042799"/>
  <node id="8581156745" version="1" timestamp="2021-04-01T01:39:07Z" uid="12955846" user="JakeEdwardsville" changeset="102084470" lat="38.7926041" lon="-90.0042868"/>
  <node id="8581156746" version="1" timestamp="2021-04-01T01:39:07Z" uid="12955846" user="JakeEdwardsville" changeset="102084470" lat="38.7926483" lon="-90.0043905"/>
  <node id="8581156747" version="1" timestamp="2021-04-01T01:39:07Z" uid="12955846" user="JakeEdwardsville" changeset="102084470" lat="38.7926584" lon="-90.0043837"/>
  <node id="8581156748" version="1" timestamp="2021-04-01T01:39:07Z" uid="12955846" user="JakeEdwardsville" changeset="102084470" lat="38.7926741" lon="-90.0044197"/>
  <node id="8581156749" version="1" timestamp="2021-04-01T01:39:07Z" uid="12955846" user="JakeEdwardsville" changeset="102084470" lat="38.7926917" lon="-90.0044084"/>
  <node id="8581156750" version="1" timestamp="2021-04-01T01:39:07Z" uid="12955846" user="JakeEdwardsville" changeset="102084470" lat="38.7926971" lon="-90.0044218"/>
  <node id="8581156751" version="1" timestamp="2021-04-01T01:39:07Z" uid="12955846" user="JakeEdwardsville" changeset="102084470" lat="38.7927233" lon="-90.0044294"/>
  <node id="8581156752" version="1" timestamp="2021-04-01T01:39:07Z" uid="12955846" user="JakeEdwardsville" changeset="102084470" lat="38.7927425" lon="-90.0044175"/>
  <node id="8581156753" version="1" timestamp="2021-04-01T01:39:07Z" uid="12955846" user="JakeEdwardsville" changeset="102084470" lat="38.7927508" lon="-90.0043848"/>
  <node id="8581156754" version="1" timestamp="2021-04-01T01:39:07Z" uid="12955846" user="JakeEdwardsville" changeset="102084470" lat="38.7927338" lon="-90.0043465"/>
  <node id="8581156755" version="1" timestamp="2021-04-01T01:39:07Z" uid="12955846" user="JakeEdwardsville" changeset="102084470" lat="38.7927627" lon="-90.0043255"/>
  <node id="8581156756" version="1" timestamp="2021-04-01T01:39:07Z" uid="12955846" user="JakeEdwardsville" changeset="102084470" lat="38.7927589" lon="-90.0043114"/>
  <node id="8581156757" version="1" timestamp="2021-04-01T01:39:07Z" uid="12955846" user="JakeEdwardsville" changeset="102084470" lat="38.7928114" lon="-90.0042746"/>
  <node id="8581156758" version="1" timestamp="2021-04-01T01:39:07Z" uid="12955846" user="JakeEdwardsville" changeset="102084470" lat="38.7928162" lon="-90.0042877"/>
  <node id="8581156759" version="1" timestamp="2021-04-01T01:39:07Z" uid="12955846" user="JakeEdwardsville" changeset="102084470" lat="38.7928974" lon="-90.0042311"/>
  <node id="8581156760" version="1" timestamp="2021-04-01T01:39:07Z" uid="12955846" user="JakeEdwardsville" changeset="102084470" lat="38.7928868" lon="-90.0042051"/>
  <node id="8581156761" version="1" timestamp="2021-04-01T01:39:07Z" uid="12955846" user="JakeEdwardsville" changeset="102084470" lat="38.7929289" lon="-90.0041732"/>
  <node id="8581156762" version="1" timestamp="2021-04-01T01:39:07Z" uid="12955846" user="JakeEdwardsville" changeset="102084470" lat="38.7928852" lon="-90.0040706"/>
  <node id="8581156763" version="1" timestamp="2021-04-01T01:39:07Z" uid="12955846" user="JakeEdwardsville" changeset="102084470" lat="38.7928423" lon="-90.004101"/>
  <node id="8581156764" version="1" timestamp="2021-04-01T01:39:07Z" uid="12955846" user="JakeEdwardsville" changeset="102084470" lat="38.792831" lon="-90.004073"/>
  <node id="8581156765" version="1" timestamp="2021-04-01T01:39:07Z" uid="12955846" user="JakeEdwardsville" changeset="102084470" lat="38.7927506" lon="-90.0041311"/>
  <node id="8581156766" version="1" timestamp="2021-04-01T01:39:07Z" uid="12955846" user="JakeEdwardsville" changeset="102084470" lat="38.7927556" lon="-90.0041453"/>
  <node id="8581156767" version="1" timestamp="2021-04-01T01:39:07Z" uid="12955846" user="JakeEdwardsville" changeset="102084470" lat="38.7927079" lon="-90.0041786"/>
  <node id="8581156768" version="1" timestamp="2021-04-01T01:39:07Z" uid="12955846" user="JakeEdwardsville" changeset="102084470" lat="38.7926732" lon="-90.0041247"/>
  <node id="8581156769" version="1" timestamp="2021-04-01T01:39:07Z" uid="12955846" user="JakeEdwardsville" changeset="102084470" lat="38.7926829" lon="-90.0041156"/>
  <node id="8581156770" version="1" timestamp="2021-04-01T01:39:07Z" uid="12955846" user="JakeEdwardsville" changeset="102084470" lat="38.7926249" lon="-90.0040205"/>
  <node id="8581156771" version="1" timestamp="2021-04-01T01:39:07Z" uid="12955846" user="JakeEdwardsville" changeset="102084470" lat="38.7926143" lon="-90.0040314"/>
  <node id="8581156772" version="1" timestamp="2021-04-01T01:39:07Z" uid="12955846" user="JakeEdwardsville" changeset="102084470" lat="38.7925728" lon="-90.0039613"/>
  <node id="8581156773" version="1" timestamp="2021-04-01T01:39:07Z" uid="12955846" user="JakeEdwardsville" changeset="102084470" lat="38.7925677" lon="-90.0039662"/>
  <node id="8581156774" version="1" timestamp="2021-04-01T01:39:07Z" uid="12955846" user="JakeEdwardsville" changeset="102084470" lat="38.7925518" lon="-90.0039397"/>
  <node id="8581156775" version="1" timestamp="2021-04-01T01:39:07Z" uid="12955846" user="JakeEdwardsville" changeset="102084470" lat="38.7925525" lon="-90.0039253"/>
  <node id="8581156776" version="1" timestamp="2021-04-01T01:39:07Z" uid="12955846" user="JakeEdwardsville" changeset="102084470" lat="38.7925739" lon="-90.0039025"/>
  <node id="8581156777" version="1" timestamp="2021-04-01T01:39:07Z" uid="12955846" user="JakeEdwardsville" changeset="102084470" lat="38.7925807" lon="-90.0039154"/>
  <node id="8581156778" version="1" timestamp="2021-04-01T01:39:07Z" uid="12955846" user="JakeEdwardsville" changeset="102084470" lat="38.7926529" lon="-90.0038406"/>
  <node id="8581156779" version="1" timestamp="2021-04-01T01:39:07Z" uid="12955846" user="JakeEdwardsville" changeset="102084470" lat="38.7926456" lon="-90.0038287"/>
  <node id="8581156780" version="1" timestamp="2021-04-01T01:39:07Z" uid="12955846" user="JakeEdwardsville" changeset="102084470" lat="38.7926917" lon="-90.0037819"/>
  <node id="8581156781" version="1" timestamp="2021-04-01T01:39:07Z" uid="12955846" user="JakeEdwardsville" changeset="102084470" lat="38.7926999" lon="-90.003794"/>
  <node id="8581156782" version="1" timestamp="2021-04-01T01:39:07Z" uid="12955846" user="JakeEdwardsville" changeset="102084470" lat="38.7927722" lon="-90.0037182"/>
  <node id="8581156783" version="1" timestamp="2021-04-01T01:39:07Z" uid="12955846" user="JakeEdwardsville" changeset="102084470" lat="38.7927642" lon="-90.0037061"/>
  <node id="8581156784" version="1" timestamp="2021-04-01T01:39:07Z" uid="12955846" user="JakeEdwardsville" changeset="102084470" lat="38.7928097" lon="-90.0036591"/>
  <node id="8581156785" version="1" timestamp="2021-04-01T01:39:07Z" uid="12955846" user="JakeEdwardsville" changeset="102084470" lat="38.7929139" lon="-90.0036424"/>
  <node id="8581156786" version="1" timestamp="2021-04-01T01:39:07Z" uid="12955846" user="JakeEdwardsville" changeset="102084470" lat="38.7928787" lon="-90.0035827"/>
  <node id="8581156787" version="1" timestamp="2021-04-01T01:39:07Z" uid="12955846" user="JakeEdwardsville" changeset="102084470" lat="38.7929034" lon="-90.0035585"/>
  <node id="8581156788" version="1" timestamp="2021-04-01T01:39:07Z" uid="12955846" user="JakeEdwardsville" changeset="102084470" lat="38.7928984" lon="-90.0035485"/>
  <node id="8581156789" version="1" timestamp="2021-04-01T01:39:07Z" uid="12955846" user="JakeEdwardsville" changeset="102084470" lat="38.7929341" lon="-90.0035146"/>
  <node id="8581156790" version="1" timestamp="2021-04-01T01:39:07Z" uid="12955846" user="JakeEdwardsville" changeset="102084470" lat="38.7928954" lon="-90.0034463"/>
  <node id="8581156791" version="1" timestamp="2021-04-01T01:39:07Z" uid="12955846" user="JakeEdwardsville" changeset="102084470" lat="38.7928521" lon="-90.0034283"/>
  <node id="8581156792" version="1" timestamp="2021-04-01T01:39:07Z" uid="12955846" user="JakeEdwardsville" changeset="102084470" lat="38.792811" lon="-90.0034689"/>
  <node id="8581156793" version="1" timestamp="2021-04-01T01:39:07Z" uid="12955846" user="JakeEdwardsville" changeset="102084470" lat="38.7928025" lon="-90.0034565"/>
  <node id="8581156794" version="1" timestamp="2021-04-01T01:39:07Z" uid="12955846" user="JakeEdwardsville" changeset="102084470" lat="38.7927293" lon="-90.0035321"/>
  <node id="8581156795" version="1" timestamp="2021-04-01T01:39:07Z" uid="12955846" user="JakeEdwardsville" changeset="102084470" lat="38.7927378" lon="-90.0035442"/>
  <node id="8581156796" version="1" timestamp="2021-04-01T01:39:07Z" uid="12955846" user="JakeEdwardsville" changeset="102084470" lat="38.7926916" lon="-90.0035906"/>
  <node id="8581156797" version="1" timestamp="2021-04-01T01:39:07Z" uid="12955846" user="JakeEdwardsville" changeset="102084470" lat="38.7926842" lon="-90.0035786"/>
  <node id="8581156798" version="1" timestamp="2021-04-01T01:39:07Z" uid="12955846" user="JakeEdwardsville" changeset="102084470" lat="38.7926125" lon="-90.003653"/>
  <node id="8581156799" version="1" timestamp="2021-04-01T01:39:07Z" uid="12955846" user="JakeEdwardsville" changeset="102084470" lat="38.7926206" lon="-90.0036661"/>
  <node id="8581156800" version="1" timestamp="2021-04-01T01:39:07Z" uid="12955846" user="JakeEdwardsville" changeset="102084470" lat="38.7925738" lon="-90.003714"/>
  <node id="8581156801" version="1" timestamp="2021-04-01T01:39:07Z" uid="12955846" user="JakeEdwardsville" changeset="102084470" lat="38.7925661" lon="-90.0037006"/>
  <node id="8581156802" version="1" timestamp="2021-04-01T01:39:07Z" uid="12955846" user="JakeEdwardsville" changeset="102084470" lat="38.7924951" lon="-90.0037767"/>
  <node id="8581156803" version="1" timestamp="2021-04-01T01:39:07Z" uid="12955846" user="JakeEdwardsville" changeset="102084470" lat="38.7925015" lon="-90.0037875"/>
  <node id="8581156804" version="1" timestamp="2021-04-01T01:39:07Z" uid="12955846" user="JakeEdwardsville" changeset="102084470" lat="38.7924183" lon="-90.0038728"/>
  <node id="8581156805" version="1" timestamp="2021-04-01T01:39:07Z" uid="12955846" user="JakeEdwardsville" changeset="102084470" lat="38.7924007" lon="-90.0038464"/>
  <node id="8581156806" version="1" timestamp="2021-04-01T01:39:07Z" uid="12955846" user="JakeEdwardsville" changeset="102084470" lat="38.7924106" lon="-90.0038363"/>
  <node id="8581156807" version="1" timestamp="2021-04-01T01:39:07Z" uid="12955846" user="JakeEdwardsville" changeset="102084470" lat="38.7923531" lon="-90.0037445"/>
  <node id="8581156808" version="1" timestamp="2021-04-01T01:39:07Z" uid="12955846" user="JakeEdwardsville" changeset="102084470" lat="38.792343" lon="-90.0037529"/>
  <node id="8581156809" version="1" timestamp="2021-04-01T01:39:07Z" uid="12955846" user="JakeEdwardsville" changeset="102084470" lat="38.7923252" lon="-90.0037235"/>
  <node id="8581156810" version="1" timestamp="2021-04-01T01:39:07Z" uid="12955846" user="JakeEdwardsville" changeset="102084470" lat="38.7923103" lon="-90.0036912"/>
  <node id="8581156811" version="1" timestamp="2021-04-01T01:39:07Z" uid="12955846" user="JakeEdwardsville" changeset="102084470" lat="38.7923204" lon="-90.0036836"/>
  <node id="8581156812" version="1" timestamp="2021-04-01T01:39:07Z" uid="12955846" user="JakeEdwardsville" changeset="102084470" lat="38.7922764" lon="-90.0035771"/>
  <node id="8581156813" version="1" timestamp="2021-04-01T01:39:07Z" uid="12955846" user="JakeEdwardsville" changeset="102084470" lat="38.7922662" lon="-90.0035851"/>
  <node id="8581156814" version="1" timestamp="2021-04-01T01:39:07Z" uid="12955846" user="JakeEdwardsville" changeset="102084470" lat="38.7922513" lon="-90.0035498"/>
  <node id="8581156815" version="1" timestamp="2021-04-01T01:39:07Z" uid="12955846" user="JakeEdwardsville" changeset="102084470" lat="38.7922329" lon="-90.0035621"/>
  <node id="8581156816" version="1" timestamp="2021-04-01T01:39:07Z" uid="12955846" user="JakeEdwardsville" changeset="102084470" lat="38.7922286" lon="-90.003547"/>
  <node id="8581158317" version="1" timestamp="2021-04-01T01:39:07Z" uid="12955846" user="JakeEdwardsville" changeset="102084470" lat="38.7922034" lon="-90.0035381"/>
  <node id="8581158318" version="1" timestamp="2021-04-01T01:39:07Z" uid="12955846" user="JakeEdwardsville" changeset="102084470" lat="38.7921817" lon="-90.0035543"/>
  <node id="8581158319" version="1" timestamp="2021-04-01T01:39:07Z" uid="12955846" user="JakeEdwardsville" changeset="102084470" lat="38.7921741" lon="-90.0035849"/>
  <node id="8581158320" version="1" timestamp="2021-04-01T01:39:07Z" uid="12955846" user="JakeEdwardsville" changeset="102084470" lat="38.7921909" lon="-90.0036242"/>
  <node id="8581158321" version="1" timestamp="2021-04-01T01:39:07Z" uid="12955846" user="JakeEdwardsville" changeset="102084470" lat="38.7921607" lon="-90.0036455"/>
  <node id="8581158322" version="1" timestamp="2021-04-01T01:39:07Z" uid="12955846" user="JakeEdwardsville" changeset="102084470" lat="38.7921667" lon="-90.0036584"/>
  <node id="8581158323" version="1" timestamp="2021-04-01T01:39:07Z" uid="12955846" user="JakeEdwardsville" changeset="102084470" lat="38.7921145" lon="-90.003695"/>
  <node id="8581158324" version="1" timestamp="2021-04-01T01:39:07Z" uid="12955846" user="JakeEdwardsville" changeset="102084470" lat="38.7921093" lon="-90.0036814"/>
  <node id="8581158325" version="1" timestamp="2021-04-01T01:39:07Z" uid="12955846" user="JakeEdwardsville" changeset="102084470" lat="38.7920268" lon="-90.0037395"/>
  <node id="8581158326" version="1" timestamp="2021-04-01T01:39:07Z" uid="12955846" user="JakeEdwardsville" changeset="102084470" lat="38.7920381" lon="-90.0037652"/>
  <node id="8581158327" version="1" timestamp="2021-04-01T01:39:07Z" uid="12955846" user="JakeEdwardsville" changeset="102084470" lat="38.7919954" lon="-90.0037945"/>
  <node id="8581158328" version="1" timestamp="2021-04-01T01:39:07Z" uid="12955846" user="JakeEdwardsville" changeset="102084470" lat="38.7920386" lon="-90.0039002"/>
  <node id="8581158329" version="1" timestamp="2021-04-01T01:39:07Z" uid="12955846" user="JakeEdwardsville" changeset="102084470" lat="38.7920832" lon="-90.0038694"/>
  <node id="8581158330" version="1" timestamp="2021-04-01T01:39:07Z" uid="12955846" user="JakeEdwardsville" changeset="102084470" lat="38.7920931" lon="-90.0038953"/>
  <node id="8581158331" version="1" timestamp="2021-04-01T01:39:07Z" uid="12955846" user="JakeEdwardsville" changeset="102084470" lat="38.7921756" lon="-90.0038391"/>
  <node id="8581158332" version="1" timestamp="2021-04-01T01:39:07Z" uid="12955846" user="JakeEdwardsville" changeset="102084470" lat="38.7921698" lon="-90.003825"/>
  <node id="8581158333" version="1" timestamp="2021-04-01T01:39:07Z" uid="12955846" user="JakeEdwardsville" changeset="102084470" lat="38.7922189" lon="-90.0037907"/>
  <node id="8581158334" version="1" timestamp="2021-04-01T01:39:07Z" uid="12955846" user="JakeEdwardsville" changeset="102084470" lat="38.792251" lon="-90.0038459"/>
  <node id="8581158335" version="1" timestamp="2021-04-01T01:39:07Z" uid="12955846" user="JakeEdwardsville" changeset="102084470" lat="38.7922426" lon="-90.0038558"/>
  <node id="8581158336" version="1" timestamp="2021-04-01T01:39:07Z" uid="12955846" user="JakeEdwardsville" changeset="102084470" lat="38.7923002" lon="-90.0039489"/>
  <node id="8581158337" version="1" timestamp="2021-04-01T01:39:07Z" uid="12955846" user="JakeEdwardsville" changeset="102084470" lat="38.7923096" lon="-90.0039389"/>
  <node id="8581158338" version="1" timestamp="2021-04-01T01:39:07Z" uid="12955846" user="JakeEdwardsville" changeset="102084470" lat="38.7923525" lon="-90.0040071"/>
  <node id="8581158339" version="1" timestamp="2021-04-01T01:39:07Z" uid="12955846" user="JakeEdwardsville" changeset="102084470" lat="38.7923563" lon="-90.0040033"/>
  <node id="8581158340" version="1" timestamp="2021-04-01T01:39:07Z" uid="12955846" user="JakeEdwardsville" changeset="102084470" lat="38.7923739" lon="-90.0040315"/>
  <node id="8581158341" version="1" timestamp="2021-04-01T01:39:07Z" uid="12955846" user="JakeEdwardsville" changeset="102084470" lat="38.792372" lon="-90.004045"/>
  <node id="8581158342" version="1" timestamp="2021-04-01T01:39:07Z" uid="12955846" user="JakeEdwardsville" changeset="102084470" lat="38.7923524" lon="-90.0040657"/>
  <node id="8581158343" version="1" timestamp="2021-04-01T01:39:07Z" uid="12955846" user="JakeEdwardsville" changeset="102084470" lat="38.7923444" lon="-90.004055"/>
  <node id="8581158344" version="1" timestamp="2021-04-01T01:39:07Z" uid="12955846" user="JakeEdwardsville" changeset="102084470" lat="38.7922718" lon="-90.0041293"/>
  <node id="8581158345" version="1" timestamp="2021-04-01T01:39:07Z" uid="12955846" user="JakeEdwardsville" changeset="102084470" lat="38.7922806" lon="-90.0041401"/>
  <node id="8581158346" version="1" timestamp="2021-04-01T01:39:07Z" uid="12955846" user="JakeEdwardsville" changeset="102084470" lat="38.792233" lon="-90.0041881"/>
  <node id="8581158347" version="1" timestamp="2021-04-01T01:39:07Z" uid="12955846" user="JakeEdwardsville" changeset="102084470" lat="38.7922256" lon="-90.0041762"/>
  <node id="8581158348" version="1" timestamp="2021-04-01T01:39:07Z" uid="12955846" user="JakeEdwardsville" changeset="102084470" lat="38.7921528" lon="-90.0042491"/>
  <node id="8581158349" version="1" timestamp="2021-04-01T01:39:07Z" uid="12955846" user="JakeEdwardsville" changeset="102084470" lat="38.7921608" lon="-90.0042622"/>
  <node id="8581158350" version="1" timestamp="2021-04-01T01:39:07Z" uid="12955846" user="JakeEdwardsville" changeset="102084470" lat="38.7921153" lon="-90.0043093"/>
  <node id="8581158351" version="1" timestamp="2021-04-01T01:39:07Z" uid="12955846" user="JakeEdwardsville" changeset="102084470" lat="38.792108" lon="-90.0042976"/>
  <node id="8581158352" version="1" timestamp="2021-04-01T01:39:07Z" uid="12955846" user="JakeEdwardsville" changeset="102084470" lat="38.7920358" lon="-90.0043719"/>
  <node id="8581158353" version="1" timestamp="2021-04-01T01:39:07Z" uid="12955846" user="JakeEdwardsville" changeset="102084470" lat="38.792043" lon="-90.0043844"/>
  <node id="8581158354" version="1" timestamp="2021-04-01T01:39:07Z" uid="12955846" user="JakeEdwardsville" changeset="102084470" lat="38.7919992" lon="-90.0044289"/>
  <node id="8581158355" version="1" timestamp="2021-04-01T01:39:07Z" uid="12955846" user="JakeEdwardsville" changeset="102084470" lat="38.7920224" lon="-90.0044672"/>
  <node id="8581158356" version="1" timestamp="2021-04-01T01:39:07Z" uid="12955846" user="JakeEdwardsville" changeset="102084470" lat="38.7920044" lon="-90.0044861"/>
  <node id="8581158357" version="1" timestamp="2021-04-01T01:39:07Z" uid="12955846" user="JakeEdwardsville" changeset="102084470" lat="38.7921918" lon="-90.0044328"/>
  <node id="8581158358" version="1" timestamp="2021-04-01T01:39:07Z" uid="12955846" user="JakeEdwardsville" changeset="102084470" lat="38.7921838" lon="-90.0044208"/>
  <node id="8581158359" version="1" timestamp="2021-04-01T01:39:07Z" uid="12955846" user="JakeEdwardsville" changeset="102084470" lat="38.7922312" lon="-90.0043723"/>
  <node id="8581158360" version="1" timestamp="2021-04-01T01:39:07Z" uid="12955846" user="JakeEdwardsville" changeset="102084470" lat="38.7928759" lon="-90.0034655"/>
  <node id="8581158361" version="1" timestamp="2021-04-01T01:39:07Z" uid="12955846" user="JakeEdwardsville" changeset="102084470" lat="38.7928824" lon="-90.0035981"/>
  <node id="8581158362" version="1" timestamp="2021-04-01T01:39:07Z" uid="12955846" user="JakeEdwardsville" changeset="102084470" lat="38.7928864" lon="-90.0035946"/>
  <node id="8581158363" version="1" timestamp="2021-04-01T01:39:07Z" uid="12955846" user="JakeEdwardsville" changeset="102084470" lat="38.7930168" lon="-90.0037736"/>
  <node id="8581158364" version="1" timestamp="2021-04-01T01:39:07Z" uid="12955846" user="JakeEdwardsville" changeset="102084470" lat="38.7929213" lon="-90.0038721"/>
  <node id="8581158365" version="1" timestamp="2021-04-01T01:39:07Z" uid="12955846" user="JakeEdwardsville" changeset="102084470" lat="38.7928806" lon="-90.0038631"/>
  <node id="8581158366" version="1" timestamp="2021-04-01T01:39:07Z" uid="12955846" user="JakeEdwardsville" changeset="102084470" lat="38.792818" lon="-90.0037596"/>
  <node id="8581158367" version="1" timestamp="2021-04-01T01:39:07Z" uid="12955846" user="JakeEdwardsville" changeset="102084470" lat="38.7928319" lon="-90.0037265"/>
  <node id="8581158368" version="1" timestamp="2021-04-01T01:39:07Z" uid="12955846" user="JakeEdwardsville" changeset="102084470" lat="38.7928448" lon="-90.0037135"/>
  <node id="8581158369" version="1" timestamp="2021-04-01T01:39:07Z" uid="12955846" user="JakeEdwardsville" changeset="102084470" lat="38.7929278" lon="-90.0036295"/>
  <node id="8581158370" version="1" timestamp="2021-04-01T01:39:07Z" uid="12955846" user="JakeEdwardsville" changeset="102084470" lat="38.7930182" lon="-90.0037217"/>
  <node id="8581158371" version="1" timestamp="2021-04-01T01:39:07Z" uid="12955846" user="JakeEdwardsville" changeset="102084470" lat="38.7929548" lon="-90.0036195"/>
  <node id="8581158372" version="1" timestamp="2021-04-01T01:39:07Z" uid="12955846" user="JakeEdwardsville" changeset="102084470" lat="38.7929347" lon="-90.0036414"/>
  <node id="8581158373" version="1" timestamp="2021-04-01T01:39:07Z" uid="12955846" user="JakeEdwardsville" changeset="102084470" lat="38.7929973" lon="-90.0037427"/>
  <node id="8581158374" version="1" timestamp="2021-04-01T01:39:07Z" uid="12955846" user="JakeEdwardsville" changeset="102084470" lat="38.7929015" lon="-90.0038416"/>
  <node id="8581158375" version="1" timestamp="2021-04-01T01:39:07Z" uid="12955846" user="JakeEdwardsville" changeset="102084470" lat="38.7928386" lon="-90.0037389"/>
  <node id="8581179072" version="1" timestamp="2021-04-01T02:54:17Z" uid="12955846" user="JakeEdwardsville" changeset="102085860" lat="38.7902015" lon="-90.0032976"/>
  <node id="8581179073" version="1" timestamp="2021-04-01T02:54:17Z" uid="12955846" user="JakeEdwardsville" changeset="102085860" lat="38.7901778" lon="-90.0032374"/>
  <node id="8581221909" version="1" timestamp="2021-04-01T02:30:27Z" uid="12955846" user="JakeEdwardsville" changeset="102085335" lat="38.7892968" lon="-90.0040053"/>
  <node id="8581221910" version="1" timestamp="2021-04-01T02:30:27Z" uid="12955846" user="JakeEdwardsville" changeset="102085335" lat="38.789236" lon="-90.0036893"/>
  <node id="8581221911" version="1" timestamp="2021-04-01T02:30:27Z" uid="12955846" user="JakeEdwardsville" changeset="102085335" lat="38.7891706" lon="-90.0037302"/>
  <node id="8581221912" version="1" timestamp="2021-04-01T02:30:27Z" uid="12955846" user="JakeEdwardsville" changeset="102085335" lat="38.7891916" lon="-90.0037844"/>
  <node id="8581221913" version="1" timestamp="2021-04-01T02:30:27Z" uid="12955846" user="JakeEdwardsville" changeset="102085335" lat="38.7892423" lon="-90.0037067"/>
  <node id="8581221914" version="1" timestamp="2021-04-01T02:30:27Z" uid="12955846" user="JakeEdwardsville" changeset="102085335" lat="38.7892798" lon="-90.0040158"/>
  <node id="8581221915" version="1" timestamp="2021-04-01T02:30:27Z" uid="12955846" user="JakeEdwardsville" changeset="102085335" lat="38.7892543" lon="-90.0038986"/>
  <node id="8581221916" version="1" timestamp="2021-04-01T02:30:27Z" uid="12955846" user="JakeEdwardsville" changeset="102085335" lat="38.7892391" lon="-90.0038637"/>
  <node id="8581221917" version="1" timestamp="2021-04-01T02:30:27Z" uid="12955846" user="JakeEdwardsville" changeset="102085335" lat="38.7892392" lon="-90.003908"/>
  <node id="8581221918" version="1" timestamp="2021-04-01T02:30:27Z" uid="12955846" user="JakeEdwardsville" changeset="102085335" lat="38.7892248" lon="-90.003871"/>
  <node id="8581221919" version="1" timestamp="2021-04-01T02:30:27Z" uid="12955846" user="JakeEdwardsville" changeset="102085335" lat="38.7893683" lon="-90.0041079"/>
  <node id="8581221920" version="1" timestamp="2021-04-01T02:30:27Z" uid="12955846" user="JakeEdwardsville" changeset="102085335" lat="38.78935" lon="-90.0040588"/>
  <node id="8581221921" version="1" timestamp="2021-04-01T02:30:27Z" uid="12955846" user="JakeEdwardsville" changeset="102085335" lat="38.7893862" lon="-90.0040974"/>
  <node id="8581221922" version="1" timestamp="2021-04-01T02:30:27Z" uid="12955846" user="JakeEdwardsville" changeset="102085335" lat="38.7893674" lon="-90.0040474"/>
  <node id="8581221923" version="1" timestamp="2021-04-01T02:30:27Z" uid="12955846" user="JakeEdwardsville" changeset="102085335" lat="38.7893129" lon="-90.0041823"/>
  <node id="8581221924" version="1" timestamp="2021-04-01T02:30:27Z" uid="12955846" user="JakeEdwardsville" changeset="102085335" lat="38.7892506" lon="-90.0042224"/>
  <node id="8581221925" version="1" timestamp="2021-04-01T02:30:27Z" uid="12955846" user="JakeEdwardsville" changeset="102085335" lat="38.7892441" lon="-90.0042079"/>
  <node id="8581221926" version="1" timestamp="2021-04-01T02:30:27Z" uid="12955846" user="JakeEdwardsville" changeset="102085335" lat="38.7893083" lon="-90.0041693"/>
  <node id="8581221927" version="1" timestamp="2021-04-01T02:30:27Z" uid="12955846" user="JakeEdwardsville" changeset="102085335" lat="38.7892813" lon="-90.0041952"/>
  <node id="8581221928" version="1" timestamp="2021-04-01T02:30:27Z" uid="12955846" user="JakeEdwardsville" changeset="102085335" lat="38.7892633" lon="-90.0042037"/>
  <node id="8581221929" version="1" timestamp="2021-04-01T02:30:27Z" uid="12955846" user="JakeEdwardsville" changeset="102085335" lat="38.7892962" lon="-90.0041831"/>
  <node id="8581221930" version="1" timestamp="2021-04-01T02:30:27Z" uid="12955846" user="JakeEdwardsville" changeset="102085335" lat="38.7891621" lon="-90.0041764"/>
  <node id="8581221931" version="1" timestamp="2021-04-01T02:30:27Z" uid="12955846" user="JakeEdwardsville" changeset="102085335" lat="38.7891704" lon="-90.0042343"/>
  <node id="8581221932" version="1" timestamp="2021-04-01T02:30:27Z" uid="12955846" user="JakeEdwardsville" changeset="102085335" lat="38.7891517" lon="-90.0042459"/>
  <node id="8581221933" version="1" timestamp="2021-04-01T02:30:27Z" uid="12955846" user="JakeEdwardsville" changeset="102085335" lat="38.7891321" lon="-90.0041968"/>
  <node id="8581221934" version="1" timestamp="2021-04-01T02:30:27Z" uid="12955846" user="JakeEdwardsville" changeset="102085335" lat="38.7891782" lon="-90.0041259"/>
  <node id="8581221935" version="1" timestamp="2021-04-01T02:30:27Z" uid="12955846" user="JakeEdwardsville" changeset="102085335" lat="38.7891651" lon="-90.0040879"/>
  <node id="8581221936" version="1" timestamp="2021-04-01T02:30:27Z" uid="12955846" user="JakeEdwardsville" changeset="102085335" lat="38.7890883" lon="-90.0039294"/>
  <node id="8581221937" version="1" timestamp="2021-04-01T02:30:27Z" uid="12955846" user="JakeEdwardsville" changeset="102085335" lat="38.7891076" lon="-90.0039899"/>
  <node id="8581221938" version="1" timestamp="2021-04-01T02:30:27Z" uid="12955846" user="JakeEdwardsville" changeset="102085335" lat="38.7891225" lon="-90.0040484"/>
  <node id="8581221939" version="1" timestamp="2021-04-01T02:30:27Z" uid="12955846" user="JakeEdwardsville" changeset="102085335" lat="38.7891358" lon="-90.0040619"/>
  <node id="8581221940" version="1" timestamp="2021-04-01T02:30:27Z" uid="12955846" user="JakeEdwardsville" changeset="102085335" lat="38.7891237" lon="-90.0040302"/>
  <node id="8581221941" version="1" timestamp="2021-04-01T02:30:27Z" uid="12955846" user="JakeEdwardsville" changeset="102085335" lat="38.7891223" lon="-90.0039818"/>
  <node id="8581221942" version="1" timestamp="2021-04-01T02:30:27Z" uid="12955846" user="JakeEdwardsville" changeset="102085335" lat="38.7890996" lon="-90.0039226"/>
  <node id="8581221943" version="1" timestamp="2021-04-01T02:30:27Z" uid="12955846" user="JakeEdwardsville" changeset="102085335" lat="38.7890506" lon="-90.003833"/>
  <node id="8581221944" version="1" timestamp="2021-04-01T02:30:27Z" uid="12955846" user="JakeEdwardsville" changeset="102085335" lat="38.7890233" lon="-90.0037611"/>
  <node id="8581221945" version="1" timestamp="2021-04-01T02:30:27Z" uid="12955846" user="JakeEdwardsville" changeset="102085335" lat="38.7890326" lon="-90.0038049"/>
  <node id="8581221946" version="1" timestamp="2021-04-01T02:30:27Z" uid="12955846" user="JakeEdwardsville" changeset="102085335" lat="38.7891103" lon="-90.0035828"/>
  <node id="8581221947" version="1" timestamp="2021-04-01T02:30:27Z" uid="12955846" user="JakeEdwardsville" changeset="102085335" lat="38.7890426" lon="-90.0036098"/>
  <node id="8581221948" version="1" timestamp="2021-04-01T02:30:27Z" uid="12955846" user="JakeEdwardsville" changeset="102085335" lat="38.7890117" lon="-90.0036548"/>
  <node id="8581221949" version="1" timestamp="2021-04-01T02:30:27Z" uid="12955846" user="JakeEdwardsville" changeset="102085335" lat="38.7890044" lon="-90.0036361"/>
  <node id="8581221950" version="1" timestamp="2021-04-01T02:30:27Z" uid="12955846" user="JakeEdwardsville" changeset="102085335" lat="38.789056" lon="-90.0036465"/>
  <node id="8581221951" version="1" timestamp="2021-04-01T02:30:27Z" uid="12955846" user="JakeEdwardsville" changeset="102085335" lat="38.7891202" lon="-90.0036085"/>
  <node id="8581221952" version="1" timestamp="2021-04-01T02:30:27Z" uid="12955846" user="JakeEdwardsville" changeset="102085335" lat="38.7891719" lon="-90.0035249"/>
  <node id="8581221953" version="1" timestamp="2021-04-01T02:30:27Z" uid="12955846" user="JakeEdwardsville" changeset="102085335" lat="38.7891784" lon="-90.0035413"/>
  <node id="8581221954" version="1" timestamp="2021-04-01T02:30:27Z" uid="12955846" user="JakeEdwardsville" changeset="102085335" lat="38.7892666" lon="-90.0034614"/>
  <node id="8581221955" version="1" timestamp="2021-04-01T02:30:27Z" uid="12955846" user="JakeEdwardsville" changeset="102085335" lat="38.7892393" lon="-90.0034821"/>
  <node id="8581221956" version="1" timestamp="2021-04-01T02:30:27Z" uid="12955846" user="JakeEdwardsville" changeset="102085335" lat="38.7892452" lon="-90.0034986"/>
  <node id="8581221957" version="1" timestamp="2021-04-01T02:30:27Z" uid="12955846" user="JakeEdwardsville" changeset="102085335" lat="38.7892732" lon="-90.0034806"/>
  <node id="8581221958" version="1" timestamp="2021-04-01T02:30:27Z" uid="12955846" user="JakeEdwardsville" changeset="102085335" lat="38.7893099" lon="-90.0036647"/>
  <node id="8581221959" version="1" timestamp="2021-04-01T02:30:27Z" uid="12955846" user="JakeEdwardsville" changeset="102085335" lat="38.7894237" lon="-90.0035946"/>
  <node id="8581221960" version="1" timestamp="2021-04-01T02:30:27Z" uid="12955846" user="JakeEdwardsville" changeset="102085335" lat="38.7893394" lon="-90.0036486"/>
  <node id="8581221961" version="1" timestamp="2021-04-01T02:30:27Z" uid="12955846" user="JakeEdwardsville" changeset="102085335" lat="38.7893039" lon="-90.0036465"/>
  <node id="8581221962" version="1" timestamp="2021-04-01T02:30:27Z" uid="12955846" user="JakeEdwardsville" changeset="102085335" lat="38.7893322" lon="-90.0036285"/>
  <node id="8581221963" version="1" timestamp="2021-04-01T02:30:27Z" uid="12955846" user="JakeEdwardsville" changeset="102085335" lat="38.7893855" lon="-90.0036291"/>
  <node id="8581221964" version="1" timestamp="2021-04-01T02:30:27Z" uid="12955846" user="JakeEdwardsville" changeset="102085335" lat="38.789369" lon="-90.0036285"/>
  <node id="8581221965" version="1" timestamp="2021-04-01T02:30:27Z" uid="12955846" user="JakeEdwardsville" changeset="102085335" lat="38.7893925" lon="-90.0036127"/>
  <node id="8581221966" version="1" timestamp="2021-04-01T02:30:27Z" uid="12955846" user="JakeEdwardsville" changeset="102085335" lat="38.7894771" lon="-90.0035652"/>
  <node id="8581221967" version="1" timestamp="2021-04-01T02:30:27Z" uid="12955846" user="JakeEdwardsville" changeset="102085335" lat="38.7894161" lon="-90.0035775"/>
  <node id="8581221968" version="1" timestamp="2021-04-01T02:30:27Z" uid="12955846" user="JakeEdwardsville" changeset="102085335" lat="38.7894678" lon="-90.0035426"/>
  <node id="8581221969" version="1" timestamp="2021-04-01T02:30:27Z" uid="12955846" user="JakeEdwardsville" changeset="102085335" lat="38.7894043" lon="-90.0033758"/>
  <node id="8581221970" version="1" timestamp="2021-04-01T02:30:27Z" uid="12955846" user="JakeEdwardsville" changeset="102085335" lat="38.7893491" lon="-90.003408"/>
  <node id="8581221971" version="1" timestamp="2021-04-01T02:30:27Z" uid="12955846" user="JakeEdwardsville" changeset="102085335" lat="38.7892956" lon="-90.0034433"/>
  <node id="8581221972" version="1" timestamp="2021-04-01T02:30:27Z" uid="12955846" user="JakeEdwardsville" changeset="102085335" lat="38.789323" lon="-90.0034252"/>
  <node id="8581221973" version="1" timestamp="2021-04-01T02:30:27Z" uid="12955846" user="JakeEdwardsville" changeset="102085335" lat="38.7893054" lon="-90.003427"/>
  <node id="8581221974" version="1" timestamp="2021-04-01T02:30:27Z" uid="12955846" user="JakeEdwardsville" changeset="102085335" lat="38.7892812" lon="-90.0039669"/>
  <node id="8581221975" version="1" timestamp="2021-04-01T02:30:27Z" uid="12955846" user="JakeEdwardsville" changeset="102085335" lat="38.7892669" lon="-90.0039336"/>
  <node id="8581221976" version="1" timestamp="2021-04-01T02:30:27Z" uid="12955846" user="JakeEdwardsville" changeset="102085335" lat="38.7892816" lon="-90.003947"/>
  <node id="8581221977" version="1" timestamp="2021-04-01T02:30:27Z" uid="12955846" user="JakeEdwardsville" changeset="102085335" lat="38.789562" lon="-90.003626"/>
  <node id="8581221978" version="1" timestamp="2021-04-01T02:30:27Z" uid="12955846" user="JakeEdwardsville" changeset="102085335" lat="38.7895797" lon="-90.0036144"/>
  <node id="8581221979" version="1" timestamp="2021-04-01T02:30:27Z" uid="12955846" user="JakeEdwardsville" changeset="102085335" lat="38.7896028" lon="-90.0037345"/>
  <node id="8581221980" version="1" timestamp="2021-04-01T02:30:27Z" uid="12955846" user="JakeEdwardsville" changeset="102085335" lat="38.7895897" lon="-90.0036994"/>
  <node id="8581221981" version="1" timestamp="2021-04-01T02:30:27Z" uid="12955846" user="JakeEdwardsville" changeset="102085335" lat="38.7895743" lon="-90.0036593"/>
  <node id="8581221982" version="1" timestamp="2021-04-01T02:30:27Z" uid="12955846" user="JakeEdwardsville" changeset="102085335" lat="38.7895763" lon="-90.0036837"/>
  <node id="8581221983" version="1" timestamp="2021-04-01T02:30:27Z" uid="12955846" user="JakeEdwardsville" changeset="102085335" lat="38.7896231" lon="-90.0037214"/>
  <node id="8581221984" version="1" timestamp="2021-04-01T02:30:27Z" uid="12955846" user="JakeEdwardsville" changeset="102085335" lat="38.7896139" lon="-90.0037735"/>
  <node id="8581221985" version="1" timestamp="2021-04-01T02:30:27Z" uid="12955846" user="JakeEdwardsville" changeset="102085335" lat="38.7896216" lon="-90.0038096"/>
  <node id="8581221986" version="1" timestamp="2021-04-01T02:30:27Z" uid="12955846" user="JakeEdwardsville" changeset="102085335" lat="38.7896089" lon="-90.0038776"/>
  <node id="8581221987" version="1" timestamp="2021-04-01T02:30:27Z" uid="12955846" user="JakeEdwardsville" changeset="102085335" lat="38.7896272" lon="-90.0038662"/>
  <node id="8581221988" version="1" timestamp="2021-04-01T02:30:27Z" uid="12955846" user="JakeEdwardsville" changeset="102085335" lat="38.7897694" lon="-90.0038154"/>
  <node id="8581221989" version="1" timestamp="2021-04-01T02:30:27Z" uid="12955846" user="JakeEdwardsville" changeset="102085335" lat="38.7897072" lon="-90.0038542"/>
  <node id="8581221990" version="1" timestamp="2021-04-01T02:30:27Z" uid="12955846" user="JakeEdwardsville" changeset="102085335" lat="38.7897364" lon="-90.0038266"/>
  <node id="8581221991" version="1" timestamp="2021-04-01T02:30:27Z" uid="12955846" user="JakeEdwardsville" changeset="102085335" lat="38.7897012" lon="-90.0038409"/>
  <node id="8581221992" version="1" timestamp="2021-04-01T02:30:27Z" uid="12955846" user="JakeEdwardsville" changeset="102085335" lat="38.7897644" lon="-90.0038012"/>
  <node id="8581221993" version="1" timestamp="2021-04-01T02:30:27Z" uid="12955846" user="JakeEdwardsville" changeset="102085335" lat="38.789751" lon="-90.0038153"/>
  <node id="8581221994" version="1" timestamp="2021-04-01T02:30:27Z" uid="12955846" user="JakeEdwardsville" changeset="102085335" lat="38.7897184" lon="-90.0038354"/>
  <node id="8581221995" version="1" timestamp="2021-04-01T02:30:27Z" uid="12955846" user="JakeEdwardsville" changeset="102085335" lat="38.7898434" lon="-90.003729"/>
  <node id="8581221996" version="1" timestamp="2021-04-01T02:30:27Z" uid="12955846" user="JakeEdwardsville" changeset="102085335" lat="38.7898247" lon="-90.0036812"/>
  <node id="8581221997" version="1" timestamp="2021-04-01T02:30:27Z" uid="12955846" user="JakeEdwardsville" changeset="102085335" lat="38.7898247" lon="-90.0037411"/>
  <node id="8581221998" version="1" timestamp="2021-04-01T02:30:27Z" uid="12955846" user="JakeEdwardsville" changeset="102085335" lat="38.7898068" lon="-90.0036913"/>
  <node id="8581221999" version="1" timestamp="2021-04-01T02:30:27Z" uid="12955846" user="JakeEdwardsville" changeset="102085335" lat="38.7897527" lon="-90.0036855"/>
  <node id="8581222000" version="1" timestamp="2021-04-01T02:30:27Z" uid="12955846" user="JakeEdwardsville" changeset="102085335" lat="38.7897369" lon="-90.0036484"/>
  <node id="8581222001" version="1" timestamp="2021-04-01T02:30:27Z" uid="12955846" user="JakeEdwardsville" changeset="102085335" lat="38.7897103" lon="-90.0035313"/>
  <node id="8581222002" version="1" timestamp="2021-04-01T02:30:27Z" uid="12955846" user="JakeEdwardsville" changeset="102085335" lat="38.7897375" lon="-90.0035985"/>
  <node id="8581222003" version="1" timestamp="2021-04-01T02:30:27Z" uid="12955846" user="JakeEdwardsville" changeset="102085335" lat="38.7897244" lon="-90.0035666"/>
  <node id="8581222004" version="1" timestamp="2021-04-01T02:30:27Z" uid="12955846" user="JakeEdwardsville" changeset="102085335" lat="38.7897375" lon="-90.0035805"/>
  <node id="8581222005" version="1" timestamp="2021-04-01T02:30:27Z" uid="12955846" user="JakeEdwardsville" changeset="102085335" lat="38.7896606" lon="-90.003449"/>
  <node id="8581222006" version="1" timestamp="2021-04-01T02:30:27Z" uid="12955846" user="JakeEdwardsville" changeset="102085335" lat="38.7896951" lon="-90.0035405"/>
  <node id="8581222007" version="1" timestamp="2021-04-01T02:30:27Z" uid="12955846" user="JakeEdwardsville" changeset="102085335" lat="38.7897785" lon="-90.0033693"/>
  <node id="8581222008" version="1" timestamp="2021-04-01T02:30:27Z" uid="12955846" user="JakeEdwardsville" changeset="102085335" lat="38.7897184" lon="-90.0033836"/>
  <node id="8581222009" version="1" timestamp="2021-04-01T02:30:27Z" uid="12955846" user="JakeEdwardsville" changeset="102085335" lat="38.7897704" lon="-90.0033499"/>
  <node id="8581222010" version="1" timestamp="2021-04-01T02:30:27Z" uid="12955846" user="JakeEdwardsville" changeset="102085335" lat="38.7894776" lon="-90.0033481"/>
  <node id="8581222011" version="1" timestamp="2021-04-01T02:30:27Z" uid="12955846" user="JakeEdwardsville" changeset="102085335" lat="38.789491" lon="-90.0033392"/>
  <node id="8581222012" version="1" timestamp="2021-04-01T02:30:27Z" uid="12955846" user="JakeEdwardsville" changeset="102085335" lat="38.7894822" lon="-90.0033322"/>
  <node id="8581222013" version="1" timestamp="2021-04-01T02:30:27Z" uid="12955846" user="JakeEdwardsville" changeset="102085335" lat="38.7894576" lon="-90.0033049"/>
  <node id="8581222014" version="1" timestamp="2021-04-01T02:30:27Z" uid="12955846" user="JakeEdwardsville" changeset="102085335" lat="38.7894357" lon="-90.0032506"/>
  <node id="8581222015" version="1" timestamp="2021-04-01T02:30:27Z" uid="12955846" user="JakeEdwardsville" changeset="102085335" lat="38.7895737" lon="-90.0031538"/>
  <node id="8581222016" version="1" timestamp="2021-04-01T02:30:27Z" uid="12955846" user="JakeEdwardsville" changeset="102085335" lat="38.7895581" lon="-90.0030552"/>
  <node id="8581222017" version="1" timestamp="2021-04-01T02:30:27Z" uid="12955846" user="JakeEdwardsville" changeset="102085335" lat="38.7897065" lon="-90.0031826"/>
  <node id="8581222018" version="1" timestamp="2021-04-01T02:30:27Z" uid="12955846" user="JakeEdwardsville" changeset="102085335" lat="38.7896528" lon="-90.003217"/>
  <node id="8581222019" version="1" timestamp="2021-04-01T02:30:27Z" uid="12955846" user="JakeEdwardsville" changeset="102085335" lat="38.7896615" lon="-90.0032351"/>
  <node id="8581222020" version="1" timestamp="2021-04-01T02:30:27Z" uid="12955846" user="JakeEdwardsville" changeset="102085335" lat="38.7897131" lon="-90.003201"/>
  <node id="8581222021" version="1" timestamp="2021-04-01T02:30:27Z" uid="12955846" user="JakeEdwardsville" changeset="102085335" lat="38.7897894" lon="-90.0031309"/>
  <node id="8581222022" version="1" timestamp="2021-04-01T02:30:27Z" uid="12955846" user="JakeEdwardsville" changeset="102085335" lat="38.7898857" lon="-90.0030705"/>
  <node id="8581222023" version="1" timestamp="2021-04-01T02:30:27Z" uid="12955846" user="JakeEdwardsville" changeset="102085335" lat="38.7898198" lon="-90.0031124"/>
  <node id="8581222024" version="1" timestamp="2021-04-01T02:30:27Z" uid="12955846" user="JakeEdwardsville" changeset="102085335" lat="38.789796" lon="-90.0031481"/>
  <node id="8581222025" version="1" timestamp="2021-04-01T02:30:27Z" uid="12955846" user="JakeEdwardsville" changeset="102085335" lat="38.7898259" lon="-90.0031293"/>
  <node id="8581222026" version="1" timestamp="2021-04-01T02:30:27Z" uid="12955846" user="JakeEdwardsville" changeset="102085335" lat="38.7898892" lon="-90.0032956"/>
  <node id="8581222027" version="1" timestamp="2021-04-01T02:30:27Z" uid="12955846" user="JakeEdwardsville" changeset="102085335" lat="38.7898625" lon="-90.0033162"/>
  <node id="8581222028" version="1" timestamp="2021-04-01T02:30:27Z" uid="12955846" user="JakeEdwardsville" changeset="102085335" lat="38.7898552" lon="-90.0032977"/>
  <node id="8581222029" version="1" timestamp="2021-04-01T02:30:27Z" uid="12955846" user="JakeEdwardsville" changeset="102085335" lat="38.7898836" lon="-90.0032784"/>
  <node id="8581222030" version="1" timestamp="2021-04-01T02:30:27Z" uid="12955846" user="JakeEdwardsville" changeset="102085335" lat="38.7899582" lon="-90.003252"/>
  <node id="8581222031" version="1" timestamp="2021-04-01T02:30:27Z" uid="12955846" user="JakeEdwardsville" changeset="102085335" lat="38.7899517" lon="-90.0032366"/>
  <node id="8581222032" version="1" timestamp="2021-04-01T02:30:27Z" uid="12955846" user="JakeEdwardsville" changeset="102085335" lat="38.7899603" lon="-90.003045"/>
  <node id="8581222033" version="1" timestamp="2021-04-01T02:30:27Z" uid="12955846" user="JakeEdwardsville" changeset="102085335" lat="38.7898916" lon="-90.0030879"/>
  <node id="8581222034" version="1" timestamp="2021-04-01T02:30:27Z" uid="12955846" user="JakeEdwardsville" changeset="102085335" lat="38.7899691" lon="-90.0030701"/>
  <node id="8581222035" version="1" timestamp="2021-04-01T02:30:27Z" uid="12955846" user="JakeEdwardsville" changeset="102085335" lat="38.7900331" lon="-90.0030276"/>
  <node id="8581222036" version="1" timestamp="2021-04-01T02:30:27Z" uid="12955846" user="JakeEdwardsville" changeset="102085335" lat="38.7900196" lon="-90.0029927"/>
  <node id="8581222037" version="1" timestamp="2021-04-01T02:30:27Z" uid="12955846" user="JakeEdwardsville" changeset="102085335" lat="38.7900583" lon="-90.0029671"/>
  <node id="8581222038" version="1" timestamp="2021-04-01T02:30:27Z" uid="12955846" user="JakeEdwardsville" changeset="102085335" lat="38.7900646" lon="-90.0029857"/>
  <node id="8581222039" version="1" timestamp="2021-04-01T02:30:27Z" uid="12955846" user="JakeEdwardsville" changeset="102085335" lat="38.7900564" lon="-90.0033435"/>
  <node id="8581222040" version="1" timestamp="2021-04-01T02:30:27Z" uid="12955846" user="JakeEdwardsville" changeset="102085335" lat="38.790111" lon="-90.0034881"/>
  <node id="8581222041" version="1" timestamp="2021-04-01T02:30:27Z" uid="12955846" user="JakeEdwardsville" changeset="102085335" lat="38.7901273" lon="-90.0034773"/>
  <node id="8581222042" version="1" timestamp="2021-04-01T02:30:27Z" uid="12955846" user="JakeEdwardsville" changeset="102085335" lat="38.7900699" lon="-90.0033799"/>
  <node id="8581222043" version="1" timestamp="2021-04-01T02:30:27Z" uid="12955846" user="JakeEdwardsville" changeset="102085335" lat="38.7900848" lon="-90.0033714"/>
  <node id="8581222044" version="1" timestamp="2021-04-01T02:30:27Z" uid="12955846" user="JakeEdwardsville" changeset="102085335" lat="38.7900709" lon="-90.0033343"/>
  <node id="8581222045" version="1" timestamp="2021-04-01T02:30:27Z" uid="12955846" user="JakeEdwardsville" changeset="102085335" lat="38.7900831" lon="-90.0034156"/>
  <node id="8581222046" version="1" timestamp="2021-04-01T02:30:27Z" uid="12955846" user="JakeEdwardsville" changeset="102085335" lat="38.7900992" lon="-90.0034545"/>
  <node id="8581222047" version="1" timestamp="2021-04-01T02:30:27Z" uid="12955846" user="JakeEdwardsville" changeset="102085335" lat="38.7900844" lon="-90.0034384"/>
  <node id="8581222048" version="1" timestamp="2021-04-01T02:30:27Z" uid="12955846" user="JakeEdwardsville" changeset="102085335" lat="38.7900246" lon="-90.0032562"/>
  <node id="8581222049" version="1" timestamp="2021-04-01T02:30:27Z" uid="12955846" user="JakeEdwardsville" changeset="102085335" lat="38.790037" lon="-90.0032485"/>
  <node id="8581222050" version="2" timestamp="2021-04-01T02:54:17Z" uid="12955846" user="JakeEdwardsville" changeset="102085860" lat="38.7901901" lon="-90.0032307"/>
  <node id="8581222051" version="1" timestamp="2021-04-01T02:30:27Z" uid="12955846" user="JakeEdwardsville" changeset="102085335" lat="38.7901519" lon="-90.0031312"/>
  <node id="8581222052" version="1" timestamp="2021-04-01T02:30:27Z" uid="12955846" user="JakeEdwardsville" changeset="102085335" lat="38.7901203" lon="-90.0030533"/>
  <node id="8581222053" version="1" timestamp="2021-04-01T02:30:27Z" uid="12955846" user="JakeEdwardsville" changeset="102085335" lat="38.7901434" lon="-90.0030933"/>
  <node id="8581222054" version="1" timestamp="2021-04-01T02:30:27Z" uid="12955846" user="JakeEdwardsville" changeset="102085335" lat="38.7902157" lon="-90.0032884"/>
  <node id="8581222055" version="1" timestamp="2021-04-01T02:30:27Z" uid="12955846" user="JakeEdwardsville" changeset="102085335" lat="38.7902577" lon="-90.0033954"/>
  <node id="8581222056" version="1" timestamp="2021-04-01T02:30:27Z" uid="12955846" user="JakeEdwardsville" changeset="102085335" lat="38.7902424" lon="-90.0033561"/>
  <node id="8581222057" version="1" timestamp="2021-04-01T02:30:27Z" uid="12955846" user="JakeEdwardsville" changeset="102085335" lat="38.7902293" lon="-90.0033229"/>
  <node id="8581222058" version="1" timestamp="2021-04-01T02:30:27Z" uid="12955846" user="JakeEdwardsville" changeset="102085335" lat="38.7902429" lon="-90.0033379"/>
  <node id="8581222059" version="1" timestamp="2021-04-01T02:30:27Z" uid="12955846" user="JakeEdwardsville" changeset="102085335" lat="38.7902411" lon="-90.0034047"/>
  <node id="8581222060" version="1" timestamp="2021-04-01T02:30:27Z" uid="12955846" user="JakeEdwardsville" changeset="102085335" lat="38.7902774" lon="-90.0034267"/>
  <node id="8581222061" version="1" timestamp="2021-04-01T02:30:27Z" uid="12955846" user="JakeEdwardsville" changeset="102085335" lat="38.7902959" lon="-90.003459"/>
  <node id="8581222062" version="1" timestamp="2021-04-01T02:30:27Z" uid="12955846" user="JakeEdwardsville" changeset="102085335" lat="38.7903495" lon="-90.0034853"/>
  <node id="8581222063" version="1" timestamp="2021-04-01T02:30:27Z" uid="12955846" user="JakeEdwardsville" changeset="102085335" lat="38.7903298" lon="-90.0034975"/>
  <node id="8581222064" version="1" timestamp="2021-04-01T02:30:27Z" uid="12955846" user="JakeEdwardsville" changeset="102085335" lat="38.7902736" lon="-90.0035741"/>
  <node id="8581222065" version="1" timestamp="2021-04-01T02:30:27Z" uid="12955846" user="JakeEdwardsville" changeset="102085335" lat="38.790212" lon="-90.0036116"/>
  <node id="8581222066" version="1" timestamp="2021-04-01T02:30:27Z" uid="12955846" user="JakeEdwardsville" changeset="102085335" lat="38.7901324" lon="-90.0036238"/>
  <node id="8581222067" version="1" timestamp="2021-04-01T02:30:27Z" uid="12955846" user="JakeEdwardsville" changeset="102085335" lat="38.7901127" lon="-90.0036361"/>
  <node id="8581222068" version="1" timestamp="2021-04-01T02:30:27Z" uid="12955846" user="JakeEdwardsville" changeset="102085335" lat="38.7900932" lon="-90.0035849"/>
  <node id="8581222069" version="1" timestamp="2021-04-01T02:30:27Z" uid="12955846" user="JakeEdwardsville" changeset="102085335" lat="38.7901112" lon="-90.0035741"/>
  <node id="8581222070" version="1" timestamp="2021-04-01T02:30:27Z" uid="12955846" user="JakeEdwardsville" changeset="102085335" lat="38.790241" lon="-90.0035868"/>
  <node id="8581222071" version="1" timestamp="2021-04-01T02:30:27Z" uid="12955846" user="JakeEdwardsville" changeset="102085335" lat="38.7902064" lon="-90.0035989"/>
  <node id="8581222072" version="1" timestamp="2021-04-01T02:30:27Z" uid="12955846" user="JakeEdwardsville" changeset="102085335" lat="38.7902688" lon="-90.0035603"/>
  <node id="8581222073" version="1" timestamp="2021-04-01T02:30:27Z" uid="12955846" user="JakeEdwardsville" changeset="102085335" lat="38.7902552" lon="-90.0035736"/>
  <node id="8581222074" version="1" timestamp="2021-04-01T02:30:27Z" uid="12955846" user="JakeEdwardsville" changeset="102085335" lat="38.7902237" lon="-90.0035938"/>
  <node id="8581250940" version="1" timestamp="2021-04-01T02:54:17Z" uid="12955846" user="JakeEdwardsville" changeset="102085860" lat="38.7884589" lon="-90.0029309"/>
  <node id="8581250941" version="1" timestamp="2021-04-01T02:54:17Z" uid="12955846" user="JakeEdwardsville" changeset="102085860" lat="38.7887432" lon="-90.003466"/>
  <node id="8581250942" version="1" timestamp="2021-04-01T02:54:17Z" uid="12955846" user="JakeEdwardsville" changeset="102085860" lat="38.7888213" lon="-90.0036138"/>
  <node id="8581250943" version="1" timestamp="2021-04-01T02:54:17Z" uid="12955846" user="JakeEdwardsville" changeset="102085860" lat="38.7888839" lon="-90.0037866"/>
  <node id="8581250944" version="1" timestamp="2021-04-01T02:54:17Z" uid="12955846" user="JakeEdwardsville" changeset="102085860" lat="38.7889086" lon="-90.0039812"/>
  <node id="8581250945" version="1" timestamp="2021-04-01T02:54:17Z" uid="12955846" user="JakeEdwardsville" changeset="102085860" lat="38.7889666" lon="-90.0043052"/>
  <node id="8581250946" version="1" timestamp="2021-04-01T02:54:17Z" uid="12955846" user="JakeEdwardsville" changeset="102085860" lat="38.7891628" lon="-90.0044425"/>
  <node id="8581250947" version="1" timestamp="2021-04-01T02:54:17Z" uid="12955846" user="JakeEdwardsville" changeset="102085860" lat="38.7893463" lon="-90.0044059"/>
  <node id="8581250948" version="1" timestamp="2021-04-01T02:54:17Z" uid="12955846" user="JakeEdwardsville" changeset="102085860" lat="38.7895148" lon="-90.0042663"/>
  <node id="8581250949" version="1" timestamp="2021-04-01T02:54:17Z" uid="12955846" user="JakeEdwardsville" changeset="102085860" lat="38.7892405" lon="-90.0042289"/>
  <node id="8581250950" version="1" timestamp="2021-04-01T02:54:17Z" uid="12955846" user="JakeEdwardsville" changeset="102085860" lat="38.7892527" lon="-90.0042659"/>
  <node id="8581250951" version="1" timestamp="2021-04-01T02:54:17Z" uid="12955846" user="JakeEdwardsville" changeset="102085860" lat="38.7892558" lon="-90.004284"/>
  <node id="8581250952" version="1" timestamp="2021-04-01T02:54:17Z" uid="12955846" user="JakeEdwardsville" changeset="102085860" lat="38.7892561" lon="-90.0042974"/>
  <node id="8581250953" version="1" timestamp="2021-04-01T02:54:17Z" uid="12955846" user="JakeEdwardsville" changeset="102085860" lat="38.7892551" lon="-90.0043091"/>
  <node id="8581250954" version="1" timestamp="2021-04-01T02:54:17Z" uid="12955846" user="JakeEdwardsville" changeset="102085860" lat="38.7892517" lon="-90.0043299"/>
  <node id="8581250955" version="1" timestamp="2021-04-01T02:54:17Z" uid="12955846" user="JakeEdwardsville" changeset="102085860" lat="38.7892472" lon="-90.004345"/>
  <node id="8581250956" version="1" timestamp="2021-04-01T02:54:17Z" uid="12955846" user="JakeEdwardsville" changeset="102085860" lat="38.7892433" lon="-90.0043668"/>
  <node id="8581250957" version="1" timestamp="2021-04-01T02:54:17Z" uid="12955846" user="JakeEdwardsville" changeset="102085860" lat="38.789241" lon="-90.0043946"/>
  <node id="8581250958" version="1" timestamp="2021-04-01T02:54:17Z" uid="12955846" user="JakeEdwardsville" changeset="102085860" lat="38.7892407" lon="-90.0044181"/>
  <node id="8581250959" version="1" timestamp="2021-04-01T02:54:17Z" uid="12955846" user="JakeEdwardsville" changeset="102085860" lat="38.7892426" lon="-90.0044379"/>
  <node id="8581250960" version="1" timestamp="2021-04-01T02:54:17Z" uid="12955846" user="JakeEdwardsville" changeset="102085860" lat="38.7892889" lon="-90.0040375"/>
  <node id="8581250961" version="1" timestamp="2021-04-01T02:54:17Z" uid="12955846" user="JakeEdwardsville" changeset="102085860" lat="38.7893214" lon="-90.0040191"/>
  <node id="8581250962" version="1" timestamp="2021-04-01T02:54:17Z" uid="12955846" user="JakeEdwardsville" changeset="102085860" lat="38.7893468" lon="-90.004006"/>
  <node id="8581250963" version="1" timestamp="2021-04-01T02:54:17Z" uid="12955846" user="JakeEdwardsville" changeset="102085860" lat="38.7893593" lon="-90.0040007"/>
  <node id="8581250964" version="1" timestamp="2021-04-01T02:54:17Z" uid="12955846" user="JakeEdwardsville" changeset="102085860" lat="38.7893701" lon="-90.0040027"/>
  <node id="8581250965" version="1" timestamp="2021-04-01T02:54:17Z" uid="12955846" user="JakeEdwardsville" changeset="102085860" lat="38.7893761" lon="-90.0040064"/>
  <node id="8581250966" version="1" timestamp="2021-04-01T02:54:17Z" uid="12955846" user="JakeEdwardsville" changeset="102085860" lat="38.7893823" lon="-90.0040137"/>
  <node id="8581250967" version="1" timestamp="2021-04-01T02:54:17Z" uid="12955846" user="JakeEdwardsville" changeset="102085860" lat="38.7893907" lon="-90.0040265"/>
  <node id="8581250968" version="1" timestamp="2021-04-01T02:54:17Z" uid="12955846" user="JakeEdwardsville" changeset="102085860" lat="38.7893993" lon="-90.0040513"/>
  <node id="8581250969" version="1" timestamp="2021-04-01T02:54:17Z" uid="12955846" user="JakeEdwardsville" changeset="102085860" lat="38.7894124" lon="-90.0040882"/>
  <node id="8581250970" version="1" timestamp="2021-04-01T02:54:17Z" uid="12955846" user="JakeEdwardsville" changeset="102085860" lat="38.7894273" lon="-90.0041281"/>
  <node id="8581250971" version="1" timestamp="2021-04-01T02:54:17Z" uid="12955846" user="JakeEdwardsville" changeset="102085860" lat="38.7894443" lon="-90.0041593"/>
  <node id="8581250972" version="1" timestamp="2021-04-01T02:54:17Z" uid="12955846" user="JakeEdwardsville" changeset="102085860" lat="38.7894626" lon="-90.0041871"/>
  <node id="8581250973" version="1" timestamp="2021-04-01T02:54:17Z" uid="12955846" user="JakeEdwardsville" changeset="102085860" lat="38.7894824" lon="-90.0042159"/>
  <node id="8581250974" version="1" timestamp="2021-04-01T02:54:17Z" uid="12955846" user="JakeEdwardsville" changeset="102085860" lat="38.7895015" lon="-90.0042417"/>
  <node id="8581250975" version="1" timestamp="2021-04-01T02:54:17Z" uid="12955846" user="JakeEdwardsville" changeset="102085860" lat="38.7895177" lon="-90.0042621"/>
  <node id="8581250977" version="1" timestamp="2021-04-01T02:54:17Z" uid="12955846" user="JakeEdwardsville" changeset="102085860" lat="38.7897747" lon="-90.0036701"/>
  <node id="8581250978" version="1" timestamp="2021-04-01T02:54:17Z" uid="12955846" user="JakeEdwardsville" changeset="102085860" lat="38.7897714" lon="-90.0036569"/>
  <node id="8581250979" version="1" timestamp="2021-04-01T02:54:17Z" uid="12955846" user="JakeEdwardsville" changeset="102085860" lat="38.7897739" lon="-90.0036449"/>
  <node id="8581250980" version="1" timestamp="2021-04-01T02:54:17Z" uid="12955846" user="JakeEdwardsville" changeset="102085860" lat="38.7897734" lon="-90.0036303"/>
  <node id="8581250981" version="1" timestamp="2021-04-01T02:54:17Z" uid="12955846" user="JakeEdwardsville" changeset="102085860" lat="38.7897691" lon="-90.0036128"/>
  <node id="8581250982" version="1" timestamp="2021-04-01T02:54:17Z" uid="12955846" user="JakeEdwardsville" changeset="102085860" lat="38.7897614" lon="-90.0035929"/>
  <node id="8581250983" version="1" timestamp="2021-04-01T02:54:17Z" uid="12955846" user="JakeEdwardsville" changeset="102085860" lat="38.7897568" lon="-90.003576"/>
  <node id="8581250984" version="1" timestamp="2021-04-01T02:54:17Z" uid="12955846" user="JakeEdwardsville" changeset="102085860" lat="38.7897561" lon="-90.0035614"/>
  <node id="8581250985" version="1" timestamp="2021-04-01T02:54:17Z" uid="12955846" user="JakeEdwardsville" changeset="102085860" lat="38.7897602" lon="-90.0035495"/>
  <node id="8581250986" version="1" timestamp="2021-04-01T02:54:17Z" uid="12955846" user="JakeEdwardsville" changeset="102085860" lat="38.7897675" lon="-90.0035398"/>
  <node id="8581250987" version="1" timestamp="2021-04-01T02:54:17Z" uid="12955846" user="JakeEdwardsville" changeset="102085860" lat="38.7897759" lon="-90.0035328"/>
  <node id="8581250988" version="1" timestamp="2021-04-01T02:54:17Z" uid="12955846" user="JakeEdwardsville" changeset="102085860" lat="38.7897828" lon="-90.0035273"/>
  <node id="8581250989" version="1" timestamp="2021-04-01T02:54:17Z" uid="12955846" user="JakeEdwardsville" changeset="102085860" lat="38.7898161" lon="-90.0035003"/>
  <node id="8581250990" version="1" timestamp="2021-04-01T02:54:17Z" uid="12955846" user="JakeEdwardsville" changeset="102085860" lat="38.7890325" lon="-90.0029527"/>
  <node id="8581250991" version="1" timestamp="2021-04-01T02:54:17Z" uid="12955846" user="JakeEdwardsville" changeset="102085860" lat="38.7890442" lon="-90.0029442"/>
  <node id="8581250992" version="1" timestamp="2021-04-01T02:54:17Z" uid="12955846" user="JakeEdwardsville" changeset="102085860" lat="38.7890547" lon="-90.002928"/>
  <node id="8581250993" version="1" timestamp="2021-04-01T02:54:17Z" uid="12955846" user="JakeEdwardsville" changeset="102085860" lat="38.7890601" lon="-90.0029103"/>
  <node id="8581250994" version="1" timestamp="2021-04-01T02:54:17Z" uid="12955846" user="JakeEdwardsville" changeset="102085860" lat="38.7890613" lon="-90.0028884"/>
  <node id="8581250995" version="1" timestamp="2021-04-01T02:54:17Z" uid="12955846" user="JakeEdwardsville" changeset="102085860" lat="38.7890613" lon="-90.0028603"/>
  <node id="8581250996" version="1" timestamp="2021-04-01T02:54:17Z" uid="12955846" user="JakeEdwardsville" changeset="102085860" lat="38.7890607" lon="-90.0028344"/>
  <node id="8581250997" version="1" timestamp="2021-04-01T02:54:17Z" uid="12955846" user="JakeEdwardsville" changeset="102085860" lat="38.7890604" lon="-90.002811"/>
  <node id="8581250998" version="1" timestamp="2021-04-01T02:54:17Z" uid="12955846" user="JakeEdwardsville" changeset="102085860" lat="38.7890649" lon="-90.0027905"/>
  <node id="8581250999" version="1" timestamp="2021-04-01T02:54:17Z" uid="12955846" user="JakeEdwardsville" changeset="102085860" lat="38.7890691" lon="-90.002767"/>
  <node id="8581251000" version="1" timestamp="2021-04-01T02:54:17Z" uid="12955846" user="JakeEdwardsville" changeset="102085860" lat="38.7890745" lon="-90.0027474"/>
  <node id="8581251001" version="1" timestamp="2021-04-01T02:54:17Z" uid="12955846" user="JakeEdwardsville" changeset="102085860" lat="38.7890799" lon="-90.0027278"/>
  <node id="8581251002" version="1" timestamp="2021-04-01T02:54:17Z" uid="12955846" user="JakeEdwardsville" changeset="102085860" lat="38.7890841" lon="-90.0027089"/>
  <node id="8581251003" version="1" timestamp="2021-04-01T02:54:17Z" uid="12955846" user="JakeEdwardsville" changeset="102085860" lat="38.7890841" lon="-90.002695"/>
  <node id="8581251004" version="1" timestamp="2021-04-01T02:54:17Z" uid="12955846" user="JakeEdwardsville" changeset="102085860" lat="38.7890811" lon="-90.0026823"/>
  <node id="8581251005" version="1" timestamp="2021-04-01T02:54:17Z" uid="12955846" user="JakeEdwardsville" changeset="102085860" lat="38.7890766" lon="-90.0026669"/>
  <node id="8581251006" version="1" timestamp="2021-04-01T02:54:17Z" uid="12955846" user="JakeEdwardsville" changeset="102085860" lat="38.7890715" lon="-90.0026577"/>
  <node id="8581251007" version="1" timestamp="2021-04-01T02:54:17Z" uid="12955846" user="JakeEdwardsville" changeset="102085860" lat="38.7890637" lon="-90.002648"/>
  <node id="8581251008" version="1" timestamp="2021-04-01T02:54:17Z" uid="12955846" user="JakeEdwardsville" changeset="102085860" lat="38.7890553" lon="-90.0026427"/>
  <node id="8581251009" version="1" timestamp="2021-04-01T02:54:17Z" uid="12955846" user="JakeEdwardsville" changeset="102085860" lat="38.7890448" lon="-90.002638"/>
  <node id="8581251010" version="1" timestamp="2021-04-01T02:54:17Z" uid="12955846" user="JakeEdwardsville" changeset="102085860" lat="38.7890316" lon="-90.0026349"/>
  <node id="8581251011" version="1" timestamp="2021-04-01T02:54:17Z" uid="12955846" user="JakeEdwardsville" changeset="102085860" lat="38.7890151" lon="-90.0026342"/>
  <node id="8581251012" version="1" timestamp="2021-04-01T02:54:17Z" uid="12955846" user="JakeEdwardsville" changeset="102085860" lat="38.7889995" lon="-90.002633"/>
  <node id="8581251013" version="1" timestamp="2021-04-01T02:54:17Z" uid="12955846" user="JakeEdwardsville" changeset="102085860" lat="38.7889839" lon="-90.002633"/>
  <node id="8581251014" version="1" timestamp="2021-04-01T02:54:17Z" uid="12955846" user="JakeEdwardsville" changeset="102085860" lat="38.7889668" lon="-90.0026319"/>
  <node id="8581251015" version="1" timestamp="2021-04-01T02:54:17Z" uid="12955846" user="JakeEdwardsville" changeset="102085860" lat="38.788953" lon="-90.0026288"/>
  <node id="8581251016" version="1" timestamp="2021-04-01T02:54:17Z" uid="12955846" user="JakeEdwardsville" changeset="102085860" lat="38.7889397" lon="-90.0026219"/>
  <node id="8581251017" version="1" timestamp="2021-04-01T02:54:17Z" uid="12955846" user="JakeEdwardsville" changeset="102085860" lat="38.7889253" lon="-90.0026099"/>
  <node id="8581251018" version="1" timestamp="2021-04-01T02:54:17Z" uid="12955846" user="JakeEdwardsville" changeset="102085860" lat="38.7889139" lon="-90.0025907"/>
  <node id="8581251019" version="1" timestamp="2021-04-01T02:54:17Z" uid="12955846" user="JakeEdwardsville" changeset="102085860" lat="38.788904" lon="-90.0025687"/>
  <node id="8581251020" version="1" timestamp="2021-04-01T02:54:17Z" uid="12955846" user="JakeEdwardsville" changeset="102085860" lat="38.7888989" lon="-90.002551"/>
  <node id="8581251021" version="1" timestamp="2021-04-01T02:54:17Z" uid="12955846" user="JakeEdwardsville" changeset="102085860" lat="38.7888917" lon="-90.0025275"/>
  <node id="8581251022" version="1" timestamp="2021-04-01T02:54:17Z" uid="12955846" user="JakeEdwardsville" changeset="102085860" lat="38.7884501" lon="-90.0029004"/>
  <node id="8581251023" version="1" timestamp="2021-04-01T02:54:17Z" uid="12955846" user="JakeEdwardsville" changeset="102085860" lat="38.7884888" lon="-90.0028622"/>
  <node id="8581251024" version="1" timestamp="2021-04-01T02:54:17Z" uid="12955846" user="JakeEdwardsville" changeset="102085860" lat="38.7885726" lon="-90.0027601"/>
  <node id="8581251025" version="1" timestamp="2021-04-01T02:54:17Z" uid="12955846" user="JakeEdwardsville" changeset="102085860" lat="38.7886344" lon="-90.0026958"/>
  <node id="8581251026" version="1" timestamp="2021-04-01T02:54:17Z" uid="12955846" user="JakeEdwardsville" changeset="102085860" lat="38.788717" lon="-90.0026246"/>
  <node id="8581251027" version="1" timestamp="2021-04-01T02:54:17Z" uid="12955846" user="JakeEdwardsville" changeset="102085860" lat="38.7887794" lon="-90.0025772"/>
  <node id="8581251028" version="1" timestamp="2021-04-01T02:54:17Z" uid="12955846" user="JakeEdwardsville" changeset="102085860" lat="38.7888434" lon="-90.0025333"/>
  <node id="8581251029" version="1" timestamp="2021-04-01T02:54:17Z" uid="12955846" user="JakeEdwardsville" changeset="102085860" lat="38.788931" lon="-90.0024867"/>
  <node id="8581251030" version="1" timestamp="2021-04-01T02:54:17Z" uid="12955846" user="JakeEdwardsville" changeset="102085860" lat="38.7890013" lon="-90.0024562"/>
  <node id="8581251031" version="1" timestamp="2021-04-01T02:54:17Z" uid="12955846" user="JakeEdwardsville" changeset="102085860" lat="38.7890886" lon="-90.0024258"/>
  <node id="8581251032" version="1" timestamp="2021-04-01T02:54:17Z" uid="12955846" user="JakeEdwardsville" changeset="102085860" lat="38.7891949" lon="-90.0024073"/>
  <node id="8581251033" version="1" timestamp="2021-04-01T02:54:17Z" uid="12955846" user="JakeEdwardsville" changeset="102085860" lat="38.7892757" lon="-90.002395"/>
  <node id="8581251034" version="1" timestamp="2021-04-01T02:54:17Z" uid="12955846" user="JakeEdwardsville" changeset="102085860" lat="38.7893687" lon="-90.0023919"/>
  <node id="8581251035" version="1" timestamp="2021-04-01T02:54:17Z" uid="12955846" user="JakeEdwardsville" changeset="102085860" lat="38.789457" lon="-90.0024043"/>
  <node id="8581251036" version="1" timestamp="2021-04-01T02:54:17Z" uid="12955846" user="JakeEdwardsville" changeset="102085860" lat="38.7894963" lon="-90.0024174"/>
  <node id="8581251037" version="1" timestamp="2021-04-01T02:54:17Z" uid="12955846" user="JakeEdwardsville" changeset="102085860" lat="38.7895584" lon="-90.0024478"/>
  <node id="8581251038" version="1" timestamp="2021-04-01T02:54:17Z" uid="12955846" user="JakeEdwardsville" changeset="102085860" lat="38.7896116" lon="-90.0024901"/>
  <node id="8581251039" version="1" timestamp="2021-04-01T02:54:17Z" uid="12955846" user="JakeEdwardsville" changeset="102085860" lat="38.7896479" lon="-90.002534"/>
  <node id="8581251040" version="1" timestamp="2021-04-01T02:54:17Z" uid="12955846" user="JakeEdwardsville" changeset="102085860" lat="38.7896857" lon="-90.0025864"/>
  <node id="8581251041" version="1" timestamp="2021-04-01T02:54:17Z" uid="12955846" user="JakeEdwardsville" changeset="102085860" lat="38.7897127" lon="-90.0026373"/>
  <node id="8581251042" version="1" timestamp="2021-04-01T02:54:17Z" uid="12955846" user="JakeEdwardsville" changeset="102085860" lat="38.7897344" lon="-90.0026873"/>
  <node id="8581251043" version="1" timestamp="2021-04-01T02:54:17Z" uid="12955846" user="JakeEdwardsville" changeset="102085860" lat="38.7897431" lon="-90.0027278"/>
  <node id="8581251044" version="1" timestamp="2021-04-01T02:54:17Z" uid="12955846" user="JakeEdwardsville" changeset="102085860" lat="38.7897389" lon="-90.0027486"/>
  <node id="8581251045" version="1" timestamp="2021-04-01T02:54:17Z" uid="12955846" user="JakeEdwardsville" changeset="102085860" lat="38.7897322" lon="-90.002767"/>
  <node id="8581251046" version="1" timestamp="2021-04-01T02:54:17Z" uid="12955846" user="JakeEdwardsville" changeset="102085860" lat="38.7897235" lon="-90.0027759"/>
  <node id="8581251047" version="1" timestamp="2021-04-01T02:54:17Z" uid="12955846" user="JakeEdwardsville" changeset="102085860" lat="38.7897076" lon="-90.0027852"/>
  <node id="8581251048" version="1" timestamp="2021-04-01T02:54:17Z" uid="12955846" user="JakeEdwardsville" changeset="102085860" lat="38.7896812" lon="-90.0027894"/>
  <node id="8581251049" version="1" timestamp="2021-04-01T02:54:17Z" uid="12955846" user="JakeEdwardsville" changeset="102085860" lat="38.7896383" lon="-90.0027944"/>
  <node id="8581251050" version="1" timestamp="2021-04-01T02:54:17Z" uid="12955846" user="JakeEdwardsville" changeset="102085860" lat="38.789611" lon="-90.0028094"/>
  <node id="8581251051" version="1" timestamp="2021-04-01T02:54:17Z" uid="12955846" user="JakeEdwardsville" changeset="102085860" lat="38.7895906" lon="-90.0028271"/>
  <node id="8581251052" version="1" timestamp="2021-04-01T02:54:17Z" uid="12955846" user="JakeEdwardsville" changeset="102085860" lat="38.7895695" lon="-90.0028603"/>
  <node id="8581251053" version="1" timestamp="2021-04-01T02:54:17Z" uid="12955846" user="JakeEdwardsville" changeset="102085860" lat="38.7895518" lon="-90.0029115"/>
  <node id="8581251054" version="1" timestamp="2021-04-01T02:54:17Z" uid="12955846" user="JakeEdwardsville" changeset="102085860" lat="38.7895425" lon="-90.0029654"/>
  <node id="8581251055" version="1" timestamp="2021-04-01T02:54:17Z" uid="12955846" user="JakeEdwardsville" changeset="102085860" lat="38.789547" lon="-90.0030243"/>
  <node id="8581251056" version="1" timestamp="2021-04-01T02:54:17Z" uid="12955846" user="JakeEdwardsville" changeset="102085860" lat="38.789571" lon="-90.0030767"/>
  <node id="8581251057" version="1" timestamp="2021-04-01T02:54:17Z" uid="12955846" user="JakeEdwardsville" changeset="102085860" lat="38.7896017" lon="-90.0031071"/>
  <node id="8581251058" version="1" timestamp="2021-04-01T02:54:17Z" uid="12955846" user="JakeEdwardsville" changeset="102085860" lat="38.789635" lon="-90.0031325"/>
  <node id="8581251059" version="1" timestamp="2021-04-01T02:54:17Z" uid="12955846" user="JakeEdwardsville" changeset="102085860" lat="38.7896674" lon="-90.0031387"/>
  <node id="8581251060" version="1" timestamp="2021-04-01T02:54:17Z" uid="12955846" user="JakeEdwardsville" changeset="102085860" lat="38.7897013" lon="-90.0031364"/>
  <node id="8581251061" version="1" timestamp="2021-04-01T02:54:17Z" uid="12955846" user="JakeEdwardsville" changeset="102085860" lat="38.7897268" lon="-90.0031279"/>
  <node id="8581251062" version="1" timestamp="2021-04-01T02:54:17Z" uid="12955846" user="JakeEdwardsville" changeset="102085860" lat="38.7897512" lon="-90.0031117"/>
  <node id="8581251063" version="1" timestamp="2021-04-01T02:54:17Z" uid="12955846" user="JakeEdwardsville" changeset="102085860" lat="38.7897704" lon="-90.0030882"/>
  <node id="8581251064" version="1" timestamp="2021-04-01T02:54:17Z" uid="12955846" user="JakeEdwardsville" changeset="102085860" lat="38.7897893" lon="-90.0030582"/>
  <node id="8581251065" version="1" timestamp="2021-04-01T02:54:17Z" uid="12955846" user="JakeEdwardsville" changeset="102085860" lat="38.7898067" lon="-90.0030247"/>
  <node id="8581251066" version="1" timestamp="2021-04-01T02:54:17Z" uid="12955846" user="JakeEdwardsville" changeset="102085860" lat="38.7898319" lon="-90.002975"/>
  <node id="8581251067" version="1" timestamp="2021-04-01T02:54:17Z" uid="12955846" user="JakeEdwardsville" changeset="102085860" lat="38.7898502" lon="-90.0029404"/>
  <node id="8581251068" version="1" timestamp="2021-04-01T02:54:17Z" uid="12955846" user="JakeEdwardsville" changeset="102085860" lat="38.7898718" lon="-90.0029011"/>
  <node id="8581251069" version="1" timestamp="2021-04-01T02:54:17Z" uid="12955846" user="JakeEdwardsville" changeset="102085860" lat="38.7898935" lon="-90.002873"/>
  <node id="8581251070" version="1" timestamp="2021-04-01T02:54:17Z" uid="12955846" user="JakeEdwardsville" changeset="102085860" lat="38.7899262" lon="-90.0028387"/>
  <node id="8581251071" version="1" timestamp="2021-04-01T02:54:17Z" uid="12955846" user="JakeEdwardsville" changeset="102085860" lat="38.7899592" lon="-90.002811"/>
  <node id="8581251072" version="1" timestamp="2021-04-01T02:54:17Z" uid="12955846" user="JakeEdwardsville" changeset="102085860" lat="38.789985" lon="-90.0027917"/>
  <node id="8581251073" version="1" timestamp="2021-04-01T02:54:17Z" uid="12955846" user="JakeEdwardsville" changeset="102085860" lat="38.7900078" lon="-90.0027705"/>
  <node id="8581251074" version="1" timestamp="2021-04-01T02:54:17Z" uid="12955846" user="JakeEdwardsville" changeset="102085860" lat="38.7900315" lon="-90.0027574"/>
  <node id="8581251075" version="1" timestamp="2021-04-01T02:54:17Z" uid="12955846" user="JakeEdwardsville" changeset="102085860" lat="38.7900438" lon="-90.0027601"/>
  <node id="8581251076" version="1" timestamp="2021-04-01T02:54:17Z" uid="12955846" user="JakeEdwardsville" changeset="102085860" lat="38.7900532" lon="-90.0027767"/>
  <node id="8581251077" version="1" timestamp="2021-04-01T02:54:17Z" uid="12955846" user="JakeEdwardsville" changeset="102085860" lat="38.79007" lon="-90.0028129"/>
  <node id="8581251078" version="1" timestamp="2021-04-01T02:54:17Z" uid="12955846" user="JakeEdwardsville" changeset="102085860" lat="38.7901006" lon="-90.0028726"/>
  <node id="8581251079" version="1" timestamp="2021-04-01T02:54:17Z" uid="12955846" user="JakeEdwardsville" changeset="102085860" lat="38.790118" lon="-90.0029207"/>
  <node id="8581251080" version="1" timestamp="2021-04-01T02:54:17Z" uid="12955846" user="JakeEdwardsville" changeset="102085860" lat="38.7901249" lon="-90.0029731"/>
  <node id="8581251081" version="1" timestamp="2021-04-01T02:54:17Z" uid="12955846" user="JakeEdwardsville" changeset="102085860" lat="38.7901387" lon="-90.0030474"/>
  <node id="8581251082" version="1" timestamp="2021-04-01T02:54:17Z" uid="12955846" user="JakeEdwardsville" changeset="102085860" lat="38.7901594" lon="-90.0030948"/>
  <node id="8581251083" version="1" timestamp="2021-04-01T02:54:17Z" uid="12955846" user="JakeEdwardsville" changeset="102085860" lat="38.7901969" lon="-90.0031499"/>
  <node id="8581251084" version="1" timestamp="2021-04-01T02:54:17Z" uid="12955846" user="JakeEdwardsville" changeset="102085860" lat="38.790254" lon="-90.0032177"/>
  <node id="8581251085" version="1" timestamp="2021-04-01T02:54:17Z" uid="12955846" user="JakeEdwardsville" changeset="102085860" lat="38.7902909" lon="-90.0032639"/>
  <node id="8581251086" version="1" timestamp="2021-04-01T02:54:17Z" uid="12955846" user="JakeEdwardsville" changeset="102085860" lat="38.7903161" lon="-90.0032958"/>
  <node id="8581251087" version="1" timestamp="2021-04-01T02:54:17Z" uid="12955846" user="JakeEdwardsville" changeset="102085860" lat="38.7903533" lon="-90.003349"/>
  <node id="8581251088" version="1" timestamp="2021-04-01T02:54:17Z" uid="12955846" user="JakeEdwardsville" changeset="102085860" lat="38.7903771" lon="-90.0033952"/>
  <node id="8581251089" version="1" timestamp="2021-04-01T02:54:17Z" uid="12955846" user="JakeEdwardsville" changeset="102085860" lat="38.7904005" lon="-90.0034395"/>
  <node id="8581251090" version="1" timestamp="2021-04-01T02:54:17Z" uid="12955846" user="JakeEdwardsville" changeset="102085860" lat="38.7904311" lon="-90.0035173"/>
  <node id="8581251091" version="1" timestamp="2021-04-01T02:54:17Z" uid="12955846" user="JakeEdwardsville" changeset="102085860" lat="38.7904524" lon="-90.0035912"/>
  <node id="8581251092" version="1" timestamp="2021-04-01T02:54:17Z" uid="12955846" user="JakeEdwardsville" changeset="102085860" lat="38.7904656" lon="-90.0036532"/>
  <node id="8581251093" version="1" timestamp="2021-04-01T02:54:17Z" uid="12955846" user="JakeEdwardsville" changeset="102085860" lat="38.7904776" lon="-90.0037568"/>
  <node id="8581251094" version="1" timestamp="2021-04-01T02:54:17Z" uid="12955846" user="JakeEdwardsville" changeset="102085860" lat="38.7904782" lon="-90.0038212"/>
  <node id="8581251095" version="1" timestamp="2021-04-01T02:54:17Z" uid="12955846" user="JakeEdwardsville" changeset="102085860" lat="38.7904752" lon="-90.003909"/>
  <node id="8581251096" version="1" timestamp="2021-04-01T02:54:17Z" uid="12955846" user="JakeEdwardsville" changeset="102085860" lat="38.7904623" lon="-90.0039737"/>
  <node id="8581251097" version="1" timestamp="2021-04-01T02:54:17Z" uid="12955846" user="JakeEdwardsville" changeset="102085860" lat="38.7904449" lon="-90.0040595"/>
  <node id="8581251098" version="1" timestamp="2021-04-01T02:54:17Z" uid="12955846" user="JakeEdwardsville" changeset="102085860" lat="38.790429" lon="-90.0041127"/>
  <node id="8581251099" version="1" timestamp="2021-04-01T02:54:17Z" uid="12955846" user="JakeEdwardsville" changeset="102085860" lat="38.7904074" lon="-90.0041724"/>
  <node id="8581251100" version="1" timestamp="2021-04-01T02:54:17Z" uid="12955846" user="JakeEdwardsville" changeset="102085860" lat="38.7903765" lon="-90.0042282"/>
  <node id="8581251101" version="1" timestamp="2021-04-01T02:54:17Z" uid="12955846" user="JakeEdwardsville" changeset="102085860" lat="38.7903595" lon="-90.004251"/>
  <node id="8581251102" version="1" timestamp="2021-04-01T02:54:17Z" uid="12955846" user="JakeEdwardsville" changeset="102085860" lat="38.7903155" lon="-90.0042409"/>
  <node id="8581251103" version="1" timestamp="2021-04-01T02:54:17Z" uid="12955846" user="JakeEdwardsville" changeset="102085860" lat="38.7903017" lon="-90.0042313"/>
  <node id="8581251104" version="1" timestamp="2021-04-01T02:54:17Z" uid="12955846" user="JakeEdwardsville" changeset="102085860" lat="38.7902951" lon="-90.0042178"/>
  <node id="8581251105" version="1" timestamp="2021-04-01T02:54:17Z" uid="12955846" user="JakeEdwardsville" changeset="102085860" lat="38.7902717" lon="-90.0041439"/>
  <node id="8581251106" version="1" timestamp="2021-04-01T02:54:17Z" uid="12955846" user="JakeEdwardsville" changeset="102085860" lat="38.7902492" lon="-90.0040699"/>
  <node id="8581251107" version="1" timestamp="2021-04-01T02:54:17Z" uid="12955846" user="JakeEdwardsville" changeset="102085860" lat="38.7902384" lon="-90.0040207"/>
  <node id="8581251108" version="1" timestamp="2021-04-01T02:54:17Z" uid="12955846" user="JakeEdwardsville" changeset="102085860" lat="38.7902225" lon="-90.003964"/>
  <node id="8581251109" version="1" timestamp="2021-04-01T02:54:17Z" uid="12955846" user="JakeEdwardsville" changeset="102085860" lat="38.7902105" lon="-90.0039151"/>
  <node id="8581251110" version="1" timestamp="2021-04-01T02:54:17Z" uid="12955846" user="JakeEdwardsville" changeset="102085860" lat="38.79019" lon="-90.0038631"/>
  <node id="8581251111" version="1" timestamp="2021-04-01T02:54:17Z" uid="12955846" user="JakeEdwardsville" changeset="102085860" lat="38.790169" lon="-90.0038173"/>
  <node id="8581251112" version="1" timestamp="2021-04-01T02:54:17Z" uid="12955846" user="JakeEdwardsville" changeset="102085860" lat="38.7901522" lon="-90.0037815"/>
  <node id="8581251113" version="1" timestamp="2021-04-01T02:54:17Z" uid="12955846" user="JakeEdwardsville" changeset="102085860" lat="38.7901399" lon="-90.003758"/>
  <node id="8581251114" version="1" timestamp="2021-04-01T02:54:17Z" uid="12955846" user="JakeEdwardsville" changeset="102085860" lat="38.7901159" lon="-90.0037384"/>
  <node id="8581251115" version="1" timestamp="2021-04-01T02:54:17Z" uid="12955846" user="JakeEdwardsville" changeset="102085860" lat="38.7900979" lon="-90.003721"/>
  <node id="8581251116" version="1" timestamp="2021-04-01T02:54:17Z" uid="12955846" user="JakeEdwardsville" changeset="102085860" lat="38.7900778" lon="-90.0037025"/>
  <node id="8581251117" version="1" timestamp="2021-04-01T02:54:17Z" uid="12955846" user="JakeEdwardsville" changeset="102085860" lat="38.7900697" lon="-90.0036721"/>
  <node id="8581251118" version="1" timestamp="2021-04-01T02:54:17Z" uid="12955846" user="JakeEdwardsville" changeset="102085860" lat="38.7900625" lon="-90.0036409"/>
  <node id="8581251119" version="1" timestamp="2021-04-01T02:54:17Z" uid="12955846" user="JakeEdwardsville" changeset="102085860" lat="38.7900547" lon="-90.0036093"/>
  <node id="8581251120" version="1" timestamp="2021-04-01T02:54:17Z" uid="12955846" user="JakeEdwardsville" changeset="102085860" lat="38.790049" lon="-90.0035901"/>
  <node id="8581251121" version="1" timestamp="2021-04-01T02:54:17Z" uid="12955846" user="JakeEdwardsville" changeset="102085860" lat="38.7900465" lon="-90.0035697"/>
  <node id="8581251122" version="1" timestamp="2021-04-01T02:54:17Z" uid="12955846" user="JakeEdwardsville" changeset="102085860" lat="38.7900493" lon="-90.0035596"/>
  <node id="8581251123" version="1" timestamp="2021-04-01T02:54:17Z" uid="12955846" user="JakeEdwardsville" changeset="102085860" lat="38.7900553" lon="-90.0035512"/>
  <node id="8581251124" version="1" timestamp="2021-04-01T02:54:17Z" uid="12955846" user="JakeEdwardsville" changeset="102085860" lat="38.7900649" lon="-90.0035435"/>
  <node id="8581251125" version="1" timestamp="2021-04-01T02:54:17Z" uid="12955846" user="JakeEdwardsville" changeset="102085860" lat="38.7900817" lon="-90.0035335"/>
  <node id="8581251126" version="1" timestamp="2021-04-01T02:54:17Z" uid="12955846" user="JakeEdwardsville" changeset="102085860" lat="38.7901355" lon="-90.0035016"/>
  <node id="8581251127" version="1" timestamp="2021-04-01T02:54:17Z" uid="12955846" user="JakeEdwardsville" changeset="102085860" lat="38.7903677" lon="-90.0042462"/>
  <node id="8581251128" version="1" timestamp="2021-04-01T02:54:17Z" uid="12955846" user="JakeEdwardsville" changeset="102085860" lat="38.7902654" lon="-90.0042818"/>
  <node id="8581251129" version="1" timestamp="2021-04-01T02:54:17Z" uid="12955846" user="JakeEdwardsville" changeset="102085860" lat="38.7902975" lon="-90.0042608"/>
  <node id="8581251130" version="1" timestamp="2021-04-01T02:54:17Z" uid="12955846" user="JakeEdwardsville" changeset="102085860" lat="38.7904051" lon="-90.0042938"/>
  <node id="8581251131" version="1" timestamp="2021-04-01T02:54:17Z" uid="12955846" user="JakeEdwardsville" changeset="102085860" lat="38.7903806" lon="-90.0042774"/>
  <node id="8581251132" version="1" timestamp="2021-04-01T02:54:17Z" uid="12955846" user="JakeEdwardsville" changeset="102085860" lat="38.7903625" lon="-90.0042492"/>
  <node id="8581251133" version="1" timestamp="2021-04-01T02:54:17Z" uid="12955846" user="JakeEdwardsville" changeset="102085860" lat="38.7903859" lon="-90.003412"/>
  <node id="8581251134" version="1" timestamp="2021-04-01T02:54:17Z" uid="12955846" user="JakeEdwardsville" changeset="102085860" lat="38.7903798" lon="-90.0034177"/>
  <node id="8581251135" version="1" timestamp="2021-04-01T02:54:17Z" uid="12955846" user="JakeEdwardsville" changeset="102085860" lat="38.7903726" lon="-90.0034323"/>
  <node id="8581251136" version="1" timestamp="2021-04-01T02:54:17Z" uid="12955846" user="JakeEdwardsville" changeset="102085860" lat="38.7903738" lon="-90.0034558"/>
  <node id="8581251137" version="1" timestamp="2021-04-01T02:54:17Z" uid="12955846" user="JakeEdwardsville" changeset="102085860" lat="38.790381" lon="-90.0034789"/>
  <node id="8581251138" version="1" timestamp="2021-04-01T02:54:17Z" uid="12955846" user="JakeEdwardsville" changeset="102085860" lat="38.7903861" lon="-90.0035317"/>
  <node id="8581251139" version="1" timestamp="2021-04-01T02:54:17Z" uid="12955846" user="JakeEdwardsville" changeset="102085860" lat="38.7903834" lon="-90.0035613"/>
  <node id="8581251140" version="1" timestamp="2021-04-01T02:54:17Z" uid="12955846" user="JakeEdwardsville" changeset="102085860" lat="38.7903768" lon="-90.0035902"/>
  <node id="8581251141" version="1" timestamp="2021-04-01T02:54:17Z" uid="12955846" user="JakeEdwardsville" changeset="102085860" lat="38.7903651" lon="-90.0036079"/>
  <node id="8581251142" version="1" timestamp="2021-04-01T02:54:17Z" uid="12955846" user="JakeEdwardsville" changeset="102085860" lat="38.7903534" lon="-90.0036195"/>
  <node id="8581251143" version="1" timestamp="2021-04-01T02:54:17Z" uid="12955846" user="JakeEdwardsville" changeset="102085860" lat="38.7903402" lon="-90.0036237"/>
  <node id="8581251144" version="1" timestamp="2021-04-01T02:54:17Z" uid="12955846" user="JakeEdwardsville" changeset="102085860" lat="38.790327" lon="-90.0036222"/>
  <node id="8581251145" version="1" timestamp="2021-04-01T02:54:17Z" uid="12955846" user="JakeEdwardsville" changeset="102085860" lat="38.7903174" lon="-90.0036141"/>
  <node id="8581251146" version="1" timestamp="2021-04-01T02:54:17Z" uid="12955846" user="JakeEdwardsville" changeset="102085860" lat="38.7903081" lon="-90.003601"/>
  <node id="8581251147" version="1" timestamp="2021-04-01T02:54:17Z" uid="12955846" user="JakeEdwardsville" changeset="102085860" lat="38.7902997" lon="-90.0035794"/>
  <node id="8581251148" version="1" timestamp="2021-04-01T02:54:17Z" uid="12955846" user="JakeEdwardsville" changeset="102085860" lat="38.7902945" lon="-90.0035612"/>
  <node id="8581251149" version="1" timestamp="2021-04-01T02:54:17Z" uid="12955846" user="JakeEdwardsville" changeset="102085860" lat="38.7895865" lon="-90.0028336"/>
  <node id="8581251150" version="1" timestamp="2021-04-01T02:54:17Z" uid="12955846" user="JakeEdwardsville" changeset="102085860" lat="38.7895662" lon="-90.0028022"/>
  <node id="8581251151" version="1" timestamp="2021-04-01T02:54:17Z" uid="12955846" user="JakeEdwardsville" changeset="102085860" lat="38.78955" lon="-90.0027606"/>
  <node id="8581251152" version="1" timestamp="2021-04-01T02:54:17Z" uid="12955846" user="JakeEdwardsville" changeset="102085860" lat="38.7895359" lon="-90.0027063"/>
  <node id="8581251153" version="1" timestamp="2021-04-01T02:54:17Z" uid="12955846" user="JakeEdwardsville" changeset="102085860" lat="38.7895227" lon="-90.0026493"/>
  <node id="8581251154" version="1" timestamp="2021-04-01T02:54:17Z" uid="12955846" user="JakeEdwardsville" changeset="102085860" lat="38.7895077" lon="-90.0026066"/>
  <node id="8581251155" version="1" timestamp="2021-04-01T02:54:17Z" uid="12955846" user="JakeEdwardsville" changeset="102085860" lat="38.7894926" lon="-90.0025658"/>
  <node id="8581251156" version="1" timestamp="2021-04-01T02:54:17Z" uid="12955846" user="JakeEdwardsville" changeset="102085860" lat="38.7894713" lon="-90.0025261"/>
  <node id="8581251157" version="1" timestamp="2021-04-01T02:54:17Z" uid="12955846" user="JakeEdwardsville" changeset="102085860" lat="38.7894455" lon="-90.002483"/>
  <node id="8581251158" version="1" timestamp="2021-04-01T02:54:17Z" uid="12955846" user="JakeEdwardsville" changeset="102085860" lat="38.7894206" lon="-90.0024475"/>
  <node id="8581251159" version="1" timestamp="2021-04-01T02:54:17Z" uid="12955846" user="JakeEdwardsville" changeset="102085860" lat="38.7893921" lon="-90.002409"/>
  <node id="8581251160" version="1" timestamp="2021-04-01T02:54:17Z" uid="12955846" user="JakeEdwardsville" changeset="102085860" lat="38.7893771" lon="-90.0023931"/>
  <node id="8581251161" version="1" timestamp="2021-04-01T02:54:17Z" uid="12955846" user="JakeEdwardsville" changeset="102085860" lat="38.7892933" lon="-90.0031766"/>
  <node id="8581251162" version="1" timestamp="2021-04-01T02:54:17Z" uid="12955846" user="JakeEdwardsville" changeset="102085860" lat="38.7892813" lon="-90.0031808"/>
  <node id="8581251163" version="1" timestamp="2021-04-01T02:54:17Z" uid="12955846" user="JakeEdwardsville" changeset="102085860" lat="38.7892663" lon="-90.0031816"/>
  <node id="8581251164" version="1" timestamp="2021-04-01T02:54:17Z" uid="12955846" user="JakeEdwardsville" changeset="102085860" lat="38.7892558" lon="-90.0031758"/>
  <node id="8581251165" version="1" timestamp="2021-04-01T02:54:17Z" uid="12955846" user="JakeEdwardsville" changeset="102085860" lat="38.7892438" lon="-90.0031612"/>
  <node id="8581251166" version="1" timestamp="2021-04-01T02:54:17Z" uid="12955846" user="JakeEdwardsville" changeset="102085860" lat="38.7892312" lon="-90.0031327"/>
  <node id="8581251167" version="1" timestamp="2021-04-01T02:54:17Z" uid="12955846" user="JakeEdwardsville" changeset="102085860" lat="38.7892171" lon="-90.0030891"/>
  <node id="8581251168" version="1" timestamp="2021-04-01T02:54:17Z" uid="12955846" user="JakeEdwardsville" changeset="102085860" lat="38.7892042" lon="-90.0030337"/>
  <node id="8581251169" version="1" timestamp="2021-04-01T02:54:17Z" uid="12955846" user="JakeEdwardsville" changeset="102085860" lat="38.7891922" lon="-90.0029667"/>
  <node id="8581251170" version="1" timestamp="2021-04-01T02:54:17Z" uid="12955846" user="JakeEdwardsville" changeset="102085860" lat="38.7891816" lon="-90.0028692"/>
  <node id="8581251171" version="1" timestamp="2021-04-01T02:54:17Z" uid="12955846" user="JakeEdwardsville" changeset="102085860" lat="38.7891675" lon="-90.0027556"/>
  <node id="8581251172" version="1" timestamp="2021-04-01T02:54:17Z" uid="12955846" user="JakeEdwardsville" changeset="102085860" lat="38.7891555" lon="-90.0026728"/>
  <node id="8581251173" version="1" timestamp="2021-04-01T02:54:17Z" uid="12955846" user="JakeEdwardsville" changeset="102085860" lat="38.7891471" lon="-90.0026081"/>
  <node id="8581251174" version="1" timestamp="2021-04-01T02:54:17Z" uid="12955846" user="JakeEdwardsville" changeset="102085860" lat="38.7891441" lon="-90.0025812"/>
  <node id="8581251175" version="1" timestamp="2021-04-01T02:54:17Z" uid="12955846" user="JakeEdwardsville" changeset="102085860" lat="38.7891369" lon="-90.0025746"/>
  <node id="8581251176" version="1" timestamp="2021-04-01T02:54:17Z" uid="12955846" user="JakeEdwardsville" changeset="102085860" lat="38.7891288" lon="-90.0025658"/>
  <node id="8581251177" version="1" timestamp="2021-04-01T02:54:17Z" uid="12955846" user="JakeEdwardsville" changeset="102085860" lat="38.789106" lon="-90.0025515"/>
  <node id="8581251178" version="1" timestamp="2021-04-01T02:54:17Z" uid="12955846" user="JakeEdwardsville" changeset="102085860" lat="38.7890868" lon="-90.0025465"/>
  <node id="8581251179" version="1" timestamp="2021-04-01T02:54:17Z" uid="12955846" user="JakeEdwardsville" changeset="102085860" lat="38.7890637" lon="-90.00254"/>
  <node id="8581251180" version="1" timestamp="2021-04-01T02:54:17Z" uid="12955846" user="JakeEdwardsville" changeset="102085860" lat="38.7890523" lon="-90.0025272"/>
  <node id="8581251181" version="1" timestamp="2021-04-01T02:54:17Z" uid="12955846" user="JakeEdwardsville" changeset="102085860" lat="38.7890424" lon="-90.0025057"/>
  <node id="8581251182" version="1" timestamp="2021-04-01T02:54:17Z" uid="12955846" user="JakeEdwardsville" changeset="102085860" lat="38.7890382" lon="-90.0024864"/>
  <node id="8581251183" version="1" timestamp="2021-04-01T02:54:17Z" uid="12955846" user="JakeEdwardsville" changeset="102085860" lat="38.7890309" lon="-90.0024459"/>
  <node id="8581251188" version="1" timestamp="2021-04-01T02:54:17Z" uid="12955846" user="JakeEdwardsville" changeset="102085860" lat="38.7901256" lon="-90.0026844"/>
  <node id="8581251189" version="1" timestamp="2021-04-01T02:54:17Z" uid="12955846" user="JakeEdwardsville" changeset="102085860" lat="38.7879334" lon="-89.99561"/>
  <node id="8581251190" version="1" timestamp="2021-04-01T02:54:17Z" uid="12955846" user="JakeEdwardsville" changeset="102085860" lat="38.7879476" lon="-89.9954354"/>
  <node id="8581251191" version="1" timestamp="2021-04-01T02:54:17Z" uid="12955846" user="JakeEdwardsville" changeset="102085860" lat="38.7879952" lon="-89.9952578"/>
  <node id="8581251192" version="1" timestamp="2021-04-01T02:54:17Z" uid="12955846" user="JakeEdwardsville" changeset="102085860" lat="38.7880862" lon="-89.995072"/>
  <node id="8581251193" version="1" timestamp="2021-04-01T02:54:17Z" uid="12955846" user="JakeEdwardsville" changeset="102085860" lat="38.7882167" lon="-89.9949424"/>
  <node id="8581251194" version="1" timestamp="2021-04-01T02:54:17Z" uid="12955846" user="JakeEdwardsville" changeset="102085860" lat="38.7882749" lon="-89.9949173"/>
  <node id="8581251195" version="1" timestamp="2021-04-01T02:54:17Z" uid="12955846" user="JakeEdwardsville" changeset="102085860" lat="38.7884447" lon="-89.9948802"/>
  <node id="8581251196" version="1" timestamp="2021-04-01T02:54:17Z" uid="12955846" user="JakeEdwardsville" changeset="102085860" lat="38.7886835" lon="-89.9948709"/>
  <node id="8581251197" version="1" timestamp="2021-04-01T02:54:17Z" uid="12955846" user="JakeEdwardsville" changeset="102085860" lat="38.7889098" lon="-89.9949158"/>
  <node id="8581251198" version="1" timestamp="2021-04-01T02:54:17Z" uid="12955846" user="JakeEdwardsville" changeset="102085860" lat="38.7890587" lon="-89.9949875"/>
  <node id="8581251199" version="1" timestamp="2021-04-01T02:54:17Z" uid="12955846" user="JakeEdwardsville" changeset="102085860" lat="38.7892585" lon="-89.9950452"/>
  <node id="8581251201" version="1" timestamp="2021-04-01T02:54:17Z" uid="12955846" user="JakeEdwardsville" changeset="102085860" lat="38.7894412" lon="-89.9949381"/>
  <node id="8581251202" version="1" timestamp="2021-04-01T02:54:17Z" uid="12955846" user="JakeEdwardsville" changeset="102085860" lat="38.7902138" lon="-89.9951323"/>
  <node id="8581251203" version="1" timestamp="2021-04-01T02:54:17Z" uid="12955846" user="JakeEdwardsville" changeset="102085860" lat="38.7902502" lon="-89.9952229"/>
  <node id="8581251204" version="1" timestamp="2021-04-01T02:54:17Z" uid="12955846" user="JakeEdwardsville" changeset="102085860" lat="38.7902638" lon="-89.9953581"/>
  <node id="8581251205" version="1" timestamp="2021-04-01T02:54:17Z" uid="12955846" user="JakeEdwardsville" changeset="102085860" lat="38.7902672" lon="-89.9955231"/>
  <node id="8581251206" version="1" timestamp="2021-04-01T02:54:17Z" uid="12955846" user="JakeEdwardsville" changeset="102085860" lat="38.7901097" lon="-89.9948745"/>
  <node id="8581251207" version="1" timestamp="2021-04-01T02:54:17Z" uid="12955846" user="JakeEdwardsville" changeset="102085860" lat="38.7901563" lon="-89.9948018"/>
  <node id="8581251208" version="1" timestamp="2021-04-01T02:54:17Z" uid="12955846" user="JakeEdwardsville" changeset="102085860" lat="38.7902092" lon="-89.9946143"/>
  <node id="8581251209" version="1" timestamp="2021-04-01T02:54:17Z" uid="12955846" user="JakeEdwardsville" changeset="102085860" lat="38.7900874" lon="-90.0027197">
    <tag k="crossing" v="marked"/>
    <tag k="highway" v="crossing"/>
  </node>
  <node id="8581251210" version="1" timestamp="2021-04-01T02:54:17Z" uid="12955846" user="JakeEdwardsville" changeset="102085860" lat="38.7888866" lon="-90.0025103"/>
  <node id="8623729706" version="2" timestamp="2021-06-19T16:53:58Z" uid="12955846" user="JakeEdwardsville" changeset="106639623" lat="38.7909087" lon="-90.0017008"/>
  <node id="8623729708" version="1" timestamp="2021-04-12T23:50:18Z" uid="12955846" user="JakeEdwardsville" changeset="102832116" lat="38.7909572" lon="-90.002145"/>
  <node id="8623729709" version="1" timestamp="2021-04-12T23:50:18Z" uid="12955846" user="JakeEdwardsville" changeset="102832116" lat="38.7910509" lon="-90.0021192"/>
  <node id="8623729710" version="1" timestamp="2021-04-12T23:50:18Z" uid="12955846" user="JakeEdwardsville" changeset="102832116" lat="38.7910063" lon="-90.002142"/>
  <node id="8623729711" version="1" timestamp="2021-04-12T23:50:18Z" uid="12955846" user="JakeEdwardsville" changeset="102832116" lat="38.7909822" lon="-90.0021458"/>
  <node id="8623729712" version="1" timestamp="2021-04-12T23:50:18Z" uid="12955846" user="JakeEdwardsville" changeset="102832116" lat="38.7910266" lon="-90.0021316"/>
  <node id="8623729713" version="1" timestamp="2021-04-12T23:50:18Z" uid="12955846" user="JakeEdwardsville" changeset="102832116" lat="38.7912021" lon="-90.0019776"/>
  <node id="8623729714" version="1" timestamp="2021-04-12T23:50:18Z" uid="12955846" user="JakeEdwardsville" changeset="102832116" lat="38.7912512" lon="-90.0016553"/>
  <node id="8623729715" version="1" timestamp="2021-04-12T23:50:18Z" uid="12955846" user="JakeEdwardsville" changeset="102832116" lat="38.7912619" lon="-90.0016415"/>
  <node id="8623729716" version="1" timestamp="2021-04-12T23:50:18Z" uid="12955846" user="JakeEdwardsville" changeset="102832116" lat="38.7912632" lon="-90.0015597"/>
  <node id="8623776517" version="1" timestamp="2021-04-12T23:50:18Z" uid="12955846" user="JakeEdwardsville" changeset="102832116" lat="38.7912644" lon="-90.0015643"/>
  <node id="8623776518" version="1" timestamp="2021-04-12T23:50:18Z" uid="12955846" user="JakeEdwardsville" changeset="102832116" lat="38.7912365" lon="-90.0012943"/>
  <node id="8623776519" version="1" timestamp="2021-04-12T23:50:18Z" uid="12955846" user="JakeEdwardsville" changeset="102832116" lat="38.7912416" lon="-90.0013025"/>
  <node id="8623776520" version="1" timestamp="2021-04-12T23:50:18Z" uid="12955846" user="JakeEdwardsville" changeset="102832116" lat="38.79123" lon="-90.0012893"/>
  <node id="8623776521" version="1" timestamp="2021-04-12T23:50:18Z" uid="12955846" user="JakeEdwardsville" changeset="102832116" lat="38.7911598" lon="-90.0012912"/>
  <node id="8623776522" version="1" timestamp="2021-04-12T23:50:18Z" uid="12955846" user="JakeEdwardsville" changeset="102832116" lat="38.7911502" lon="-90.0013076"/>
  <node id="8623776523" version="1" timestamp="2021-04-12T23:50:18Z" uid="12955846" user="JakeEdwardsville" changeset="102832116" lat="38.79104" lon="-90.0009792"/>
  <node id="8623776524" version="1" timestamp="2021-04-12T23:50:18Z" uid="12955846" user="JakeEdwardsville" changeset="102832116" lat="38.7907105" lon="-90.0015272"/>
  <node id="8623776525" version="1" timestamp="2021-04-12T23:50:18Z" uid="12955846" user="JakeEdwardsville" changeset="102832116" lat="38.790711" lon="-90.001545"/>
  <node id="8623776526" version="1" timestamp="2021-04-12T23:50:18Z" uid="12955846" user="JakeEdwardsville" changeset="102832116" lat="38.7908356" lon="-90.000102"/>
  <node id="8623776527" version="1" timestamp="2021-04-12T23:50:18Z" uid="12955846" user="JakeEdwardsville" changeset="102832116" lat="38.790836" lon="-90.0000706"/>
  <node id="8623776528" version="1" timestamp="2021-04-12T23:50:18Z" uid="12955846" user="JakeEdwardsville" changeset="102832116" lat="38.7908236" lon="-90.0000866"/>
  <node id="8623776552" version="1" timestamp="2021-04-12T23:50:18Z" uid="12955846" user="JakeEdwardsville" changeset="102832116" lat="38.791968" lon="-89.99375"/>
  <node id="8641988378" version="1" timestamp="2021-04-19T02:00:54Z" uid="3738260" user="Zabot" changeset="103159165" lat="38.7924976" lon="-90.0012568"/>
  <node id="8641988379" version="2" timestamp="2021-04-19T02:25:38Z" uid="3738260" user="Zabot" changeset="103159570" lat="38.7924947" lon="-90.001183">
    <tag k="entrance" v="yes"/>
  </node>
  <node id="8641988380" version="1" timestamp="2021-04-19T02:00:54Z" uid="3738260" user="Zabot" changeset="103159165" lat="38.7925036" lon="-90.0010702"/>
  <node id="8641988381" version="1" timestamp="2021-04-19T02:00:54Z" uid="3738260" user="Zabot" changeset="103159165" lat="38.7924803" lon="-90.0010183"/>
  <node id="8641988382" version="1" timestamp="2021-04-19T02:00:54Z" uid="3738260" user="Zabot" changeset="103159165" lat="38.7924787" lon="-90.0009866"/>
  <node id="8641988383" version="1" timestamp="2021-04-19T02:00:54Z" uid="3738260" user="Zabot" changeset="103159165" lat="38.7924132" lon="-90.0013964"/>
  <node id="8641988384" version="1" timestamp="2021-04-19T02:00:54Z" uid="3738260" user="Zabot" changeset="103159165" lat="38.7924794" lon="-90.0013957"/>
  <node id="8641988385" version="1" timestamp="2021-04-19T02:00:54Z" uid="3738260" user="Zabot" changeset="103159165" lat="38.7924134" lon="-90.0013762"/>
  <node id="8641988386" version="1" timestamp="2021-04-19T02:00:54Z" uid="3738260" user="Zabot" changeset="103159165" lat="38.7924132" lon="-90.0010042"/>
  <node id="8641988387" version="1" timestamp="2021-04-19T02:00:54Z" uid="3738260" user="Zabot" changeset="103159165" lat="38.7924131" lon="-90.0009868"/>
  <node id="8641988388" version="1" timestamp="2021-04-19T02:00:54Z" uid="3738260" user="Zabot" changeset="103159165" lat="38.791762" lon="-90.0006447"/>
  <node id="8641988389" version="1" timestamp="2021-04-19T02:00:54Z" uid="3738260" user="Zabot" changeset="103159165" lat="38.791779" lon="-90.0006271"/>
  <node id="8641988390" version="1" timestamp="2021-04-19T02:00:54Z" uid="3738260" user="Zabot" changeset="103159165" lat="38.791805" lon="-90.0006093"/>
  <node id="8641988391" version="1" timestamp="2021-04-19T02:00:54Z" uid="3738260" user="Zabot" changeset="103159165" lat="38.7918327" lon="-90.0005973"/>
  <node id="8641988392" version="1" timestamp="2021-04-19T02:00:54Z" uid="3738260" user="Zabot" changeset="103159165" lat="38.7918734" lon="-90.0005919"/>
  <node id="8641988393" version="1" timestamp="2021-04-19T02:00:54Z" uid="3738260" user="Zabot" changeset="103159165" lat="38.7918746" lon="-90.0006447"/>
  <node id="8641988394" version="1" timestamp="2021-04-19T02:00:54Z" uid="3738260" user="Zabot" changeset="103159165" lat="38.7922839" lon="-90.0018805"/>
  <node id="8641988395" version="2" timestamp="2021-06-19T16:53:58Z" uid="12955846" user="JakeEdwardsville" changeset="106639623" lat="38.7920814" lon="-90.0015114"/>
  <node id="8641988396" version="2" timestamp="2021-06-19T16:53:58Z" uid="12955846" user="JakeEdwardsville" changeset="106639623" lat="38.7919957" lon="-90.0015137"/>
  <node id="8641988397" version="2" timestamp="2021-06-19T16:53:58Z" uid="12955846" user="JakeEdwardsville" changeset="106639623" lat="38.7919959" lon="-90.0016307"/>
  <node id="8641988398" version="2" timestamp="2021-06-19T16:53:58Z" uid="12955846" user="JakeEdwardsville" changeset="106639623" lat="38.7920817" lon="-90.00163"/>
  <node id="8641988402" version="1" timestamp="2021-04-19T02:00:54Z" uid="3738260" user="Zabot" changeset="103159165" lat="38.7921726" lon="-90.0020456"/>
  <node id="8641988404" version="1" timestamp="2021-04-19T02:00:54Z" uid="3738260" user="Zabot" changeset="103159165" lat="38.7922074" lon="-90.0019825"/>
  <node id="8641988405" version="1" timestamp="2021-04-19T02:00:54Z" uid="3738260" user="Zabot" changeset="103159165" lat="38.7922074" lon="-90.001883"/>
  <node id="8642007306" version="2" timestamp="2021-08-03T05:37:02Z" uid="12955846" user="JakeEdwardsville" changeset="109064617" lat="38.7925013" lon="-90.0002415"/>
  <node id="8642007307" version="1" timestamp="2021-04-19T02:25:38Z" uid="3738260" user="Zabot" changeset="103159570" lat="38.7923458" lon="-90.0007106"/>
  <node id="8642007308" version="1" timestamp="2021-04-19T02:25:38Z" uid="3738260" user="Zabot" changeset="103159570" lat="38.7924555" lon="-90.0005708"/>
  <node id="8642007309" version="1" timestamp="2021-04-19T02:25:38Z" uid="3738260" user="Zabot" changeset="103159570" lat="38.7920391" lon="-90.0008144"/>
  <node id="8642007310" version="1" timestamp="2021-04-19T02:25:38Z" uid="3738260" user="Zabot" changeset="103159570" lat="38.7924861" lon="-90.0007635"/>
  <node id="8642007311" version="1" timestamp="2021-04-19T02:25:38Z" uid="3738260" user="Zabot" changeset="103159570" lat="38.7925536" lon="-90.0008566"/>
  <node id="8642007312" version="2" timestamp="2021-08-03T05:37:02Z" uid="12955846" user="JakeEdwardsville" changeset="109064617" lat="38.7925883" lon="-90.000913"/>
  <node id="8642007313" version="1" timestamp="2021-04-19T02:25:38Z" uid="3738260" user="Zabot" changeset="103159570" lat="38.7925949" lon="-90.0010629"/>
  <node id="8642007314" version="1" timestamp="2021-04-19T02:25:38Z" uid="3738260" user="Zabot" changeset="103159570" lat="38.792597" lon="-90.0012699"/>
  <node id="8642007315" version="2" timestamp="2021-08-03T05:37:02Z" uid="12955846" user="JakeEdwardsville" changeset="109064617" lat="38.7925825" lon="-90.0013575"/>
  <node id="8642007316" version="2" timestamp="2021-08-03T05:37:02Z" uid="12955846" user="JakeEdwardsville" changeset="109064617" lat="38.7925639" lon="-90.0013911"/>
  <node id="8642041817" version="2" timestamp="2021-08-03T05:37:02Z" uid="12955846" user="JakeEdwardsville" changeset="109064617" lat="38.7925173" lon="-90.0014221"/>
  <node id="8642041818" version="3" timestamp="2021-08-07T19:14:02Z" uid="12955846" user="JakeEdwardsville" changeset="109322874" lat="38.792431" lon="-90.001449"/>
  <node id="8642041820" version="1" timestamp="2021-04-19T02:25:38Z" uid="3738260" user="Zabot" changeset="103159570" lat="38.7923247" lon="-90.0015633"/>
  <node id="8642041821" version="1" timestamp="2021-04-19T02:25:38Z" uid="3738260" user="Zabot" changeset="103159570" lat="38.7925428" lon="-90.0014108"/>
  <node id="8642041822" version="1" timestamp="2021-04-19T02:25:38Z" uid="3738260" user="Zabot" changeset="103159570" lat="38.7925333" lon="-90.0010132"/>
  <node id="8642041823" version="1" timestamp="2021-04-19T02:25:38Z" uid="3738260" user="Zabot" changeset="103159570" lat="38.7925085" lon="-90.0009778"/>
  <node id="8642041824" version="1" timestamp="2021-04-19T02:25:38Z" uid="3738260" user="Zabot" changeset="103159570" lat="38.7922688" lon="-90.0009776"/>
  <node id="8642041825" version="1" timestamp="2021-04-19T02:25:38Z" uid="3738260" user="Zabot" changeset="103159570" lat="38.7922674" lon="-90.0007803"/>
  <node id="8642041826" version="1" timestamp="2021-04-19T02:25:38Z" uid="3738260" user="Zabot" changeset="103159570" lat="38.7923525" lon="-90.0009772"/>
  <node id="8642041827" version="1" timestamp="2021-04-19T02:25:38Z" uid="3738260" user="Zabot" changeset="103159570" lat="38.7923528" lon="-90.0010057">
    <tag k="entrance" v="yes"/>
  </node>
  <node id="8642041828" version="1" timestamp="2021-04-19T02:25:38Z" uid="3738260" user="Zabot" changeset="103159570" lat="38.7925374" lon="-90.0011818"/>
  <node id="8642041829" version="1" timestamp="2021-04-19T02:25:38Z" uid="3738260" user="Zabot" changeset="103159570" lat="38.7921499" lon="-90.0020561"/>
  <node id="8642041830" version="1" timestamp="2021-04-19T02:25:38Z" uid="3738260" user="Zabot" changeset="103159570" lat="38.7921498" lon="-90.0020457">
    <tag k="entrance" v="yes"/>
  </node>
  <node id="8642041831" version="2" timestamp="2021-08-03T05:37:02Z" uid="12955846" user="JakeEdwardsville" changeset="109064617" lat="38.7919739" lon="-90.0020636"/>
  <node id="8642041832" version="2" timestamp="2021-08-03T05:37:02Z" uid="12955846" user="JakeEdwardsville" changeset="109064617" lat="38.7920008" lon="-90.0019659"/>
  <node id="8642041833" version="1" timestamp="2021-04-19T02:25:38Z" uid="3738260" user="Zabot" changeset="103159570" lat="38.792016" lon="-90.0017766"/>
  <node id="8642041834" version="1" timestamp="2021-04-19T02:25:38Z" uid="3738260" user="Zabot" changeset="103159570" lat="38.7919917" lon="-90.0017305"/>
  <node id="8642041835" version="1" timestamp="2021-04-19T02:25:38Z" uid="3738260" user="Zabot" changeset="103159570" lat="38.7918864" lon="-90.0017279"/>
  <node id="8642041836" version="1" timestamp="2021-04-19T02:25:38Z" uid="3738260" user="Zabot" changeset="103159570" lat="38.7918866" lon="-90.0017123">
    <tag k="entrance" v="yes"/>
  </node>
  <node id="8642041837" version="1" timestamp="2021-04-19T02:25:38Z" uid="3738260" user="Zabot" changeset="103159570" lat="38.7920092" lon="-90.001745"/>
  <node id="8642041838" version="1" timestamp="2021-04-19T02:25:38Z" uid="3738260" user="Zabot" changeset="103159570" lat="38.7920513" lon="-90.0015119">
    <tag k="entrance" v="yes"/>
  </node>
  <node id="8642041839" version="1" timestamp="2021-04-19T02:25:38Z" uid="3738260" user="Zabot" changeset="103159570" lat="38.7920402" lon="-90.0006106"/>
  <node id="8642041840" version="1" timestamp="2021-04-19T02:25:38Z" uid="3738260" user="Zabot" changeset="103159570" lat="38.7919712" lon="-90.000611">
    <tag k="entrance" v="yes"/>
  </node>
  <node id="8642041841" version="2" timestamp="2021-08-03T05:37:02Z" uid="12955846" user="JakeEdwardsville" changeset="109064617" lat="38.7917112" lon="-90.0009418"/>
  <node id="8642041842" version="2" timestamp="2021-08-03T05:37:02Z" uid="12955846" user="JakeEdwardsville" changeset="109064617" lat="38.7917036" lon="-90.0010246"/>
  <node id="8642041845" version="1" timestamp="2021-04-19T02:25:38Z" uid="3738260" user="Zabot" changeset="103159570" lat="38.7921197" lon="-90.0013211">
    <tag k="entrance" v="yes"/>
  </node>
  <node id="8642041846" version="1" timestamp="2021-04-19T02:25:38Z" uid="3738260" user="Zabot" changeset="103159570" lat="38.7920325" lon="-90.0013201">
    <tag k="entrance" v="yes"/>
  </node>
  <node id="8642041847" version="1" timestamp="2021-04-19T02:25:38Z" uid="3738260" user="Zabot" changeset="103159570" lat="38.7920528" lon="-90.0013909"/>
  <node id="8642041848" version="1" timestamp="2021-04-19T02:25:38Z" uid="3738260" user="Zabot" changeset="103159570" lat="38.792119" lon="-90.0013891"/>
  <node id="8642041849" version="1" timestamp="2021-04-19T02:25:38Z" uid="3738260" user="Zabot" changeset="103159570" lat="38.7922576" lon="-90.001388"/>
  <node id="8642041850" version="1" timestamp="2021-04-19T02:25:38Z" uid="3738260" user="Zabot" changeset="103159570" lat="38.7920332" lon="-90.0013908"/>
  <node id="8642041851" version="1" timestamp="2021-04-19T02:25:38Z" uid="3738260" user="Zabot" changeset="103159570" lat="38.7922108" lon="-90.001322">
    <tag k="entrance" v="yes"/>
  </node>
  <node id="8642041852" version="1" timestamp="2021-04-19T02:25:38Z" uid="3738260" user="Zabot" changeset="103159570" lat="38.7922573" lon="-90.0013756">
    <tag k="amenity" v="loading_dock"/>
  </node>
  <node id="8642041853" version="2" timestamp="2021-08-03T05:37:02Z" uid="12955846" user="JakeEdwardsville" changeset="109064617" lat="38.7923202" lon="-90.0021478"/>
  <node id="8642041854" version="2" timestamp="2021-08-03T05:37:02Z" uid="12955846" user="JakeEdwardsville" changeset="109064617" lat="38.7924252" lon="-90.0023982"/>
  <node id="8642041855" version="2" timestamp="2024-01-21T05:21:51Z" uid="12955846" user="JakeEdwardsville" changeset="146500719" lat="38.792373" lon="-90.0015107">
    <tag k="crossing" v="marked"/>
    <tag k="crossing:markings" v="yes"/>
    <tag k="highway" v="crossing"/>
  </node>
  <node id="8642041856" version="2" timestamp="2021-08-03T05:11:12Z" uid="12955846" user="JakeEdwardsville" changeset="109062874" lat="38.7923888" lon="-90.0020242"/>
  <node id="8642041857" version="1" timestamp="2021-04-19T02:25:38Z" uid="3738260" user="Zabot" changeset="103159570" lat="38.7922107" lon="-90.0013878"/>
  <node id="8642041859" version="2" timestamp="2021-08-03T05:37:02Z" uid="12955846" user="JakeEdwardsville" changeset="109064617" lat="38.792346" lon="-90.0020589"/>
  <node id="8642076074" version="1" timestamp="2021-04-19T03:18:18Z" uid="3738260" user="Zabot" changeset="103160743" lat="38.7917466" lon="-90.0011845"/>
  <node id="8642076075" version="1" timestamp="2021-04-19T03:18:18Z" uid="3738260" user="Zabot" changeset="103160743" lat="38.7916201" lon="-90.0021287"/>
  <node id="8642076076" version="2" timestamp="2021-08-03T05:37:02Z" uid="12955846" user="JakeEdwardsville" changeset="109064617" lat="38.7917213" lon="-90.0022396"/>
  <node id="8642076077" version="1" timestamp="2021-04-19T03:18:18Z" uid="3738260" user="Zabot" changeset="103160743" lat="38.7915979" lon="-90.0019375"/>
  <node id="8642076078" version="1" timestamp="2021-04-19T03:18:18Z" uid="3738260" user="Zabot" changeset="103160743" lat="38.7919041" lon="-90.0025605"/>
  <node id="8642076079" version="2" timestamp="2021-08-03T05:37:02Z" uid="12955846" user="JakeEdwardsville" changeset="109064617" lat="38.7919524" lon="-90.0025528"/>
  <node id="8642076080" version="2" timestamp="2021-08-03T05:37:02Z" uid="12955846" user="JakeEdwardsville" changeset="109064617" lat="38.7919718" lon="-90.002527"/>
  <node id="8642076081" version="2" timestamp="2021-08-03T05:37:02Z" uid="12955846" user="JakeEdwardsville" changeset="109064617" lat="38.7919904" lon="-90.0024512"/>
  <node id="8642076082" version="2" timestamp="2021-08-03T05:37:02Z" uid="12955846" user="JakeEdwardsville" changeset="109064617" lat="38.7919884" lon="-90.0023659"/>
  <node id="8642076083" version="2" timestamp="2021-08-03T05:37:02Z" uid="12955846" user="JakeEdwardsville" changeset="109064617" lat="38.7919651" lon="-90.0022886"/>
  <node id="8642076084" version="2" timestamp="2021-08-03T05:37:02Z" uid="12955846" user="JakeEdwardsville" changeset="109064617" lat="38.7919344" lon="-90.002243"/>
  <node id="8642076106" version="1" timestamp="2021-04-19T03:18:18Z" uid="3738260" user="Zabot" changeset="103160743" lat="38.7901844" lon="-90.0026293"/>
  <node id="8642076107" version="1" timestamp="2021-04-19T03:18:18Z" uid="3738260" user="Zabot" changeset="103160743" lat="38.7902851" lon="-90.0025337"/>
  <node id="8642076108" version="1" timestamp="2021-04-19T03:18:18Z" uid="3738260" user="Zabot" changeset="103160743" lat="38.7904216" lon="-90.0024063"/>
  <node id="8642076109" version="1" timestamp="2021-04-19T03:18:18Z" uid="3738260" user="Zabot" changeset="103160743" lat="38.7905085" lon="-90.002355"/>
  <node id="8642076110" version="1" timestamp="2021-04-19T03:18:18Z" uid="3738260" user="Zabot" changeset="103160743" lat="38.790612" lon="-90.0023072"/>
  <node id="8642076111" version="1" timestamp="2021-04-19T03:18:18Z" uid="3738260" user="Zabot" changeset="103160743" lat="38.7907775" lon="-90.0022524"/>
  <node id="8642076112" version="1" timestamp="2021-04-19T03:18:18Z" uid="3738260" user="Zabot" changeset="103160743" lat="38.791113" lon="-90.0021156"/>
  <node id="8642076113" version="1" timestamp="2021-04-19T03:18:18Z" uid="3738260" user="Zabot" changeset="103160743" lat="38.7902386" lon="-90.0025778">
    <tag k="crossing" v="marked"/>
    <tag k="highway" v="crossing"/>
  </node>
  <node id="8642076114" version="1" timestamp="2021-04-19T03:18:18Z" uid="3738260" user="Zabot" changeset="103160743" lat="38.7912317" lon="-90.0020333"/>
  <node id="8642076115" version="1" timestamp="2021-04-19T03:18:18Z" uid="3738260" user="Zabot" changeset="103160743" lat="38.7912917" lon="-90.0019705"/>
  <node id="8642076116" version="1" timestamp="2021-04-19T03:18:18Z" uid="3738260" user="Zabot" changeset="103160743" lat="38.7913489" lon="-90.001859"/>
  <node id="8642099917" version="1" timestamp="2021-04-19T03:18:18Z" uid="3738260" user="Zabot" changeset="103160743" lat="38.7913696" lon="-90.0017414"/>
  <node id="8642099918" version="2" timestamp="2021-08-03T05:37:02Z" uid="12955846" user="JakeEdwardsville" changeset="109064617" lat="38.791382" lon="-90.001546"/>
  <node id="8642099919" version="1" timestamp="2021-04-19T03:18:18Z" uid="3738260" user="Zabot" changeset="103160743" lat="38.7913813" lon="-90.0016508"/>
  <node id="8642099920" version="2" timestamp="2021-08-03T05:37:02Z" uid="12955846" user="JakeEdwardsville" changeset="109064617" lat="38.7912638" lon="-90.0012027"/>
  <node id="8642099922" version="1" timestamp="2021-04-19T03:18:18Z" uid="3738260" user="Zabot" changeset="103160743" lat="38.7911663" lon="-90.0012402">
    <tag k="entrance" v="yes"/>
  </node>
  <node id="8642099923" version="1" timestamp="2021-04-19T03:18:18Z" uid="3738260" user="Zabot" changeset="103160743" lat="38.790782" lon="-90.002097">
    <tag k="entrance" v="yes"/>
  </node>
  <node id="8642099924" version="1" timestamp="2021-04-19T03:18:18Z" uid="3738260" user="Zabot" changeset="103160743" lat="38.7908426" lon="-90.0017426"/>
  <node id="8642099925" version="1" timestamp="2021-04-19T03:18:18Z" uid="3738260" user="Zabot" changeset="103160743" lat="38.7910844" lon="-90.001742"/>
  <node id="8642099926" version="1" timestamp="2021-04-19T03:18:18Z" uid="3738260" user="Zabot" changeset="103160743" lat="38.7910852" lon="-90.0017682">
    <tag k="entrance" v="yes"/>
  </node>
  <node id="8642099927" version="1" timestamp="2021-04-19T03:18:18Z" uid="3738260" user="Zabot" changeset="103160743" lat="38.7912501" lon="-90.001743"/>
  <node id="8642099928" version="1" timestamp="2021-04-19T03:18:18Z" uid="3738260" user="Zabot" changeset="103160743" lat="38.7912495" lon="-90.0017679">
    <tag k="entrance" v="yes"/>
  </node>
  <node id="8642099929" version="2" timestamp="2021-06-19T16:53:58Z" uid="12955846" user="JakeEdwardsville" changeset="106639623" lat="38.790843" lon="-90.0017671">
    <tag k="entrance" v="yes"/>
  </node>
  <node id="8645385759" version="1" timestamp="2021-04-19T22:38:37Z" uid="3738260" user="Zabot" changeset="103225113" lat="38.7902523" lon="-89.9978013"/>
  <node id="8645385760" version="1" timestamp="2021-04-19T22:38:37Z" uid="3738260" user="Zabot" changeset="103225113" lat="38.7901685" lon="-89.9977987"/>
  <node id="8645385761" version="1" timestamp="2021-04-19T22:38:37Z" uid="3738260" user="Zabot" changeset="103225113" lat="38.7901319" lon="-89.9977991"/>
  <node id="8645385762" version="1" timestamp="2021-04-19T22:38:37Z" uid="3738260" user="Zabot" changeset="103225113" lat="38.79004" lon="-89.9978338"/>
  <node id="8645385763" version="1" timestamp="2021-04-19T22:38:37Z" uid="3738260" user="Zabot" changeset="103225113" lat="38.7899752" lon="-89.9978554"/>
  <node id="8645385764" version="1" timestamp="2021-04-19T22:38:37Z" uid="3738260" user="Zabot" changeset="103225113" lat="38.7899134" lon="-89.9978677"/>
  <node id="8645385765" version="1" timestamp="2021-04-19T22:38:37Z" uid="3738260" user="Zabot" changeset="103225113" lat="38.7898593" lon="-89.9978569"/>
  <node id="8645385766" version="1" timestamp="2021-04-19T22:38:37Z" uid="3738260" user="Zabot" changeset="103225113" lat="38.7896537" lon="-89.997762"/>
  <node id="8645385767" version="1" timestamp="2021-04-19T22:38:37Z" uid="3738260" user="Zabot" changeset="103225113" lat="38.7895178" lon="-89.9976883"/>
  <node id="8645385768" version="1" timestamp="2021-04-19T22:38:37Z" uid="3738260" user="Zabot" changeset="103225113" lat="38.7893882" lon="-89.9975864"/>
  <node id="8645385769" version="1" timestamp="2021-04-19T22:38:37Z" uid="3738260" user="Zabot" changeset="103225113" lat="38.7892713" lon="-89.9974797"/>
  <node id="8645385770" version="1" timestamp="2021-04-19T22:38:37Z" uid="3738260" user="Zabot" changeset="103225113" lat="38.7891814" lon="-89.997371"/>
  <node id="8645385771" version="1" timestamp="2021-04-19T22:38:37Z" uid="3738260" user="Zabot" changeset="103225113" lat="38.789126" lon="-89.9972356"/>
  <node id="8645385772" version="1" timestamp="2021-04-19T22:38:37Z" uid="3738260" user="Zabot" changeset="103225113" lat="38.7890946" lon="-89.9971256"/>
  <node id="8645385773" version="1" timestamp="2021-04-19T22:38:37Z" uid="3738260" user="Zabot" changeset="103225113" lat="38.7890538" lon="-89.9969848"/>
  <node id="8645385774" version="1" timestamp="2021-04-19T22:38:37Z" uid="3738260" user="Zabot" changeset="103225113" lat="38.7889462" lon="-89.9969888"/>
  <node id="8645385775" version="1" timestamp="2021-04-19T22:38:37Z" uid="3738260" user="Zabot" changeset="103225113" lat="38.788786" lon="-89.9969889"/>
  <node id="8645385776" version="1" timestamp="2021-04-19T22:38:37Z" uid="3738260" user="Zabot" changeset="103225113" lat="38.7886561" lon="-89.9969727"/>
  <node id="8645385777" version="1" timestamp="2021-04-19T22:38:37Z" uid="3738260" user="Zabot" changeset="103225113" lat="38.7885729" lon="-89.9969585"/>
  <node id="8645385778" version="1" timestamp="2021-04-19T22:38:37Z" uid="3738260" user="Zabot" changeset="103225113" lat="38.7884691" lon="-89.9969595"/>
  <node id="8645385779" version="1" timestamp="2021-04-19T22:38:37Z" uid="3738260" user="Zabot" changeset="103225113" lat="38.7883986" lon="-89.9969672"/>
  <node id="8645385780" version="1" timestamp="2021-04-19T22:38:37Z" uid="3738260" user="Zabot" changeset="103225113" lat="38.7883186" lon="-89.9969936"/>
  <node id="8645385781" version="1" timestamp="2021-04-19T22:38:37Z" uid="3738260" user="Zabot" changeset="103225113" lat="38.7882536" lon="-89.9970251"/>
  <node id="8645385782" version="1" timestamp="2021-04-19T22:38:37Z" uid="3738260" user="Zabot" changeset="103225113" lat="38.788191" lon="-89.9970617"/>
  <node id="8645385783" version="1" timestamp="2021-04-19T22:38:37Z" uid="3738260" user="Zabot" changeset="103225113" lat="38.7881285" lon="-89.9971013"/>
  <node id="8645385784" version="1" timestamp="2021-04-19T22:38:37Z" uid="3738260" user="Zabot" changeset="103225113" lat="38.7880659" lon="-89.9971288"/>
  <node id="8645385785" version="1" timestamp="2021-04-19T22:38:37Z" uid="3738260" user="Zabot" changeset="103225113" lat="38.7880034" lon="-89.9971415"/>
  <node id="8645385786" version="1" timestamp="2021-04-19T22:38:37Z" uid="3738260" user="Zabot" changeset="103225113" lat="38.7879497" lon="-89.9971368"/>
  <node id="8645385787" version="1" timestamp="2021-04-19T22:38:37Z" uid="3738260" user="Zabot" changeset="103225113" lat="38.7879051" lon="-89.9971228"/>
  <node id="8645385788" version="1" timestamp="2021-04-19T22:38:37Z" uid="3738260" user="Zabot" changeset="103225113" lat="38.7878569" lon="-89.9970971"/>
  <node id="8645385789" version="1" timestamp="2021-04-19T22:38:37Z" uid="3738260" user="Zabot" changeset="103225113" lat="38.7878063" lon="-89.9970545"/>
  <node id="8645385790" version="1" timestamp="2021-04-19T22:38:37Z" uid="3738260" user="Zabot" changeset="103225113" lat="38.7877699" lon="-89.9970125"/>
  <node id="8645385791" version="1" timestamp="2021-04-19T22:38:37Z" uid="3738260" user="Zabot" changeset="103225113" lat="38.7877472" lon="-89.9969739"/>
  <node id="8645385792" version="1" timestamp="2021-04-19T22:38:37Z" uid="3738260" user="Zabot" changeset="103225113" lat="38.7877172" lon="-89.9969319"/>
  <node id="8645385793" version="1" timestamp="2021-04-19T22:38:37Z" uid="3738260" user="Zabot" changeset="103225113" lat="38.787688" lon="-89.9967965"/>
  <node id="8645385794" version="1" timestamp="2021-04-19T22:38:37Z" uid="3738260" user="Zabot" changeset="103225113" lat="38.7877036" lon="-89.9967458"/>
  <node id="8645385795" version="1" timestamp="2021-04-19T22:38:37Z" uid="3738260" user="Zabot" changeset="103225113" lat="38.7877138" lon="-89.9966773"/>
  <node id="8645385796" version="1" timestamp="2021-04-19T22:38:37Z" uid="3738260" user="Zabot" changeset="103225113" lat="38.7877126" lon="-89.9966387"/>
  <node id="8645385797" version="1" timestamp="2021-04-19T22:38:37Z" uid="3738260" user="Zabot" changeset="103225113" lat="38.7876916" lon="-89.9966025"/>
  <node id="8645385798" version="1" timestamp="2021-04-19T22:38:37Z" uid="3738260" user="Zabot" changeset="103225113" lat="38.78767" lon="-89.9965671"/>
  <node id="8645385799" version="1" timestamp="2021-04-19T22:38:37Z" uid="3738260" user="Zabot" changeset="103225113" lat="38.7876567" lon="-89.9965263"/>
  <node id="8645385800" version="1" timestamp="2021-04-19T22:38:37Z" uid="3738260" user="Zabot" changeset="103225113" lat="38.7876495" lon="-89.9964778"/>
  <node id="8645385801" version="1" timestamp="2021-04-19T22:38:37Z" uid="3738260" user="Zabot" changeset="103225113" lat="38.7876555" lon="-89.9964285"/>
  <node id="8645385802" version="1" timestamp="2021-04-19T22:38:37Z" uid="3738260" user="Zabot" changeset="103225113" lat="38.7876712" lon="-89.996383"/>
  <node id="8645385803" version="1" timestamp="2021-04-19T22:38:37Z" uid="3738260" user="Zabot" changeset="103225113" lat="38.787691" lon="-89.9963545"/>
  <node id="8645385804" version="1" timestamp="2021-04-19T22:38:37Z" uid="3738260" user="Zabot" changeset="103225113" lat="38.7877546" lon="-89.9963152"/>
  <node id="8645385805" version="1" timestamp="2021-04-19T22:38:37Z" uid="3738260" user="Zabot" changeset="103225113" lat="38.787787" lon="-89.9963121"/>
  <node id="8645385806" version="1" timestamp="2021-04-19T22:38:37Z" uid="3738260" user="Zabot" changeset="103225113" lat="38.7878225" lon="-89.9963229"/>
  <node id="8645385807" version="1" timestamp="2021-04-19T22:38:37Z" uid="3738260" user="Zabot" changeset="103225113" lat="38.7878519" lon="-89.9963422"/>
  <node id="8645385808" version="1" timestamp="2021-04-19T22:38:37Z" uid="3738260" user="Zabot" changeset="103225113" lat="38.7878759" lon="-89.9963769"/>
  <node id="8645385809" version="1" timestamp="2021-04-19T22:38:37Z" uid="3738260" user="Zabot" changeset="103225113" lat="38.7878951" lon="-89.9964184"/>
  <node id="8645385810" version="1" timestamp="2021-04-19T22:38:37Z" uid="3738260" user="Zabot" changeset="103225113" lat="38.7877011" lon="-89.9968571">
    <tag k="highway" v="crossing"/>
  </node>
  <node id="8645385811" version="2" timestamp="2021-08-07T19:14:02Z" uid="12955846" user="JakeEdwardsville" changeset="109322874" lat="38.7902196" lon="-89.9978003">
    <tag k="crossing" v="marked"/>
    <tag k="highway" v="crossing"/>
  </node>
  <node id="8645401226" version="1" timestamp="2021-04-19T22:38:37Z" uid="3738260" user="Zabot" changeset="103225113" lat="38.7877186" lon="-89.9963335"/>
  <node id="8645401227" version="1" timestamp="2021-04-19T22:38:37Z" uid="3738260" user="Zabot" changeset="103225113" lat="38.7883511" lon="-89.9967772"/>
  <node id="8645401235" version="1" timestamp="2021-04-19T22:38:37Z" uid="3738260" user="Zabot" changeset="103225113" lat="38.7876813" lon="-89.9965857"/>
  <node id="8669888116" version="1" timestamp="2021-04-26T22:17:28Z" uid="3738260" user="Zabot" changeset="103662966" lat="38.7912791" lon="-89.9979147"/>
  <node id="8669915530" version="2" timestamp="2021-08-07T19:14:02Z" uid="12955846" user="JakeEdwardsville" changeset="109322874" lat="38.7954709" lon="-89.9945524"/>
  <node id="8669915534" version="1" timestamp="2021-04-26T21:42:49Z" uid="3738260" user="Zabot" changeset="103662187" lat="38.7953388" lon="-89.99405"/>
  <node id="8669915535" version="1" timestamp="2021-04-26T21:42:49Z" uid="3738260" user="Zabot" changeset="103662187" lat="38.7952071" lon="-89.9935882"/>
  <node id="8669915536" version="1" timestamp="2021-04-26T21:42:49Z" uid="3738260" user="Zabot" changeset="103662187" lat="38.7948648" lon="-89.9937488"/>
  <node id="8669915537" version="1" timestamp="2021-04-26T21:42:49Z" uid="3738260" user="Zabot" changeset="103662187" lat="38.794829" lon="-89.9938081"/>
  <node id="8669915538" version="2" timestamp="2021-04-27T06:59:59Z" uid="3738260" user="Zabot" changeset="103681547" lat="38.7947555" lon="-89.9938756"/>
  <node id="8669915539" version="2" timestamp="2021-04-27T06:59:59Z" uid="3738260" user="Zabot" changeset="103681547" lat="38.794734" lon="-89.9939275"/>
  <node id="8669915540" version="1" timestamp="2021-04-26T21:42:49Z" uid="3738260" user="Zabot" changeset="103662187" lat="38.7947435" lon="-89.994038"/>
  <node id="8669915541" version="2" timestamp="2025-10-27T03:02:43Z" uid="22570471" user="seateaeye" changeset="173818637" lat="38.7948052" lon="-89.994226"/>
  <node id="8669915542" version="2" timestamp="2025-10-27T03:02:43Z" uid="22570471" user="seateaeye" changeset="173818637" lat="38.7948443" lon="-89.99434"/>
  <node id="8669915543" version="3" timestamp="2025-08-08T18:05:26Z" uid="22659674" user="AG1700" changeset="170169414" lat="38.795254" lon="-89.9937527">
    <tag k="crossing" v="marked"/>
    <tag k="crossing:markings" v="yes"/>
    <tag k="highway" v="crossing"/>
  </node>
  <node id="8669915544" version="2" timestamp="2021-08-07T19:14:02Z" uid="12955846" user="JakeEdwardsville" changeset="109322874" lat="38.7947944" lon="-89.9938423">
    <tag k="crossing" v="marked"/>
    <tag k="highway" v="crossing"/>
  </node>
  <node id="8669915545" version="3" timestamp="2025-08-08T18:05:26Z" uid="22659674" user="AG1700" changeset="170169414" lat="38.7947379" lon="-89.9939718">
    <tag k="crossing" v="marked"/>
    <tag k="crossing:markings" v="yes"/>
    <tag k="highway" v="crossing"/>
  </node>
  <node id="8669915546" version="3" timestamp="2025-08-08T18:05:26Z" uid="22659674" user="AG1700" changeset="170169414" lat="38.7953274" lon="-89.9940101">
    <tag k="crossing" v="marked"/>
    <tag k="crossing:markings" v="yes"/>
    <tag k="highway" v="crossing"/>
  </node>
  <node id="8669915547" version="4" timestamp="2025-10-27T03:02:43Z" uid="22570471" user="seateaeye" changeset="173818637" lat="38.7948182" lon="-89.9942642">
    <tag k="crossing" v="marked"/>
    <tag k="crossing:markings" v="yes"/>
    <tag k="highway" v="crossing"/>
  </node>
  <node id="8669979617" version="2" timestamp="2021-04-26T22:17:28Z" uid="3738260" user="Zabot" changeset="103662966" lat="38.7914345" lon="-89.9984104">
    <tag k="entrance" v="yes"/>
  </node>
  <node id="8669979618" version="3" timestamp="2024-02-12T22:30:32Z" uid="19598846" user="wesleyote" changeset="147387131" lat="38.7914312" lon="-89.9986393">
    <tag k="crossing" v="marked"/>
    <tag k="highway" v="crossing"/>
    <tag k="tactile_paving" v="yes"/>
  </node>
  <node id="8669979619" version="4" timestamp="2025-11-05T21:02:51Z" uid="19598846" user="wesleyote" changeset="174259862" lat="38.7914356" lon="-89.9996105">
    <tag k="crossing" v="marked"/>
    <tag k="highway" v="crossing"/>
    <tag k="tactile_paving" v="no"/>
  </node>
  <node id="8669979620" version="1" timestamp="2021-04-26T21:54:57Z" uid="3738260" user="Zabot" changeset="103662476" lat="38.791935" lon="-89.9985714"/>
  <node id="8669979621" version="1" timestamp="2021-04-26T21:54:57Z" uid="3738260" user="Zabot" changeset="103662476" lat="38.79119" lon="-89.9985716"/>
  <node id="8669979622" version="1" timestamp="2021-04-26T21:54:57Z" uid="3738260" user="Zabot" changeset="103662476" lat="38.7909562" lon="-89.998519"/>
  <node id="8669979623" version="1" timestamp="2021-04-26T21:54:57Z" uid="3738260" user="Zabot" changeset="103662476" lat="38.7909316" lon="-89.9984945"/>
  <node id="8669979624" version="1" timestamp="2021-04-26T21:54:57Z" uid="3738260" user="Zabot" changeset="103662476" lat="38.7909152" lon="-89.998463"/>
  <node id="8669979625" version="1" timestamp="2021-04-26T21:54:57Z" uid="3738260" user="Zabot" changeset="103662476" lat="38.7909139" lon="-89.9982143"/>
  <node id="8669979626" version="1" timestamp="2021-04-26T21:54:57Z" uid="3738260" user="Zabot" changeset="103662476" lat="38.7909064" lon="-89.9981561"/>
  <node id="8669979627" version="1" timestamp="2021-04-26T21:54:57Z" uid="3738260" user="Zabot" changeset="103662476" lat="38.7908909" lon="-89.9981105"/>
  <node id="8669979628" version="1" timestamp="2021-04-26T21:54:57Z" uid="3738260" user="Zabot" changeset="103662476" lat="38.7908727" lon="-89.9980708"/>
  <node id="8669979629" version="1" timestamp="2021-04-26T21:54:57Z" uid="3738260" user="Zabot" changeset="103662476" lat="38.7908513" lon="-89.9980323"/>
  <node id="8669979630" version="2" timestamp="2021-08-07T19:14:02Z" uid="12955846" user="JakeEdwardsville" changeset="109322874" lat="38.7914313" lon="-89.9985684"/>
  <node id="8670000517" version="1" timestamp="2021-04-26T22:17:28Z" uid="3738260" user="Zabot" changeset="103662966" lat="38.7912796" lon="-89.9979278"/>
  <node id="8670000518" version="1" timestamp="2021-04-26T22:17:28Z" uid="3738260" user="Zabot" changeset="103662966" lat="38.7914786" lon="-89.9978885"/>
  <node id="8670000519" version="1" timestamp="2021-04-26T22:17:28Z" uid="3738260" user="Zabot" changeset="103662966" lat="38.7914786" lon="-89.9978962"/>
  <node id="8670000535" version="1" timestamp="2021-04-26T22:17:28Z" uid="3738260" user="Zabot" changeset="103662966" lat="38.7920169" lon="-89.9985061"/>
  <node id="8670000537" version="1" timestamp="2021-04-26T22:17:28Z" uid="3738260" user="Zabot" changeset="103662966" lat="38.7913206" lon="-89.9976187"/>
  <node id="8670000538" version="1" timestamp="2021-04-26T22:17:28Z" uid="3738260" user="Zabot" changeset="103662966" lat="38.7915806" lon="-89.996997"/>
  <node id="8670010136" version="1" timestamp="2021-04-26T22:26:05Z" uid="3738260" user="Zabot" changeset="103663195" lat="38.7921593" lon="-89.9957006"/>
  <node id="8670010137" version="1" timestamp="2021-04-26T22:26:05Z" uid="3738260" user="Zabot" changeset="103663195" lat="38.7919973" lon="-89.9957278"/>
  <node id="8670010139" version="1" timestamp="2021-04-26T22:26:05Z" uid="3738260" user="Zabot" changeset="103663195" lat="38.7920571" lon="-89.9970632"/>
  <node id="8670010140" version="1" timestamp="2021-04-26T22:26:05Z" uid="3738260" user="Zabot" changeset="103663195" lat="38.7920602" lon="-89.9958325"/>
  <node id="8670010141" version="3" timestamp="2022-10-31T16:22:12Z" uid="17481238" user="TetragnathaPlanata" changeset="128307023" lat="38.7920574" lon="-89.9969581">
    <tag k="crossing" v="marked"/>
    <tag k="highway" v="crossing"/>
    <tag k="tactile_paving" v="yes"/>
  </node>
  <node id="8670010142" version="1" timestamp="2021-04-26T22:26:05Z" uid="3738260" user="Zabot" changeset="103663195" lat="38.792044" lon="-89.997258">
    <tag k="entrance" v="yes"/>
  </node>
  <node id="8670750707" version="2" timestamp="2021-06-19T16:53:58Z" uid="12955846" user="JakeEdwardsville" changeset="106639623" lat="38.7923456" lon="-89.9967537"/>
  <node id="8670750708" version="1" timestamp="2021-04-27T06:30:35Z" uid="3738260" user="Zabot" changeset="103679062" lat="38.7922645" lon="-89.9967137"/>
  <node id="8670750709" version="1" timestamp="2021-04-27T06:30:35Z" uid="3738260" user="Zabot" changeset="103679062" lat="38.7923172" lon="-89.9967129">
    <tag k="entrance" v="yes"/>
  </node>
  <node id="8670750710" version="1" timestamp="2021-04-27T06:30:35Z" uid="3738260" user="Zabot" changeset="103679062" lat="38.7922621" lon="-89.9962263"/>
  <node id="8670750711" version="1" timestamp="2021-04-27T06:30:35Z" uid="3738260" user="Zabot" changeset="103679062" lat="38.7924541" lon="-89.996225">
    <tag k="entrance" v="yes"/>
  </node>
  <node id="8670750712" version="1" timestamp="2021-04-27T06:30:35Z" uid="3738260" user="Zabot" changeset="103679062" lat="38.7928842" lon="-89.9964952"/>
  <node id="8670810344" version="1" timestamp="2021-04-27T06:59:59Z" uid="3738260" user="Zabot" changeset="103681547" lat="38.7908528" lon="-89.9924192"/>
  <node id="8670810345" version="1" timestamp="2021-04-27T06:59:59Z" uid="3738260" user="Zabot" changeset="103681547" lat="38.7908227" lon="-89.992406"/>
  <node id="8670810346" version="1" timestamp="2021-04-27T06:59:59Z" uid="3738260" user="Zabot" changeset="103681547" lat="38.7907825" lon="-89.9924245"/>
  <node id="8670810347" version="1" timestamp="2021-04-27T06:59:59Z" uid="3738260" user="Zabot" changeset="103681547" lat="38.7906835" lon="-89.9925572"/>
  <node id="8670810348" version="1" timestamp="2021-04-27T06:59:59Z" uid="3738260" user="Zabot" changeset="103681547" lat="38.7906612" lon="-89.9926147"/>
  <node id="8670810349" version="1" timestamp="2021-04-27T06:59:59Z" uid="3738260" user="Zabot" changeset="103681547" lat="38.7906881" lon="-89.9926506"/>
  <node id="8670810350" version="1" timestamp="2021-04-27T06:59:59Z" uid="3738260" user="Zabot" changeset="103681547" lat="38.7914543" lon="-89.9935582"/>
  <node id="8670810351" version="1" timestamp="2021-04-27T06:59:59Z" uid="3738260" user="Zabot" changeset="103681547" lat="38.7914792" lon="-89.9935732"/>
  <node id="8670810352" version="1" timestamp="2021-04-27T06:59:59Z" uid="3738260" user="Zabot" changeset="103681547" lat="38.7915104" lon="-89.9935751"/>
  <node id="8670810353" version="1" timestamp="2021-04-27T06:59:59Z" uid="3738260" user="Zabot" changeset="103681547" lat="38.7915344" lon="-89.9935582"/>
  <node id="8670810354" version="1" timestamp="2021-04-27T06:59:59Z" uid="3738260" user="Zabot" changeset="103681547" lat="38.7916585" lon="-89.9933832"/>
  <node id="8670810355" version="3" timestamp="2022-10-31T19:52:52Z" uid="17481238" user="TetragnathaPlanata" changeset="128314804" lat="38.791377" lon="-89.9944237">
    <tag k="barrier" v="kerb"/>
    <tag k="kerb" v="lowered"/>
    <tag k="tactile_paving" v="yes"/>
  </node>
  <node id="8670810358" version="3" timestamp="2025-11-05T21:36:04Z" uid="19598846" user="wesleyote" changeset="174261078" lat="38.7913819" lon="-89.9942494">
    <tag k="barrier" v="kerb"/>
    <tag k="kerb" v="lowered"/>
    <tag k="tactile_paving" v="yes"/>
  </node>
  <node id="8670810359" version="2" timestamp="2021-08-07T19:14:02Z" uid="12955846" user="JakeEdwardsville" changeset="109322874" lat="38.7913869" lon="-89.9941146"/>
  <node id="8670810360" version="2" timestamp="2021-08-07T19:14:02Z" uid="12955846" user="JakeEdwardsville" changeset="109322874" lat="38.7913882" lon="-89.9940412"/>
  <node id="8670810361" version="1" timestamp="2021-04-27T06:59:59Z" uid="3738260" user="Zabot" changeset="103681547" lat="38.7914869" lon="-89.9938467"/>
  <node id="8670810362" version="1" timestamp="2021-04-27T06:59:59Z" uid="3738260" user="Zabot" changeset="103681547" lat="38.7916166" lon="-89.9936352"/>
  <node id="8670810363" version="1" timestamp="2021-04-27T06:59:59Z" uid="3738260" user="Zabot" changeset="103681547" lat="38.7917381" lon="-89.9934769"/>
  <node id="8670810366" version="2" timestamp="2021-08-07T19:14:02Z" uid="12955846" user="JakeEdwardsville" changeset="109322874" lat="38.7920758" lon="-89.9913911">
    <tag k="crossing" v="marked"/>
    <tag k="highway" v="crossing"/>
  </node>
  <node id="8670810367" version="1" timestamp="2021-04-27T06:59:59Z" uid="3738260" user="Zabot" changeset="103681547" lat="38.7919913" lon="-89.9914301"/>
  <node id="8670810368" version="1" timestamp="2021-04-27T06:59:59Z" uid="3738260" user="Zabot" changeset="103681547" lat="38.7919499" lon="-89.9914328"/>
  <node id="8670810369" version="1" timestamp="2021-04-27T06:59:59Z" uid="3738260" user="Zabot" changeset="103681547" lat="38.7915047" lon="-89.9917006"/>
  <node id="8670810370" version="1" timestamp="2021-04-27T06:59:59Z" uid="3738260" user="Zabot" changeset="103681547" lat="38.7913919" lon="-89.991454"/>
  <node id="8670810371" version="1" timestamp="2021-04-27T06:59:59Z" uid="3738260" user="Zabot" changeset="103681547" lat="38.7913426" lon="-89.9913816"/>
  <node id="8670810372" version="1" timestamp="2021-04-27T06:59:59Z" uid="3738260" user="Zabot" changeset="103681547" lat="38.7912694" lon="-89.9913261"/>
  <node id="8670810373" version="1" timestamp="2021-04-27T06:59:59Z" uid="3738260" user="Zabot" changeset="103681547" lat="38.7911841" lon="-89.9912942"/>
  <node id="8670810374" version="1" timestamp="2021-04-27T06:59:59Z" uid="3738260" user="Zabot" changeset="103681547" lat="38.7911072" lon="-89.991285"/>
  <node id="8670810375" version="1" timestamp="2021-04-27T06:59:59Z" uid="3738260" user="Zabot" changeset="103681547" lat="38.7910462" lon="-89.991284"/>
  <node id="8670810376" version="1" timestamp="2021-04-27T06:59:59Z" uid="3738260" user="Zabot" changeset="103681547" lat="38.7909829" lon="-89.9913084"/>
  <node id="8670810377" version="1" timestamp="2021-04-27T06:59:59Z" uid="3738260" user="Zabot" changeset="103681547" lat="38.7909243" lon="-89.9913649"/>
  <node id="8670810378" version="1" timestamp="2021-04-27T06:59:59Z" uid="3738260" user="Zabot" changeset="103681547" lat="38.7908914" lon="-89.9913898"/>
  <node id="8670810379" version="1" timestamp="2021-04-27T06:59:59Z" uid="3738260" user="Zabot" changeset="103681547" lat="38.7908631" lon="-89.9913817"/>
  <node id="8670810380" version="1" timestamp="2021-04-27T06:59:59Z" uid="3738260" user="Zabot" changeset="103681547" lat="38.7908045" lon="-89.9913061"/>
  <node id="8670810381" version="2" timestamp="2021-08-07T19:14:02Z" uid="12955846" user="JakeEdwardsville" changeset="109322874" lat="38.7914781" lon="-89.9916424">
    <tag k="crossing" v="marked"/>
    <tag k="highway" v="crossing"/>
  </node>
  <node id="8670810382" version="2" timestamp="2021-07-01T02:12:51Z" uid="12955846" user="JakeEdwardsville" changeset="107233872" lat="38.7902528" lon="-89.9919579"/>
  <node id="8670810383" version="4" timestamp="2022-10-31T19:57:22Z" uid="17481238" user="TetragnathaPlanata" changeset="128314749" lat="38.790619" lon="-89.9925469">
    <tag k="crossing" v="marked"/>
    <tag k="crossing:island" v="no"/>
    <tag k="highway" v="crossing"/>
    <tag k="tactile_paving" v="no"/>
  </node>
  <node id="8670810384" version="1" timestamp="2021-04-27T06:59:59Z" uid="3738260" user="Zabot" changeset="103681547" lat="38.7917829" lon="-89.9934227"/>
  <node id="8670810385" version="1" timestamp="2021-04-27T06:59:59Z" uid="3738260" user="Zabot" changeset="103681547" lat="38.7918684" lon="-89.9933307"/>
  <node id="8670810386" version="1" timestamp="2021-04-27T06:59:59Z" uid="3738260" user="Zabot" changeset="103681547" lat="38.7920049" lon="-89.9931962"/>
  <node id="8670810387" version="1" timestamp="2021-04-27T06:59:59Z" uid="3738260" user="Zabot" changeset="103681547" lat="38.7921553" lon="-89.9930847"/>
  <node id="8670810388" version="1" timestamp="2021-04-27T06:59:59Z" uid="3738260" user="Zabot" changeset="103681547" lat="38.7923111" lon="-89.9929839"/>
  <node id="8670810389" version="1" timestamp="2021-04-27T06:59:59Z" uid="3738260" user="Zabot" changeset="103681547" lat="38.7924191" lon="-89.9929296"/>
  <node id="8670810390" version="1" timestamp="2021-04-27T06:59:59Z" uid="3738260" user="Zabot" changeset="103681547" lat="38.7924584" lon="-89.9929146"/>
  <node id="8670810391" version="1" timestamp="2021-04-27T06:59:59Z" uid="3738260" user="Zabot" changeset="103681547" lat="38.7925644" lon="-89.9928661"/>
  <node id="8670810392" version="1" timestamp="2021-04-27T06:59:59Z" uid="3738260" user="Zabot" changeset="103681547" lat="38.7927511" lon="-89.9928022"/>
  <node id="8670810393" version="1" timestamp="2021-04-27T06:59:59Z" uid="3738260" user="Zabot" changeset="103681547" lat="38.7929397" lon="-89.9927722"/>
  <node id="8670810394" version="1" timestamp="2021-04-27T06:59:59Z" uid="3738260" user="Zabot" changeset="103681547" lat="38.7931226" lon="-89.9927605"/>
  <node id="8670810395" version="1" timestamp="2021-04-27T06:59:59Z" uid="3738260" user="Zabot" changeset="103681547" lat="38.7932629" lon="-89.9927705"/>
  <node id="8670810396" version="1" timestamp="2021-04-27T06:59:59Z" uid="3738260" user="Zabot" changeset="103681547" lat="38.7934458" lon="-89.9927962"/>
  <node id="8670810397" version="1" timestamp="2021-04-27T06:59:59Z" uid="3738260" user="Zabot" changeset="103681547" lat="38.7936278" lon="-89.9928533"/>
  <node id="8670810398" version="1" timestamp="2021-04-27T06:59:59Z" uid="3738260" user="Zabot" changeset="103681547" lat="38.7938069" lon="-89.9929259"/>
  <node id="8670810399" version="1" timestamp="2021-04-27T06:59:59Z" uid="3738260" user="Zabot" changeset="103681547" lat="38.7939378" lon="-89.9929906"/>
  <node id="8670810400" version="1" timestamp="2021-04-27T06:59:59Z" uid="3738260" user="Zabot" changeset="103681547" lat="38.7941034" lon="-89.9930984"/>
  <node id="8670810401" version="1" timestamp="2021-04-27T06:59:59Z" uid="3738260" user="Zabot" changeset="103681547" lat="38.7942552" lon="-89.9932228"/>
  <node id="8670810402" version="1" timestamp="2021-04-27T06:59:59Z" uid="3738260" user="Zabot" changeset="103681547" lat="38.794406" lon="-89.9933795"/>
  <node id="8670810403" version="1" timestamp="2021-04-27T06:59:59Z" uid="3738260" user="Zabot" changeset="103681547" lat="38.7945471" lon="-89.9935458"/>
  <node id="8670810404" version="1" timestamp="2021-04-27T06:59:59Z" uid="3738260" user="Zabot" changeset="103681547" lat="38.7946316" lon="-89.993659"/>
  <node id="8670810405" version="1" timestamp="2021-04-27T06:59:59Z" uid="3738260" user="Zabot" changeset="103681547" lat="38.7947235" lon="-89.9938135"/>
  <node id="8670859226" version="1" timestamp="2021-04-27T06:59:59Z" uid="3738260" user="Zabot" changeset="103681547" lat="38.7925816" lon="-89.9934605"/>
  <node id="8670859227" version="1" timestamp="2021-04-27T06:59:59Z" uid="3738260" user="Zabot" changeset="103681547" lat="38.7925984" lon="-89.9934972"/>
  <node id="8670859228" version="1" timestamp="2021-04-27T06:59:59Z" uid="3738260" user="Zabot" changeset="103681547" lat="38.7926282" lon="-89.9935096"/>
  <node id="8670859229" version="1" timestamp="2021-04-27T06:59:59Z" uid="3738260" user="Zabot" changeset="103681547" lat="38.7927929" lon="-89.9934475"/>
  <node id="8670859230" version="1" timestamp="2021-04-27T06:59:59Z" uid="3738260" user="Zabot" changeset="103681547" lat="38.7928116" lon="-89.9934267"/>
  <node id="8670859231" version="1" timestamp="2021-04-27T06:59:59Z" uid="3738260" user="Zabot" changeset="103681547" lat="38.7928195" lon="-89.9933873"/>
  <node id="8670859232" version="1" timestamp="2021-04-27T06:59:59Z" uid="3738260" user="Zabot" changeset="103681547" lat="38.7926954" lon="-89.9928213"/>
  <node id="8670859345" version="1" timestamp="2021-04-27T06:59:59Z" uid="3738260" user="Zabot" changeset="103681547" lat="38.7921315" lon="-89.9914258"/>
  <node id="8670859346" version="1" timestamp="2021-04-27T06:59:59Z" uid="3738260" user="Zabot" changeset="103681547" lat="38.7921311" lon="-89.9913969"/>
  <node id="8670859347" version="1" timestamp="2021-04-27T06:59:59Z" uid="3738260" user="Zabot" changeset="103681547" lat="38.792151" lon="-89.9913514"/>
  <node id="8670859348" version="1" timestamp="2021-04-27T06:59:59Z" uid="3738260" user="Zabot" changeset="103681547" lat="38.792317" lon="-89.9912885"/>
  <node id="8670859349" version="1" timestamp="2021-04-27T06:59:59Z" uid="3738260" user="Zabot" changeset="103681547" lat="38.7923352" lon="-89.9912912"/>
  <node id="8670859350" version="1" timestamp="2021-04-27T06:59:59Z" uid="3738260" user="Zabot" changeset="103681547" lat="38.7923658" lon="-89.9913304"/>
  <node id="8670859351" version="4" timestamp="2024-01-17T22:30:46Z" uid="19598846" user="wesleyote" changeset="146383360" lat="38.7926791" lon="-89.9927652">
    <tag k="crossing" v="marked"/>
    <tag k="crossing:island" v="no"/>
    <tag k="highway" v="crossing"/>
    <tag k="tactile_paving" v="yes"/>
  </node>
  <node id="8670859352" version="4" timestamp="2024-01-17T22:30:41Z" uid="19598846" user="wesleyote" changeset="146383360" lat="38.7924473" lon="-89.9928461">
    <tag k="crossing" v="marked"/>
    <tag k="crossing:island" v="no"/>
    <tag k="highway" v="crossing"/>
    <tag k="tactile_paving" v="yes"/>
  </node>
  <node id="8670859353" version="1" timestamp="2021-04-27T06:59:59Z" uid="3738260" user="Zabot" changeset="103681547" lat="38.7924359" lon="-89.992764"/>
  <node id="8670859354" version="1" timestamp="2021-04-27T06:59:59Z" uid="3738260" user="Zabot" changeset="103681547" lat="38.7924121" lon="-89.9927177"/>
  <node id="8670859355" version="1" timestamp="2021-04-27T06:59:59Z" uid="3738260" user="Zabot" changeset="103681547" lat="38.7926519" lon="-89.9926749"/>
  <node id="8670859356" version="1" timestamp="2021-04-27T06:59:59Z" uid="3738260" user="Zabot" changeset="103681547" lat="38.7926552" lon="-89.9926427"/>
  <node id="8670859357" version="1" timestamp="2021-04-27T06:59:59Z" uid="3738260" user="Zabot" changeset="103681547" lat="38.7923562" lon="-89.9913054"/>
  <node id="8670859358" version="1" timestamp="2021-04-27T06:59:59Z" uid="3738260" user="Zabot" changeset="103681547" lat="38.7921366" lon="-89.9913708"/>
  <node id="8670859359" version="1" timestamp="2021-04-27T06:59:59Z" uid="3738260" user="Zabot" changeset="103681547" lat="38.7926454" lon="-89.9926937"/>
  <node id="8670859360" version="1" timestamp="2021-04-27T06:59:59Z" uid="3738260" user="Zabot" changeset="103681547" lat="38.7926307" lon="-89.9927137"/>
  <node id="8670859361" version="1" timestamp="2021-04-27T06:59:59Z" uid="3738260" user="Zabot" changeset="103681547" lat="38.7924838" lon="-89.9927774"/>
  <node id="8670859362" version="1" timestamp="2021-04-27T06:59:59Z" uid="3738260" user="Zabot" changeset="103681547" lat="38.7924594" lon="-89.9927771"/>
  <node id="8670859363" version="1" timestamp="2021-04-27T06:59:59Z" uid="3738260" user="Zabot" changeset="103681547" lat="38.7924208" lon="-89.9927443"/>
  <node id="8670947175" version="1" timestamp="2021-04-27T07:32:08Z" uid="3738260" user="Zabot" changeset="103684285" lat="38.7935113" lon="-90.0000365"/>
  <node id="8670947191" version="2" timestamp="2021-08-03T05:37:02Z" uid="12955846" user="JakeEdwardsville" changeset="109064617" lat="38.7925954" lon="-90.0010326"/>
  <node id="8670947193" version="1" timestamp="2021-04-27T07:32:08Z" uid="3738260" user="Zabot" changeset="103684285" lat="38.7932439" lon="-90.0000073"/>
  <node id="8670947194" version="1" timestamp="2021-04-27T07:32:08Z" uid="3738260" user="Zabot" changeset="103684285" lat="38.7932653" lon="-90.0000267"/>
  <node id="8670947195" version="1" timestamp="2021-04-27T07:32:08Z" uid="3738260" user="Zabot" changeset="103684285" lat="38.7933004" lon="-90.000039"/>
  <node id="8680698889" version="4" timestamp="2024-02-15T04:54:09Z" uid="12955846" user="JakeEdwardsville" changeset="147474261" lat="38.7952582" lon="-89.9967948">
    <tag k="crossing" v="marked"/>
    <tag k="crossing:markings" v="yes"/>
    <tag k="highway" v="crossing"/>
    <tag k="tactile_paving" v="incorrect"/>
  </node>
  <node id="8681232870" version="1" timestamp="2021-04-29T21:49:36Z" uid="12955846" user="JakeEdwardsville" changeset="103871086" lat="38.7960409" lon="-90.0022235"/>
  <node id="8681232871" version="1" timestamp="2021-04-29T21:49:36Z" uid="12955846" user="JakeEdwardsville" changeset="103871086" lat="38.7960701" lon="-90.0022373"/>
  <node id="8681232872" version="1" timestamp="2021-04-29T21:49:36Z" uid="12955846" user="JakeEdwardsville" changeset="103871086" lat="38.7960854" lon="-90.0021831"/>
  <node id="8681232873" version="1" timestamp="2021-04-29T21:49:36Z" uid="12955846" user="JakeEdwardsville" changeset="103871086" lat="38.7960565" lon="-90.0021686"/>
  <node id="8713368098" version="2" timestamp="2021-08-03T05:37:02Z" uid="12955846" user="JakeEdwardsville" changeset="109064617" lat="38.7914693" lon="-89.9997934"/>
  <node id="8713368113" version="1" timestamp="2021-05-08T22:47:46Z" uid="12955846" user="JakeEdwardsville" changeset="104380665" lat="38.7912756" lon="-90.0000895"/>
  <node id="8713368114" version="1" timestamp="2021-05-08T22:47:46Z" uid="12955846" user="JakeEdwardsville" changeset="104380665" lat="38.7911705" lon="-90.0000983"/>
  <node id="8713368115" version="1" timestamp="2021-05-08T22:47:46Z" uid="12955846" user="JakeEdwardsville" changeset="104380665" lat="38.7911419" lon="-90.0001444"/>
  <node id="8713368116" version="1" timestamp="2021-05-08T22:47:46Z" uid="12955846" user="JakeEdwardsville" changeset="104380665" lat="38.7911514" lon="-90.0001608"/>
  <node id="8713395317" version="1" timestamp="2021-05-08T22:47:46Z" uid="12955846" user="JakeEdwardsville" changeset="104380665" lat="38.7910227" lon="-90.0003225"/>
  <node id="8713395884" version="1" timestamp="2021-05-08T23:28:54Z" uid="12955846" user="JakeEdwardsville" changeset="104381189" lat="38.7975656" lon="-89.9996998"/>
  <node id="8713395913" version="1" timestamp="2021-05-08T23:28:54Z" uid="12955846" user="JakeEdwardsville" changeset="104381189" lat="38.7973317" lon="-90.0005345"/>
  <node id="8713395914" version="1" timestamp="2021-05-08T23:28:54Z" uid="12955846" user="JakeEdwardsville" changeset="104381189" lat="38.797382" lon="-90.0005391"/>
  <node id="8713395915" version="1" timestamp="2021-05-08T23:28:54Z" uid="12955846" user="JakeEdwardsville" changeset="104381189" lat="38.7974272" lon="-90.0005039"/>
  <node id="8713426769" version="1" timestamp="2021-05-08T23:12:03Z" uid="12955846" user="JakeEdwardsville" changeset="104380992" lat="38.7961757" lon="-90.0015086"/>
  <node id="8713426823" version="1" timestamp="2021-05-08T23:12:03Z" uid="12955846" user="JakeEdwardsville" changeset="104380992" lat="38.7950616" lon="-90.001244"/>
  <node id="8713426824" version="1" timestamp="2021-05-08T23:12:03Z" uid="12955846" user="JakeEdwardsville" changeset="104380992" lat="38.795079" lon="-90.0012347"/>
  <node id="8713426825" version="1" timestamp="2021-05-08T23:12:03Z" uid="12955846" user="JakeEdwardsville" changeset="104380992" lat="38.7950946" lon="-90.0012317"/>
  <node id="8713426826" version="1" timestamp="2021-05-08T23:12:03Z" uid="12955846" user="JakeEdwardsville" changeset="104380992" lat="38.7952584" lon="-90.0012326"/>
  <node id="8713426827" version="1" timestamp="2021-05-08T23:12:03Z" uid="12955846" user="JakeEdwardsville" changeset="104380992" lat="38.7953876" lon="-90.0012324"/>
  <node id="8713426828" version="1" timestamp="2021-05-08T23:12:03Z" uid="12955846" user="JakeEdwardsville" changeset="104380992" lat="38.7954188" lon="-90.0012378"/>
  <node id="8713426829" version="1" timestamp="2021-05-08T23:12:03Z" uid="12955846" user="JakeEdwardsville" changeset="104380992" lat="38.7954548" lon="-90.0012501"/>
  <node id="8713426830" version="1" timestamp="2021-05-08T23:12:03Z" uid="12955846" user="JakeEdwardsville" changeset="104380992" lat="38.7954969" lon="-90.0012617"/>
  <node id="8713426831" version="1" timestamp="2021-05-08T23:12:03Z" uid="12955846" user="JakeEdwardsville" changeset="104380992" lat="38.7956722" lon="-90.0012602"/>
  <node id="8713426832" version="1" timestamp="2021-05-08T23:12:03Z" uid="12955846" user="JakeEdwardsville" changeset="104380992" lat="38.7956962" lon="-90.0012917"/>
  <node id="8713426833" version="1" timestamp="2021-05-08T23:12:03Z" uid="12955846" user="JakeEdwardsville" changeset="104380992" lat="38.7957094" lon="-90.0013018"/>
  <node id="8713426834" version="1" timestamp="2021-05-08T23:12:03Z" uid="12955846" user="JakeEdwardsville" changeset="104380992" lat="38.7960023" lon="-90.0013018"/>
  <node id="8713426835" version="1" timestamp="2021-05-08T23:12:03Z" uid="12955846" user="JakeEdwardsville" changeset="104380992" lat="38.7960378" lon="-90.001274"/>
  <node id="8713426836" version="1" timestamp="2021-05-08T23:12:03Z" uid="12955846" user="JakeEdwardsville" changeset="104380992" lat="38.7960492" lon="-90.0012394"/>
  <node id="8713426837" version="1" timestamp="2021-05-08T23:12:03Z" uid="12955846" user="JakeEdwardsville" changeset="104380992" lat="38.796054" lon="-90.0011962"/>
  <node id="8713426838" version="1" timestamp="2021-05-08T23:12:03Z" uid="12955846" user="JakeEdwardsville" changeset="104380992" lat="38.796054" lon="-90.0011469"/>
  <node id="8713426839" version="1" timestamp="2021-05-08T23:12:03Z" uid="12955846" user="JakeEdwardsville" changeset="104380992" lat="38.7960528" lon="-90.0008535"/>
  <node id="8713426840" version="1" timestamp="2021-05-08T23:12:03Z" uid="12955846" user="JakeEdwardsville" changeset="104380992" lat="38.7962215" lon="-90.0008535"/>
  <node id="8713426841" version="1" timestamp="2021-05-08T23:12:03Z" uid="12955846" user="JakeEdwardsville" changeset="104380992" lat="38.7962227" lon="-90.0006054"/>
  <node id="8713426842" version="1" timestamp="2021-05-08T23:12:03Z" uid="12955846" user="JakeEdwardsville" changeset="104380992" lat="38.7962653" lon="-90.0006077"/>
  <node id="8713426843" version="1" timestamp="2021-05-08T23:12:03Z" uid="12955846" user="JakeEdwardsville" changeset="104380992" lat="38.7962707" lon="-90.0006039"/>
  <node id="8713426844" version="1" timestamp="2021-05-08T23:12:03Z" uid="12955846" user="JakeEdwardsville" changeset="104380992" lat="38.7962719" lon="-90.0005962"/>
  <node id="8713426845" version="1" timestamp="2021-05-08T23:12:03Z" uid="12955846" user="JakeEdwardsville" changeset="104380992" lat="38.7962749" lon="-90.0004907"/>
  <node id="8713426846" version="1" timestamp="2021-05-08T23:12:03Z" uid="12955846" user="JakeEdwardsville" changeset="104380992" lat="38.7962791" lon="-90.0004714"/>
  <node id="8713426847" version="1" timestamp="2021-05-08T23:12:03Z" uid="12955846" user="JakeEdwardsville" changeset="104380992" lat="38.7962863" lon="-90.000456"/>
  <node id="8713426848" version="1" timestamp="2021-05-08T23:12:03Z" uid="12955846" user="JakeEdwardsville" changeset="104380992" lat="38.7962959" lon="-90.0004421"/>
  <node id="8713426849" version="1" timestamp="2021-05-08T23:12:03Z" uid="12955846" user="JakeEdwardsville" changeset="104380992" lat="38.7963067" lon="-90.0004298"/>
  <node id="8713426850" version="1" timestamp="2021-05-08T23:12:03Z" uid="12955846" user="JakeEdwardsville" changeset="104380992" lat="38.7963193" lon="-90.0004221"/>
  <node id="8713426851" version="1" timestamp="2021-05-08T23:12:03Z" uid="12955846" user="JakeEdwardsville" changeset="104380992" lat="38.7963379" lon="-90.0004167"/>
  <node id="8713426852" version="1" timestamp="2021-05-08T23:12:03Z" uid="12955846" user="JakeEdwardsville" changeset="104380992" lat="38.7963619" lon="-90.000416"/>
  <node id="8713426853" version="1" timestamp="2021-05-08T23:12:03Z" uid="12955846" user="JakeEdwardsville" changeset="104380992" lat="38.7965783" lon="-90.0004179"/>
  <node id="8713426854" version="1" timestamp="2021-05-08T23:12:03Z" uid="12955846" user="JakeEdwardsville" changeset="104380992" lat="38.7966063" lon="-90.0004167"/>
  <node id="8713426855" version="1" timestamp="2021-05-08T23:12:03Z" uid="12955846" user="JakeEdwardsville" changeset="104380992" lat="38.7966255" lon="-90.0004221"/>
  <node id="8713426856" version="1" timestamp="2021-05-08T23:12:03Z" uid="12955846" user="JakeEdwardsville" changeset="104380992" lat="38.7966399" lon="-90.0004275"/>
  <node id="8713426857" version="1" timestamp="2021-05-08T23:12:03Z" uid="12955846" user="JakeEdwardsville" changeset="104380992" lat="38.7966525" lon="-90.000436"/>
  <node id="8713426858" version="1" timestamp="2021-05-08T23:12:03Z" uid="12955846" user="JakeEdwardsville" changeset="104380992" lat="38.7966645" lon="-90.0004475"/>
  <node id="8713426859" version="1" timestamp="2021-05-08T23:12:03Z" uid="12955846" user="JakeEdwardsville" changeset="104380992" lat="38.7966717" lon="-90.0004583"/>
  <node id="8713426860" version="1" timestamp="2021-05-08T23:12:03Z" uid="12955846" user="JakeEdwardsville" changeset="104380992" lat="38.7966783" lon="-90.000473"/>
  <node id="8713426861" version="1" timestamp="2021-05-08T23:12:03Z" uid="12955846" user="JakeEdwardsville" changeset="104380992" lat="38.7966831" lon="-90.0004914"/>
  <node id="8713426862" version="1" timestamp="2021-05-08T23:12:03Z" uid="12955846" user="JakeEdwardsville" changeset="104380992" lat="38.7966849" lon="-90.000503"/>
  <node id="8713426863" version="1" timestamp="2021-05-08T23:12:03Z" uid="12955846" user="JakeEdwardsville" changeset="104380992" lat="38.7966855" lon="-90.0005169"/>
  <node id="8713426864" version="1" timestamp="2021-05-08T23:12:03Z" uid="12955846" user="JakeEdwardsville" changeset="104380992" lat="38.7959641" lon="-90.0008535"/>
  <node id="8713426865" version="1" timestamp="2021-05-08T23:12:03Z" uid="12955846" user="JakeEdwardsville" changeset="104380992" lat="38.7960195" lon="-90.0012917"/>
  <node id="8713426866" version="1" timestamp="2021-05-08T23:12:03Z" uid="12955846" user="JakeEdwardsville" changeset="104380992" lat="38.7960557" lon="-90.0014781"/>
  <node id="8713426867" version="1" timestamp="2021-05-08T23:12:03Z" uid="12955846" user="JakeEdwardsville" changeset="104380992" lat="38.7961214" lon="-90.0014768"/>
  <node id="8713426868" version="1" timestamp="2021-05-08T23:12:03Z" uid="12955846" user="JakeEdwardsville" changeset="104380992" lat="38.7960566" lon="-90.0013992"/>
  <node id="8713426869" version="1" timestamp="2021-05-08T23:12:03Z" uid="12955846" user="JakeEdwardsville" changeset="104380992" lat="38.7960459" lon="-90.0012888"/>
  <node id="8713426870" version="1" timestamp="2021-05-08T23:12:03Z" uid="12955846" user="JakeEdwardsville" changeset="104380992" lat="38.795039" lon="-90.0012558"/>
  <node id="8713426871" version="1" timestamp="2021-05-08T23:12:03Z" uid="12955846" user="JakeEdwardsville" changeset="104380992" lat="38.7950233" lon="-90.0012665"/>
  <node id="8713426872" version="1" timestamp="2021-05-08T23:12:03Z" uid="12955846" user="JakeEdwardsville" changeset="104380992" lat="38.7950082" lon="-90.0012846"/>
  <node id="8713426873" version="1" timestamp="2021-05-08T23:12:03Z" uid="12955846" user="JakeEdwardsville" changeset="104380992" lat="38.7949993" lon="-90.001299"/>
  <node id="8713426874" version="1" timestamp="2021-05-08T23:12:03Z" uid="12955846" user="JakeEdwardsville" changeset="104380992" lat="38.7950504" lon="-90.0012492"/>
  <node id="8713426875" version="1" timestamp="2021-05-08T23:12:03Z" uid="12955846" user="JakeEdwardsville" changeset="104380992" lat="38.7950535" lon="-90.0012697"/>
  <node id="8713426878" version="1" timestamp="2021-05-08T23:12:03Z" uid="12955846" user="JakeEdwardsville" changeset="104380992" lat="38.7950538" lon="-90.0013125"/>
  <node id="8713426879" version="1" timestamp="2021-05-08T23:12:03Z" uid="12955846" user="JakeEdwardsville" changeset="104380992" lat="38.7950533" lon="-90.0014283"/>
  <node id="8713426880" version="1" timestamp="2021-05-08T23:12:03Z" uid="12955846" user="JakeEdwardsville" changeset="104380992" lat="38.7950574" lon="-90.0014856"/>
  <node id="8713426881" version="1" timestamp="2021-05-08T23:12:03Z" uid="12955846" user="JakeEdwardsville" changeset="104380992" lat="38.7950587" lon="-90.0015094"/>
  <node id="8713426882" version="1" timestamp="2021-05-08T23:12:03Z" uid="12955846" user="JakeEdwardsville" changeset="104380992" lat="38.7950587" lon="-90.0015315"/>
  <node id="8713426883" version="1" timestamp="2021-05-08T23:12:03Z" uid="12955846" user="JakeEdwardsville" changeset="104380992" lat="38.7950572" lon="-90.0015587"/>
  <node id="8713426884" version="1" timestamp="2021-05-08T23:12:03Z" uid="12955846" user="JakeEdwardsville" changeset="104380992" lat="38.7950509" lon="-90.0016496"/>
  <node id="8713426885" version="1" timestamp="2021-05-08T23:12:03Z" uid="12955846" user="JakeEdwardsville" changeset="104380992" lat="38.7950467" lon="-90.001722"/>
  <node id="8713426886" version="1" timestamp="2021-05-08T23:12:03Z" uid="12955846" user="JakeEdwardsville" changeset="104380992" lat="38.7950457" lon="-90.0018078"/>
  <node id="8713426887" version="1" timestamp="2021-05-08T23:12:03Z" uid="12955846" user="JakeEdwardsville" changeset="104380992" lat="38.7950415" lon="-90.0018822"/>
  <node id="8713426888" version="1" timestamp="2021-05-08T23:12:03Z" uid="12955846" user="JakeEdwardsville" changeset="104380992" lat="38.7950339" lon="-90.0019198"/>
  <node id="8713426889" version="1" timestamp="2021-05-08T23:12:03Z" uid="12955846" user="JakeEdwardsville" changeset="104380992" lat="38.7950156" lon="-90.0019637"/>
  <node id="8713426890" version="1" timestamp="2021-05-08T23:12:03Z" uid="12955846" user="JakeEdwardsville" changeset="104380992" lat="38.7945977" lon="-90.0028387"/>
  <node id="8713426891" version="1" timestamp="2021-05-08T23:12:03Z" uid="12955846" user="JakeEdwardsville" changeset="104380992" lat="38.7945538" lon="-90.0029499"/>
  <node id="8713426892" version="1" timestamp="2021-05-08T23:12:03Z" uid="12955846" user="JakeEdwardsville" changeset="104380992" lat="38.79453" lon="-90.0030246"/>
  <node id="8713426893" version="1" timestamp="2021-05-08T23:12:03Z" uid="12955846" user="JakeEdwardsville" changeset="104380992" lat="38.7945078" lon="-90.0031262"/>
  <node id="8713426894" version="1" timestamp="2021-05-08T23:12:03Z" uid="12955846" user="JakeEdwardsville" changeset="104380992" lat="38.794475" lon="-90.0032644"/>
  <node id="8713426896" version="1" timestamp="2021-05-08T23:12:03Z" uid="12955846" user="JakeEdwardsville" changeset="104380992" lat="38.7944215" lon="-90.0034794"/>
  <node id="8713426897" version="1" timestamp="2021-05-08T23:12:03Z" uid="12955846" user="JakeEdwardsville" changeset="104380992" lat="38.7944175" lon="-90.0034941"/>
  <node id="8713426898" version="1" timestamp="2021-05-08T23:12:03Z" uid="12955846" user="JakeEdwardsville" changeset="104380992" lat="38.7950536" lon="-90.0013558">
    <tag k="highway" v="crossing"/>
  </node>
  <node id="8713426899" version="2" timestamp="2021-08-07T19:14:02Z" uid="12955846" user="JakeEdwardsville" changeset="109322874" lat="38.7944368" lon="-90.0034172">
    <tag k="crossing" v="marked"/>
    <tag k="highway" v="crossing"/>
  </node>
  <node id="8713426900" version="1" timestamp="2021-05-08T23:12:03Z" uid="12955846" user="JakeEdwardsville" changeset="104380992" lat="38.7960528" lon="-90.0013542">
    <tag k="highway" v="crossing"/>
  </node>
  <node id="8713439123" version="1" timestamp="2021-05-08T23:28:54Z" uid="12955846" user="JakeEdwardsville" changeset="104381189" lat="38.7976168" lon="-89.9998347"/>
  <node id="8713439149" version="1" timestamp="2021-05-08T23:28:54Z" uid="12955846" user="JakeEdwardsville" changeset="104381189" lat="38.7972098" lon="-90.0040889"/>
  <node id="8713439170" version="1" timestamp="2021-05-08T23:28:54Z" uid="12955846" user="JakeEdwardsville" changeset="104381189" lat="38.7972854" lon="-90.0041698"/>
  <node id="8713439171" version="1" timestamp="2021-05-08T23:28:54Z" uid="12955846" user="JakeEdwardsville" changeset="104381189" lat="38.7973074" lon="-90.0042113"/>
  <node id="8713439172" version="1" timestamp="2021-05-08T23:28:54Z" uid="12955846" user="JakeEdwardsville" changeset="104381189" lat="38.7973319" lon="-90.0042942"/>
  <node id="8713439173" version="1" timestamp="2021-05-08T23:28:54Z" uid="12955846" user="JakeEdwardsville" changeset="104381189" lat="38.797315" lon="-90.0043905"/>
  <node id="8713443375" version="1" timestamp="2021-05-08T23:36:32Z" uid="12955846" user="JakeEdwardsville" changeset="104381261" lat="38.7975788" lon="-90.0032477"/>
  <node id="8713443376" version="1" timestamp="2021-05-08T23:36:32Z" uid="12955846" user="JakeEdwardsville" changeset="104381261" lat="38.7976716" lon="-90.0033179"/>
  <node id="8713443377" version="1" timestamp="2021-05-08T23:36:32Z" uid="12955846" user="JakeEdwardsville" changeset="104381261" lat="38.797679" lon="-90.003301"/>
  <node id="8713443378" version="1" timestamp="2021-05-08T23:36:32Z" uid="12955846" user="JakeEdwardsville" changeset="104381261" lat="38.7975853" lon="-90.0032329"/>
  <node id="8713443379" version="1" timestamp="2021-05-08T23:36:32Z" uid="12955846" user="JakeEdwardsville" changeset="104381261" lat="38.7978767" lon="-90.0033856"/>
  <node id="8713443380" version="1" timestamp="2021-05-08T23:36:32Z" uid="12955846" user="JakeEdwardsville" changeset="104381261" lat="38.7978623" lon="-90.0034182"/>
  <node id="8713443381" version="1" timestamp="2021-05-08T23:36:32Z" uid="12955846" user="JakeEdwardsville" changeset="104381261" lat="38.7978975" lon="-90.0035629"/>
  <node id="8713443382" version="1" timestamp="2021-05-08T23:36:32Z" uid="12955846" user="JakeEdwardsville" changeset="104381261" lat="38.7978717" lon="-90.0036174"/>
  <node id="8713443383" version="1" timestamp="2021-05-08T23:36:32Z" uid="12955846" user="JakeEdwardsville" changeset="104381261" lat="38.7978502" lon="-90.0036018"/>
  <node id="8713443384" version="1" timestamp="2021-05-08T23:36:32Z" uid="12955846" user="JakeEdwardsville" changeset="104381261" lat="38.7978747" lon="-90.0035463"/>
  <node id="8713443385" version="1" timestamp="2021-05-08T23:36:32Z" uid="12955846" user="JakeEdwardsville" changeset="104381261" lat="38.7977494" lon="-90.0036474"/>
  <node id="8713443386" version="1" timestamp="2021-05-08T23:36:32Z" uid="12955846" user="JakeEdwardsville" changeset="104381261" lat="38.7977749" lon="-90.0035895"/>
  <node id="8713443387" version="1" timestamp="2021-05-08T23:36:32Z" uid="12955846" user="JakeEdwardsville" changeset="104381261" lat="38.7976971" lon="-90.0035329"/>
  <node id="8713443388" version="1" timestamp="2021-05-08T23:36:32Z" uid="12955846" user="JakeEdwardsville" changeset="104381261" lat="38.7975846" lon="-90.0034847"/>
  <node id="8713443389" version="1" timestamp="2021-05-08T23:36:32Z" uid="12955846" user="JakeEdwardsville" changeset="104381261" lat="38.7975072" lon="-90.0034266"/>
  <node id="8713443390" version="1" timestamp="2021-05-08T23:36:32Z" uid="12955846" user="JakeEdwardsville" changeset="104381261" lat="38.7975995" lon="-90.0034509"/>
  <node id="8713443391" version="1" timestamp="2021-05-08T23:36:32Z" uid="12955846" user="JakeEdwardsville" changeset="104381261" lat="38.7975215" lon="-90.0033942"/>
  <node id="8713443412" version="1" timestamp="2021-05-08T23:36:32Z" uid="12955846" user="JakeEdwardsville" changeset="104381261" lat="38.7973491" lon="-90.0032131"/>
  <node id="8848831809" version="1" timestamp="2021-06-19T16:53:58Z" uid="12955846" user="JakeEdwardsville" changeset="106639623" lat="38.7943093" lon="-89.9991336"/>
  <node id="8848831810" version="1" timestamp="2021-06-19T16:53:58Z" uid="12955846" user="JakeEdwardsville" changeset="106639623" lat="38.7943184" lon="-89.9991338"/>
  <node id="8848831811" version="1" timestamp="2021-06-19T16:53:58Z" uid="12955846" user="JakeEdwardsville" changeset="106639623" lat="38.7941609" lon="-89.9991065"/>
  <node id="8848831812" version="1" timestamp="2021-06-19T16:53:58Z" uid="12955846" user="JakeEdwardsville" changeset="106639623" lat="38.7941609" lon="-89.9991347"/>
  <node id="8848886518" version="1" timestamp="2021-06-19T16:53:58Z" uid="12955846" user="JakeEdwardsville" changeset="106639623" lat="38.7927821" lon="-89.9988536"/>
  <node id="8848886519" version="1" timestamp="2021-06-19T16:53:58Z" uid="12955846" user="JakeEdwardsville" changeset="106639623" lat="38.7927822" lon="-89.9988863"/>
  <node id="8848886520" version="1" timestamp="2021-06-19T16:53:58Z" uid="12955846" user="JakeEdwardsville" changeset="106639623" lat="38.7927929" lon="-89.9988861"/>
  <node id="8848886521" version="1" timestamp="2021-06-19T16:53:58Z" uid="12955846" user="JakeEdwardsville" changeset="106639623" lat="38.7927932" lon="-89.9988529"/>
  <node id="8848886522" version="1" timestamp="2021-06-19T16:53:58Z" uid="12955846" user="JakeEdwardsville" changeset="106639623" lat="38.7939149" lon="-90.0007337"/>
  <node id="8848886523" version="1" timestamp="2021-06-19T16:53:58Z" uid="12955846" user="JakeEdwardsville" changeset="106639623" lat="38.7939522" lon="-90.0007208"/>
  <node id="8848886524" version="1" timestamp="2021-06-19T16:53:58Z" uid="12955846" user="JakeEdwardsville" changeset="106639623" lat="38.7938768" lon="-90.0007426"/>
  <node id="8848886525" version="1" timestamp="2021-06-19T16:53:58Z" uid="12955846" user="JakeEdwardsville" changeset="106639623" lat="38.7938023" lon="-90.0007594"/>
  <node id="8848886526" version="1" timestamp="2021-06-19T16:53:58Z" uid="12955846" user="JakeEdwardsville" changeset="106639623" lat="38.7937733" lon="-90.0007645"/>
  <node id="8848886527" version="1" timestamp="2021-06-19T16:53:58Z" uid="12955846" user="JakeEdwardsville" changeset="106639623" lat="38.7937142" lon="-90.0007729"/>
  <node id="8848886528" version="1" timestamp="2021-06-19T16:53:58Z" uid="12955846" user="JakeEdwardsville" changeset="106639623" lat="38.7936576" lon="-90.0000126"/>
  <node id="8848886529" version="1" timestamp="2021-06-19T16:53:58Z" uid="12955846" user="JakeEdwardsville" changeset="106639623" lat="38.7936846" lon="-90.0000009"/>
  <node id="8848886530" version="1" timestamp="2021-06-19T16:53:58Z" uid="12955846" user="JakeEdwardsville" changeset="106639623" lat="38.7936769" lon="-90.0000033"/>
  <node id="8848886531" version="1" timestamp="2021-06-19T16:53:58Z" uid="12955846" user="JakeEdwardsville" changeset="106639623" lat="38.7936922" lon="-89.9999992"/>
  <node id="8848886532" version="1" timestamp="2021-06-19T16:53:58Z" uid="12955846" user="JakeEdwardsville" changeset="106639623" lat="38.7937168" lon="-89.9999957"/>
  <node id="8848886533" version="1" timestamp="2021-06-19T16:53:58Z" uid="12955846" user="JakeEdwardsville" changeset="106639623" lat="38.7937086" lon="-89.9999962"/>
  <node id="8848886534" version="1" timestamp="2021-06-19T16:53:58Z" uid="12955846" user="JakeEdwardsville" changeset="106639623" lat="38.7937346" lon="-90.0000006"/>
  <node id="8848886535" version="1" timestamp="2021-06-19T16:53:58Z" uid="12955846" user="JakeEdwardsville" changeset="106639623" lat="38.7940153" lon="-89.9998593"/>
  <node id="8848886536" version="1" timestamp="2021-06-19T16:53:58Z" uid="12955846" user="JakeEdwardsville" changeset="106639623" lat="38.7940155" lon="-89.9996487"/>
  <node id="8848886537" version="1" timestamp="2021-06-19T16:53:58Z" uid="12955846" user="JakeEdwardsville" changeset="106639623" lat="38.7939812" lon="-89.9996489"/>
  <node id="8848886538" version="1" timestamp="2021-06-19T16:53:58Z" uid="12955846" user="JakeEdwardsville" changeset="106639623" lat="38.7939816" lon="-89.9998593"/>
  <node id="8848886539" version="1" timestamp="2021-06-19T16:53:58Z" uid="12955846" user="JakeEdwardsville" changeset="106639623" lat="38.7923884" lon="-89.9968716"/>
  <node id="8848886540" version="1" timestamp="2021-06-19T16:53:58Z" uid="12955846" user="JakeEdwardsville" changeset="106639623" lat="38.7924146" lon="-89.9968717"/>
  <node id="8848886541" version="1" timestamp="2021-06-19T16:53:58Z" uid="12955846" user="JakeEdwardsville" changeset="106639623" lat="38.7924145" lon="-89.9968648"/>
  <node id="8848886542" version="1" timestamp="2021-06-19T16:53:58Z" uid="12955846" user="JakeEdwardsville" changeset="106639623" lat="38.7923883" lon="-89.996865"/>
  <node id="8848886543" version="1" timestamp="2021-06-19T16:53:58Z" uid="12955846" user="JakeEdwardsville" changeset="106639623" lat="38.7909563" lon="-90.0017008"/>
  <node id="8848886544" version="1" timestamp="2021-06-19T16:53:58Z" uid="12955846" user="JakeEdwardsville" changeset="106639623" lat="38.7909565" lon="-90.00166"/>
  <node id="8848886545" version="1" timestamp="2021-06-19T16:53:58Z" uid="12955846" user="JakeEdwardsville" changeset="106639623" lat="38.7911499" lon="-90.0020614"/>
  <node id="8848886546" version="1" timestamp="2021-06-19T16:53:58Z" uid="12955846" user="JakeEdwardsville" changeset="106639623" lat="38.7909876" lon="-90.0017678"/>
  <node id="8848886547" version="1" timestamp="2021-06-19T16:53:58Z" uid="12955846" user="JakeEdwardsville" changeset="106639623" lat="38.7909876" lon="-90.0016599"/>
  <node id="8848886548" version="1" timestamp="2021-06-19T16:53:58Z" uid="12955846" user="JakeEdwardsville" changeset="106639623" lat="38.7909562" lon="-90.0017676"/>
  <node id="8848886549" version="1" timestamp="2021-06-19T16:53:58Z" uid="12955846" user="JakeEdwardsville" changeset="106639623" lat="38.7948499" lon="-90.0016021"/>
  <node id="8848886550" version="1" timestamp="2021-06-19T16:53:58Z" uid="12955846" user="JakeEdwardsville" changeset="106639623" lat="38.7948435" lon="-90.0016059"/>
  <node id="8848886551" version="1" timestamp="2021-06-19T16:53:58Z" uid="12955846" user="JakeEdwardsville" changeset="106639623" lat="38.7948539" lon="-90.0015954"/>
  <node id="8848886552" version="1" timestamp="2021-06-19T16:53:58Z" uid="12955846" user="JakeEdwardsville" changeset="106639623" lat="38.7948525" lon="-90.0015992"/>
  <node id="8848886553" version="1" timestamp="2021-06-19T16:53:58Z" uid="12955846" user="JakeEdwardsville" changeset="106639623" lat="38.7948467" lon="-90.0016045"/>
  <node id="8848886554" version="1" timestamp="2021-06-19T16:53:58Z" uid="12955846" user="JakeEdwardsville" changeset="106639623" lat="38.7948401" lon="-90.0016067"/>
  <node id="8848886555" version="1" timestamp="2021-06-19T16:53:58Z" uid="12955846" user="JakeEdwardsville" changeset="106639623" lat="38.7948551" lon="-90.0015909"/>
  <node id="8848886556" version="1" timestamp="2021-06-19T16:53:58Z" uid="12955846" user="JakeEdwardsville" changeset="106639623" lat="38.7948528" lon="-90.0014855"/>
  <node id="8848886557" version="1" timestamp="2021-06-19T16:53:58Z" uid="12955846" user="JakeEdwardsville" changeset="106639623" lat="38.7948554" lon="-90.0014921"/>
  <node id="8848886558" version="1" timestamp="2021-06-19T16:53:58Z" uid="12955846" user="JakeEdwardsville" changeset="106639623" lat="38.7948473" lon="-90.0014813"/>
  <node id="8848886559" version="1" timestamp="2021-06-19T16:53:58Z" uid="12955846" user="JakeEdwardsville" changeset="106639623" lat="38.794856" lon="-90.0014963"/>
  <node id="8848886560" version="1" timestamp="2021-06-19T16:53:58Z" uid="12955846" user="JakeEdwardsville" changeset="106639623" lat="38.7948543" lon="-90.0014887"/>
  <node id="8848886561" version="1" timestamp="2021-06-19T16:53:58Z" uid="12955846" user="JakeEdwardsville" changeset="106639623" lat="38.7948501" lon="-90.0014831"/>
  <node id="8848886562" version="1" timestamp="2021-06-19T16:53:58Z" uid="12955846" user="JakeEdwardsville" changeset="106639623" lat="38.7948444" lon="-90.0014797"/>
  <node id="8848886563" version="1" timestamp="2021-06-19T16:53:58Z" uid="12955846" user="JakeEdwardsville" changeset="106639623" lat="38.7947554" lon="-90.001484"/>
  <node id="8848886564" version="1" timestamp="2021-06-19T16:53:58Z" uid="12955846" user="JakeEdwardsville" changeset="106639623" lat="38.7947531" lon="-90.0014893"/>
  <node id="8848886565" version="1" timestamp="2021-06-19T16:53:58Z" uid="12955846" user="JakeEdwardsville" changeset="106639623" lat="38.7947608" lon="-90.0014801"/>
  <node id="8848886566" version="1" timestamp="2021-06-19T16:53:58Z" uid="12955846" user="JakeEdwardsville" changeset="106639623" lat="38.794758" lon="-90.0014817"/>
  <node id="8848886567" version="1" timestamp="2021-06-19T16:53:58Z" uid="12955846" user="JakeEdwardsville" changeset="106639623" lat="38.7947541" lon="-90.0014864"/>
  <node id="8848886568" version="1" timestamp="2021-06-19T16:53:58Z" uid="12955846" user="JakeEdwardsville" changeset="106639623" lat="38.7947521" lon="-90.0014932"/>
  <node id="8848886569" version="1" timestamp="2021-06-19T16:53:58Z" uid="12955846" user="JakeEdwardsville" changeset="106639623" lat="38.7947646" lon="-90.0014791"/>
  <node id="8848886570" version="1" timestamp="2021-06-19T16:53:58Z" uid="12955846" user="JakeEdwardsville" changeset="106639623" lat="38.7946571" lon="-90.0015131"/>
  <node id="8848886571" version="1" timestamp="2021-06-19T16:53:58Z" uid="12955846" user="JakeEdwardsville" changeset="106639623" lat="38.7946594" lon="-90.0015159"/>
  <node id="8848886572" version="1" timestamp="2021-06-19T16:53:58Z" uid="12955846" user="JakeEdwardsville" changeset="106639623" lat="38.7946529" lon="-90.0015111"/>
  <node id="8848886573" version="1" timestamp="2021-06-19T16:53:58Z" uid="12955846" user="JakeEdwardsville" changeset="106639623" lat="38.7945862" lon="-90.0015155"/>
  <node id="8848886574" version="1" timestamp="2021-06-19T16:53:58Z" uid="12955846" user="JakeEdwardsville" changeset="106639623" lat="38.7945833" lon="-90.0015199"/>
  <node id="8848886575" version="1" timestamp="2021-06-19T16:53:58Z" uid="12955846" user="JakeEdwardsville" changeset="106639623" lat="38.7945912" lon="-90.001512"/>
  <node id="8848886576" version="1" timestamp="2021-06-19T16:53:58Z" uid="12955846" user="JakeEdwardsville" changeset="106639623" lat="38.7945846" lon="-90.0015175"/>
  <node id="8848886577" version="1" timestamp="2021-06-19T16:53:58Z" uid="12955846" user="JakeEdwardsville" changeset="106639623" lat="38.7945886" lon="-90.0015138"/>
  <node id="8848886578" version="1" timestamp="2021-06-19T16:53:58Z" uid="12955846" user="JakeEdwardsville" changeset="106639623" lat="38.7945857" lon="-90.0016001"/>
  <node id="8848886579" version="1" timestamp="2021-06-19T16:53:58Z" uid="12955846" user="JakeEdwardsville" changeset="106639623" lat="38.7945907" lon="-90.0016057"/>
  <node id="8848886580" version="1" timestamp="2021-06-19T16:53:58Z" uid="12955846" user="JakeEdwardsville" changeset="106639623" lat="38.7945827" lon="-90.0015946"/>
  <node id="8848886581" version="1" timestamp="2021-06-19T16:53:58Z" uid="12955846" user="JakeEdwardsville" changeset="106639623" lat="38.7945817" lon="-90.0015905"/>
  <node id="8848886582" version="1" timestamp="2021-06-19T16:53:58Z" uid="12955846" user="JakeEdwardsville" changeset="106639623" lat="38.7945839" lon="-90.0015975"/>
  <node id="8848886583" version="1" timestamp="2021-06-19T16:53:58Z" uid="12955846" user="JakeEdwardsville" changeset="106639623" lat="38.794588" lon="-90.0016034"/>
  <node id="8848886584" version="1" timestamp="2021-06-19T16:53:58Z" uid="12955846" user="JakeEdwardsville" changeset="106639623" lat="38.7945941" lon="-90.001607"/>
  <node id="8848886585" version="1" timestamp="2021-06-19T16:53:58Z" uid="12955846" user="JakeEdwardsville" changeset="106639623" lat="38.7946228" lon="-90.0017949"/>
  <node id="8848886586" version="1" timestamp="2021-06-19T16:53:58Z" uid="12955846" user="JakeEdwardsville" changeset="106639623" lat="38.7946192" lon="-90.0017871"/>
  <node id="8848886587" version="1" timestamp="2021-06-19T16:53:58Z" uid="12955846" user="JakeEdwardsville" changeset="106639623" lat="38.794629" lon="-90.0018003"/>
  <node id="8848886588" version="1" timestamp="2021-06-19T16:53:58Z" uid="12955846" user="JakeEdwardsville" changeset="106639623" lat="38.7946257" lon="-90.0017981"/>
  <node id="8848886589" version="1" timestamp="2021-06-19T16:53:58Z" uid="12955846" user="JakeEdwardsville" changeset="106639623" lat="38.7946206" lon="-90.0017914"/>
  <node id="8848886590" version="1" timestamp="2021-06-19T16:53:58Z" uid="12955846" user="JakeEdwardsville" changeset="106639623" lat="38.7946179" lon="-90.0017823"/>
  <node id="8848886591" version="1" timestamp="2021-06-19T16:53:58Z" uid="12955846" user="JakeEdwardsville" changeset="106639623" lat="38.7946325" lon="-90.0018014"/>
  <node id="8848886592" version="1" timestamp="2021-06-19T16:53:58Z" uid="12955846" user="JakeEdwardsville" changeset="106639623" lat="38.7947827" lon="-90.0017954"/>
  <node id="8848886593" version="1" timestamp="2021-06-19T16:53:58Z" uid="12955846" user="JakeEdwardsville" changeset="106639623" lat="38.794778" lon="-90.0017997"/>
  <node id="8848886594" version="1" timestamp="2021-06-19T16:53:58Z" uid="12955846" user="JakeEdwardsville" changeset="106639623" lat="38.7947863" lon="-90.0017891"/>
  <node id="8848886595" version="1" timestamp="2021-06-19T16:53:58Z" uid="12955846" user="JakeEdwardsville" changeset="106639623" lat="38.7947872" lon="-90.0017854"/>
  <node id="8848886596" version="1" timestamp="2021-06-19T16:53:58Z" uid="12955846" user="JakeEdwardsville" changeset="106639623" lat="38.794785" lon="-90.0017925"/>
  <node id="8848886597" version="1" timestamp="2021-06-19T16:53:58Z" uid="12955846" user="JakeEdwardsville" changeset="106639623" lat="38.7947807" lon="-90.0017979"/>
  <node id="8848886598" version="1" timestamp="2021-06-19T16:53:58Z" uid="12955846" user="JakeEdwardsville" changeset="106639623" lat="38.7947748" lon="-90.0018005"/>
  <node id="8848886599" version="1" timestamp="2021-06-19T16:53:58Z" uid="12955846" user="JakeEdwardsville" changeset="106639623" lat="38.7916937" lon="-89.9978782"/>
  <node id="8848886601" version="1" timestamp="2021-06-19T16:53:58Z" uid="12955846" user="JakeEdwardsville" changeset="106639623" lat="38.791811" lon="-89.9983009"/>
  <node id="8848886602" version="1" timestamp="2021-06-19T16:53:58Z" uid="12955846" user="JakeEdwardsville" changeset="106639623" lat="38.7917999" lon="-89.9981944"/>
  <node id="8848886603" version="1" timestamp="2021-06-19T16:53:58Z" uid="12955846" user="JakeEdwardsville" changeset="106639623" lat="38.7917983" lon="-89.9978774"/>
  <node id="8848886605" version="1" timestamp="2021-06-19T16:53:58Z" uid="12955846" user="JakeEdwardsville" changeset="106639623" lat="38.7967158" lon="-89.9993471"/>
  <node id="8848886606" version="1" timestamp="2021-06-19T16:53:58Z" uid="12955846" user="JakeEdwardsville" changeset="106639623" lat="38.7967113" lon="-89.9993471"/>
  <node id="8848886607" version="1" timestamp="2021-06-19T16:53:58Z" uid="12955846" user="JakeEdwardsville" changeset="106639623" lat="38.7961179" lon="-89.9991504"/>
  <node id="8848886608" version="1" timestamp="2021-06-19T16:53:58Z" uid="12955846" user="JakeEdwardsville" changeset="106639623" lat="38.7961218" lon="-89.9991749"/>
  <node id="8848886609" version="1" timestamp="2021-06-19T16:53:58Z" uid="12955846" user="JakeEdwardsville" changeset="106639623" lat="38.7961117" lon="-89.9991274"/>
  <node id="8848886610" version="1" timestamp="2021-06-19T16:53:58Z" uid="12955846" user="JakeEdwardsville" changeset="106639623" lat="38.796115" lon="-89.9991387"/>
  <node id="8848886611" version="1" timestamp="2021-06-19T16:53:58Z" uid="12955846" user="JakeEdwardsville" changeset="106639623" lat="38.7961201" lon="-89.9991627"/>
  <node id="8848886612" version="1" timestamp="2021-06-19T16:53:58Z" uid="12955846" user="JakeEdwardsville" changeset="106639623" lat="38.7961225" lon="-89.9991873"/>
  <node id="8848886613" version="1" timestamp="2021-06-19T16:53:58Z" uid="12955846" user="JakeEdwardsville" changeset="106639623" lat="38.7960826" lon="-89.9990686"/>
  <node id="8848886614" version="1" timestamp="2021-06-19T16:53:58Z" uid="12955846" user="JakeEdwardsville" changeset="106639623" lat="38.7960938" lon="-89.9990858"/>
  <node id="8848886615" version="1" timestamp="2021-06-19T16:53:58Z" uid="12955846" user="JakeEdwardsville" changeset="106639623" lat="38.7960989" lon="-89.9990953"/>
  <node id="8848886616" version="1" timestamp="2021-06-19T16:53:58Z" uid="12955846" user="JakeEdwardsville" changeset="106639623" lat="38.7960882" lon="-89.9990772"/>
  <node id="8848886617" version="1" timestamp="2021-06-19T16:53:58Z" uid="12955846" user="JakeEdwardsville" changeset="106639623" lat="38.7960701" lon="-89.9990527"/>
  <node id="8848886618" version="1" timestamp="2021-06-19T16:53:58Z" uid="12955846" user="JakeEdwardsville" changeset="106639623" lat="38.7960633" lon="-89.9990453"/>
  <node id="8848886619" version="1" timestamp="2021-06-19T16:53:58Z" uid="12955846" user="JakeEdwardsville" changeset="106639623" lat="38.7960768" lon="-89.9990606"/>
  <node id="8848886620" version="1" timestamp="2021-06-19T16:53:58Z" uid="12955846" user="JakeEdwardsville" changeset="106639623" lat="38.796034" lon="-89.9990221"/>
  <node id="8848886621" version="1" timestamp="2021-06-19T16:53:58Z" uid="12955846" user="JakeEdwardsville" changeset="106639623" lat="38.7960453" lon="-89.9990301"/>
  <node id="8848886622" version="1" timestamp="2021-06-19T16:53:58Z" uid="12955846" user="JakeEdwardsville" changeset="106639623" lat="38.7960222" lon="-89.9990156"/>
  <node id="8848886623" version="1" timestamp="2021-06-19T16:53:58Z" uid="12955846" user="JakeEdwardsville" changeset="106639623" lat="38.7959856" lon="-89.9990041"/>
  <node id="8848886624" version="1" timestamp="2021-06-19T16:53:58Z" uid="12955846" user="JakeEdwardsville" changeset="106639623" lat="38.7959964" lon="-89.9990068"/>
  <node id="8848886625" version="1" timestamp="2021-06-19T16:53:58Z" uid="12955846" user="JakeEdwardsville" changeset="106639623" lat="38.7959757" lon="-89.9990027"/>
  <node id="8848886626" version="1" timestamp="2021-06-19T16:53:58Z" uid="12955846" user="JakeEdwardsville" changeset="106639623" lat="38.7958994" lon="-89.9994098"/>
  <node id="8848886627" version="1" timestamp="2021-06-19T16:53:58Z" uid="12955846" user="JakeEdwardsville" changeset="106639623" lat="38.7958844" lon="-89.9993869"/>
  <node id="8848886628" version="1" timestamp="2021-06-19T16:53:58Z" uid="12955846" user="JakeEdwardsville" changeset="106639623" lat="38.7958883" lon="-89.9994014"/>
  <node id="8848886629" version="1" timestamp="2021-06-19T16:53:58Z" uid="12955846" user="JakeEdwardsville" changeset="106639623" lat="38.795894" lon="-89.9994085"/>
  <node id="8848886630" version="1" timestamp="2021-06-19T16:53:58Z" uid="12955846" user="JakeEdwardsville" changeset="106639623" lat="38.7958905" lon="-89.999405"/>
  <node id="8848886631" version="1" timestamp="2021-06-19T16:53:58Z" uid="12955846" user="JakeEdwardsville" changeset="106639623" lat="38.7958854" lon="-89.9993949"/>
  <node id="8848886632" version="1" timestamp="2021-06-19T16:53:58Z" uid="12955846" user="JakeEdwardsville" changeset="106639623" lat="38.7958845" lon="-89.9993911"/>
  <node id="8848886633" version="1" timestamp="2021-06-19T16:53:58Z" uid="12955846" user="JakeEdwardsville" changeset="106639623" lat="38.7958889" lon="-89.9993714"/>
  <node id="8848886634" version="1" timestamp="2021-06-19T16:53:58Z" uid="12955846" user="JakeEdwardsville" changeset="106639623" lat="38.7958948" lon="-89.9993651"/>
  <node id="8848886635" version="1" timestamp="2021-06-19T16:53:58Z" uid="12955846" user="JakeEdwardsville" changeset="106639623" lat="38.7958987" lon="-89.9993634"/>
  <node id="8848886636" version="1" timestamp="2021-06-19T16:53:58Z" uid="12955846" user="JakeEdwardsville" changeset="106639623" lat="38.7958916" lon="-89.9993678"/>
  <node id="8848886637" version="1" timestamp="2021-06-19T16:53:58Z" uid="12955846" user="JakeEdwardsville" changeset="106639623" lat="38.7958854" lon="-89.9993779"/>
  <node id="8848886638" version="1" timestamp="2021-06-19T16:53:58Z" uid="12955846" user="JakeEdwardsville" changeset="106639623" lat="38.7958845" lon="-89.9993824"/>
  <node id="8848886639" version="1" timestamp="2021-06-19T16:53:58Z" uid="12955846" user="JakeEdwardsville" changeset="106639623" lat="38.7958869" lon="-89.9993745"/>
  <node id="8848886640" version="1" timestamp="2021-06-19T16:53:58Z" uid="12955846" user="JakeEdwardsville" changeset="106639623" lat="38.7958968" lon="-89.9994097"/>
  <node id="8848886641" version="1" timestamp="2021-06-19T16:53:58Z" uid="12955846" user="JakeEdwardsville" changeset="106639623" lat="38.7958922" lon="-89.999407"/>
  <node id="8848886642" version="1" timestamp="2021-06-19T16:53:58Z" uid="12955846" user="JakeEdwardsville" changeset="106639623" lat="38.7958867" lon="-89.9993983"/>
  <node id="8848886643" version="1" timestamp="2021-06-19T16:53:58Z" uid="12955846" user="JakeEdwardsville" changeset="106639623" lat="38.7962016" lon="-89.9961742"/>
  <node id="8848886644" version="1" timestamp="2021-06-19T16:53:58Z" uid="12955846" user="JakeEdwardsville" changeset="106639623" lat="38.7961924" lon="-89.9961746"/>
  <node id="8848886645" version="1" timestamp="2021-06-19T16:53:58Z" uid="12955846" user="JakeEdwardsville" changeset="106639623" lat="38.7955149" lon="-89.9961358"/>
  <node id="8848886646" version="1" timestamp="2021-06-19T16:53:58Z" uid="12955846" user="JakeEdwardsville" changeset="106639623" lat="38.7954684" lon="-89.9961342"/>
  <node id="8848886647" version="1" timestamp="2021-06-19T16:53:58Z" uid="12955846" user="JakeEdwardsville" changeset="106639623" lat="38.795468" lon="-89.9961217"/>
  <node id="8848886648" version="1" timestamp="2021-06-19T16:53:58Z" uid="12955846" user="JakeEdwardsville" changeset="106639623" lat="38.795515" lon="-89.9961232"/>
  <node id="8848886649" version="1" timestamp="2021-06-19T16:53:58Z" uid="12955846" user="JakeEdwardsville" changeset="106639623" lat="38.7953459" lon="-89.9961318"/>
  <node id="8848886650" version="1" timestamp="2021-06-19T16:53:58Z" uid="12955846" user="JakeEdwardsville" changeset="106639623" lat="38.7953458" lon="-89.9961237"/>
  <node id="8848886651" version="1" timestamp="2021-06-19T16:53:58Z" uid="12955846" user="JakeEdwardsville" changeset="106639623" lat="38.7952989" lon="-89.9961238"/>
  <node id="8848886652" version="1" timestamp="2021-06-19T16:53:58Z" uid="12955846" user="JakeEdwardsville" changeset="106639623" lat="38.7952991" lon="-89.9961345"/>
  <node id="8848886653" version="1" timestamp="2021-06-19T16:53:58Z" uid="12955846" user="JakeEdwardsville" changeset="106639623" lat="38.7947369" lon="-89.9958819"/>
  <node id="8848886654" version="1" timestamp="2021-06-19T16:53:58Z" uid="12955846" user="JakeEdwardsville" changeset="106639623" lat="38.7946113" lon="-89.9961733"/>
  <node id="8848886655" version="1" timestamp="2021-06-19T16:53:58Z" uid="12955846" user="JakeEdwardsville" changeset="106639623" lat="38.7946043" lon="-89.9961626"/>
  <node id="8881535929" version="1" timestamp="2021-07-01T02:12:51Z" uid="12955846" user="JakeEdwardsville" changeset="107233872" lat="38.7902218" lon="-89.991983"/>
  <node id="8881535930" version="1" timestamp="2021-07-01T02:12:51Z" uid="12955846" user="JakeEdwardsville" changeset="107233872" lat="38.7902848" lon="-89.9919319"/>
  <node id="8881535931" version="1" timestamp="2021-07-01T02:12:51Z" uid="12955846" user="JakeEdwardsville" changeset="107233872" lat="38.7902812" lon="-89.9919232"/>
  <node id="8881535932" version="1" timestamp="2021-07-01T02:12:51Z" uid="12955846" user="JakeEdwardsville" changeset="107233872" lat="38.7902181" lon="-89.9919773"/>
  <node id="8881535933" version="1" timestamp="2021-07-01T02:12:51Z" uid="12955846" user="JakeEdwardsville" changeset="107233872" lat="38.7903576" lon="-89.9912765"/>
  <node id="8881535934" version="1" timestamp="2021-07-01T02:12:51Z" uid="12955846" user="JakeEdwardsville" changeset="107233872" lat="38.7903654" lon="-89.9912685"/>
  <node id="8881535935" version="1" timestamp="2021-07-01T02:12:51Z" uid="12955846" user="JakeEdwardsville" changeset="107233872" lat="38.7905428" lon="-89.9916294"/>
  <node id="8881535936" version="1" timestamp="2021-07-01T02:12:51Z" uid="12955846" user="JakeEdwardsville" changeset="107233872" lat="38.7903835" lon="-89.9917542"/>
  <node id="8881535937" version="1" timestamp="2021-07-01T02:12:51Z" uid="12955846" user="JakeEdwardsville" changeset="107233872" lat="38.7904123" lon="-89.9918161"/>
  <node id="8881535938" version="1" timestamp="2021-07-01T02:12:51Z" uid="12955846" user="JakeEdwardsville" changeset="107233872" lat="38.7902251" lon="-89.9914544"/>
  <node id="8881535939" version="1" timestamp="2021-07-01T02:12:51Z" uid="12955846" user="JakeEdwardsville" changeset="107233872" lat="38.7902286" lon="-89.9915025"/>
  <node id="8881535940" version="1" timestamp="2021-07-01T02:12:51Z" uid="12955846" user="JakeEdwardsville" changeset="107233872" lat="38.7902527" lon="-89.9915626"/>
  <node id="8881535941" version="1" timestamp="2021-07-01T02:12:51Z" uid="12955846" user="JakeEdwardsville" changeset="107233872" lat="38.7902637" lon="-89.991585"/>
  <node id="8881535942" version="1" timestamp="2021-07-01T02:12:51Z" uid="12955846" user="JakeEdwardsville" changeset="107233872" lat="38.7902417" lon="-89.9916022"/>
  <node id="8881535943" version="1" timestamp="2021-07-01T02:12:51Z" uid="12955846" user="JakeEdwardsville" changeset="107233872" lat="38.790196" lon="-89.9916397"/>
  <node id="8881535944" version="1" timestamp="2021-07-01T02:12:51Z" uid="12955846" user="JakeEdwardsville" changeset="107233872" lat="38.790116" lon="-89.9916731"/>
  <node id="8881535945" version="1" timestamp="2021-07-01T02:12:51Z" uid="12955846" user="JakeEdwardsville" changeset="107233872" lat="38.7901021" lon="-89.991681"/>
  <node id="8881535946" version="1" timestamp="2021-07-01T02:12:51Z" uid="12955846" user="JakeEdwardsville" changeset="107233872" lat="38.7899576" lon="-89.9918427"/>
  <node id="8881535947" version="1" timestamp="2021-07-01T02:12:51Z" uid="12955846" user="JakeEdwardsville" changeset="107233872" lat="38.78995" lon="-89.991848"/>
  <node id="8881535948" version="1" timestamp="2021-07-01T02:12:51Z" uid="12955846" user="JakeEdwardsville" changeset="107233872" lat="38.7902247" lon="-89.9915051"/>
  <node id="8881535949" version="1" timestamp="2021-07-01T02:12:51Z" uid="12955846" user="JakeEdwardsville" changeset="107233872" lat="38.7902073" lon="-89.9914691"/>
  <node id="8881535950" version="1" timestamp="2021-07-01T02:12:51Z" uid="12955846" user="JakeEdwardsville" changeset="107233872" lat="38.7906429" lon="-89.9910983"/>
  <node id="8881535951" version="1" timestamp="2021-07-01T02:12:51Z" uid="12955846" user="JakeEdwardsville" changeset="107233872" lat="38.7906333" lon="-89.9911107"/>
  <node id="8881535952" version="1" timestamp="2021-07-01T02:12:51Z" uid="12955846" user="JakeEdwardsville" changeset="107233872" lat="38.7906248" lon="-89.9910999"/>
  <node id="8881535953" version="1" timestamp="2021-07-01T02:12:51Z" uid="12955846" user="JakeEdwardsville" changeset="107233872" lat="38.7909526" lon="-89.9910526"/>
  <node id="8881535954" version="1" timestamp="2021-07-01T02:12:51Z" uid="12955846" user="JakeEdwardsville" changeset="107233872" lat="38.7907633" lon="-89.9912783"/>
  <node id="8881535955" version="1" timestamp="2021-07-01T02:12:51Z" uid="12955846" user="JakeEdwardsville" changeset="107233872" lat="38.7907532" lon="-89.9912624"/>
  <node id="8942987209" version="1" timestamp="2021-07-23T02:33:40Z" uid="12955846" user="JakeEdwardsville" changeset="108456043" lat="38.7941402" lon="-89.9980427"/>
  <node id="8942987210" version="1" timestamp="2021-07-23T02:33:40Z" uid="12955846" user="JakeEdwardsville" changeset="108456043" lat="38.7941541" lon="-89.9979396"/>
  <node id="8942987211" version="1" timestamp="2021-07-23T02:33:40Z" uid="12955846" user="JakeEdwardsville" changeset="108456043" lat="38.794153" lon="-89.9980341"/>
  <node id="8942987213" version="2" timestamp="2021-08-07T19:14:02Z" uid="12955846" user="JakeEdwardsville" changeset="109322874" lat="38.7944404" lon="-89.9980345">
    <tag k="crossing" v="unmarked"/>
    <tag k="highway" v="crossing"/>
  </node>
  <node id="8942987214" version="2" timestamp="2021-08-07T19:14:02Z" uid="12955846" user="JakeEdwardsville" changeset="109322874" lat="38.7946394" lon="-89.9980324">
    <tag k="crossing" v="marked"/>
    <tag k="highway" v="crossing"/>
  </node>
  <node id="8942987215" version="2" timestamp="2021-07-23T02:56:53Z" uid="12955846" user="JakeEdwardsville" changeset="108456453" lat="38.7941452" lon="-89.9972626"/>
  <node id="8942987216" version="2" timestamp="2023-09-20T20:55:14Z" uid="19598846" user="wesleyote" changeset="141531316" lat="38.7941394" lon="-89.9974972">
    <tag k="noexit" v="yes"/>
  </node>
  <node id="8943000517" version="1" timestamp="2021-07-23T02:33:40Z" uid="12955846" user="JakeEdwardsville" changeset="108456043" lat="38.7939718" lon="-89.9971353"/>
  <node id="8943000518" version="2" timestamp="2021-07-23T02:56:53Z" uid="12955846" user="JakeEdwardsville" changeset="108456453" lat="38.7939484" lon="-89.9972038"/>
  <node id="8943000519" version="1" timestamp="2021-07-23T02:33:40Z" uid="12955846" user="JakeEdwardsville" changeset="108456043" lat="38.7939218" lon="-89.9972771"/>
  <node id="8943000520" version="1" timestamp="2021-07-23T02:33:40Z" uid="12955846" user="JakeEdwardsville" changeset="108456043" lat="38.7938887" lon="-89.9973188"/>
  <node id="8943000521" version="1" timestamp="2021-07-23T02:33:40Z" uid="12955846" user="JakeEdwardsville" changeset="108456043" lat="38.7938532" lon="-89.9973385"/>
  <node id="8943000522" version="1" timestamp="2021-07-23T02:33:40Z" uid="12955846" user="JakeEdwardsville" changeset="108456043" lat="38.7938147" lon="-89.9973454"/>
  <node id="8943000523" version="1" timestamp="2021-07-23T02:33:40Z" uid="12955846" user="JakeEdwardsville" changeset="108456043" lat="38.7937852" lon="-89.9973423"/>
  <node id="8943000524" version="1" timestamp="2021-07-23T02:33:40Z" uid="12955846" user="JakeEdwardsville" changeset="108456043" lat="38.793755" lon="-89.997331"/>
  <node id="8943000525" version="1" timestamp="2021-07-23T02:33:40Z" uid="12955846" user="JakeEdwardsville" changeset="108456043" lat="38.7937219" lon="-89.9973105"/>
  <node id="8943000526" version="1" timestamp="2021-07-23T02:33:40Z" uid="12955846" user="JakeEdwardsville" changeset="108456043" lat="38.7936971" lon="-89.9972786"/>
  <node id="8943000527" version="1" timestamp="2021-07-23T02:33:40Z" uid="12955846" user="JakeEdwardsville" changeset="108456043" lat="38.7936811" lon="-89.997246"/>
  <node id="8943000528" version="1" timestamp="2021-07-23T02:33:40Z" uid="12955846" user="JakeEdwardsville" changeset="108456043" lat="38.7936633" lon="-89.9971918"/>
  <node id="8943000529" version="2" timestamp="2023-09-20T20:43:51Z" uid="19598846" user="wesleyote" changeset="141531316" lat="38.793904" lon="-89.9973886">
    <tag k="noexit" v="yes"/>
  </node>
  <node id="8943000530" version="1" timestamp="2021-07-23T02:33:40Z" uid="12955846" user="JakeEdwardsville" changeset="108456043" lat="38.7937317" lon="-89.9971496"/>
  <node id="8943000531" version="1" timestamp="2021-07-23T02:33:40Z" uid="12955846" user="JakeEdwardsville" changeset="108456043" lat="38.7938936" lon="-89.9971206"/>
  <node id="8943000532" version="2" timestamp="2023-09-20T20:42:39Z" uid="19598846" user="wesleyote" changeset="141531316" lat="38.7938266" lon="-89.9968051">
    <tag k="entrance" v="main"/>
  </node>
  <node id="8943000533" version="1" timestamp="2021-07-23T02:33:40Z" uid="12955846" user="JakeEdwardsville" changeset="108456043" lat="38.7938289" lon="-89.9971221"/>
  <node id="8943000534" version="2" timestamp="2021-07-23T02:56:53Z" uid="12955846" user="JakeEdwardsville" changeset="108456453" lat="38.7943235" lon="-89.9962931"/>
  <node id="8943000535" version="1" timestamp="2021-07-23T02:33:40Z" uid="12955846" user="JakeEdwardsville" changeset="108456043" lat="38.7942753" lon="-89.9971063"/>
  <node id="8943000537" version="1" timestamp="2021-07-23T02:33:40Z" uid="12955846" user="JakeEdwardsville" changeset="108456043" lat="38.7944092" lon="-89.9971079"/>
  <node id="8943000538" version="1" timestamp="2021-07-23T02:33:40Z" uid="12955846" user="JakeEdwardsville" changeset="108456043" lat="38.7947953" lon="-89.9971477"/>
  <node id="8943000539" version="1" timestamp="2021-07-23T02:33:40Z" uid="12955846" user="JakeEdwardsville" changeset="108456043" lat="38.7945373" lon="-89.9972732"/>
  <node id="8943000540" version="1" timestamp="2021-07-23T02:33:40Z" uid="12955846" user="JakeEdwardsville" changeset="108456043" lat="38.7945125" lon="-89.9972129"/>
  <node id="8943000541" version="1" timestamp="2021-07-23T02:33:40Z" uid="12955846" user="JakeEdwardsville" changeset="108456043" lat="38.7946338" lon="-89.9974639"/>
  <node id="8943000542" version="1" timestamp="2021-07-23T02:33:40Z" uid="12955846" user="JakeEdwardsville" changeset="108456043" lat="38.7946498" lon="-89.9974093"/>
  <node id="8943000543" version="1" timestamp="2021-07-23T02:33:40Z" uid="12955846" user="JakeEdwardsville" changeset="108456043" lat="38.7946841" lon="-89.9973357"/>
  <node id="8943000544" version="1" timestamp="2021-07-23T02:33:40Z" uid="12955846" user="JakeEdwardsville" changeset="108456043" lat="38.7947355" lon="-89.9972447"/>
  <node id="8943000545" version="1" timestamp="2021-07-23T02:33:40Z" uid="12955846" user="JakeEdwardsville" changeset="108456043" lat="38.7947787" lon="-89.9971726"/>
  <node id="8943000546" version="2" timestamp="2021-08-10T19:41:43Z" uid="12955846" user="JakeEdwardsville" changeset="109481746" lat="38.7948409" lon="-89.9970909"/>
  <node id="8943000547" version="2" timestamp="2021-08-10T19:41:43Z" uid="12955846" user="JakeEdwardsville" changeset="109481746" lat="38.7949119" lon="-89.9969915"/>
  <node id="8943000549" version="1" timestamp="2021-07-23T02:33:40Z" uid="12955846" user="JakeEdwardsville" changeset="108456043" lat="38.793357" lon="-89.9972436"/>
  <node id="8943000550" version="2" timestamp="2022-04-15T15:59:27Z" uid="12955846" user="JakeEdwardsville" changeset="119756834" lat="38.7948204" lon="-89.9984373"/>
  <node id="8943000551" version="2" timestamp="2022-04-15T15:59:27Z" uid="12955846" user="JakeEdwardsville" changeset="119756834" lat="38.795102" lon="-89.9984359"/>
  <node id="8943000552" version="2" timestamp="2022-04-15T15:59:27Z" uid="12955846" user="JakeEdwardsville" changeset="119756834" lat="38.795233" lon="-89.9984357"/>
  <node id="8943000553" version="2" timestamp="2021-08-10T19:41:43Z" uid="12955846" user="JakeEdwardsville" changeset="109481746" lat="38.7953846" lon="-89.9984369"/>
  <node id="8943000554" version="2" timestamp="2021-08-10T19:41:43Z" uid="12955846" user="JakeEdwardsville" changeset="109481746" lat="38.7955819" lon="-89.9984478"/>
  <node id="8943000555" version="2" timestamp="2021-08-10T19:41:43Z" uid="12955846" user="JakeEdwardsville" changeset="109481746" lat="38.7956236" lon="-89.9984517"/>
  <node id="8943000556" version="2" timestamp="2021-08-10T19:41:43Z" uid="12955846" user="JakeEdwardsville" changeset="109481746" lat="38.7956648" lon="-89.9984664"/>
  <node id="8943000557" version="1" timestamp="2021-07-23T02:33:40Z" uid="12955846" user="JakeEdwardsville" changeset="108456043" lat="38.7957122" lon="-89.9985057"/>
  <node id="8943000558" version="1" timestamp="2021-07-23T02:33:40Z" uid="12955846" user="JakeEdwardsville" changeset="108456043" lat="38.7957811" lon="-89.9985977"/>
  <node id="8943000559" version="1" timestamp="2021-07-23T02:33:40Z" uid="12955846" user="JakeEdwardsville" changeset="108456043" lat="38.7958149" lon="-89.9986356"/>
  <node id="8943000560" version="2" timestamp="2022-04-15T15:59:27Z" uid="12955846" user="JakeEdwardsville" changeset="119756834" lat="38.7947453" lon="-89.998436">
    <tag k="highway" v="crossing"/>
  </node>
  <node id="8943000561" version="3" timestamp="2024-02-15T04:54:09Z" uid="12955846" user="JakeEdwardsville" changeset="147474261" lat="38.795164" lon="-89.9984366">
    <tag k="highway" v="crossing"/>
  </node>
  <node id="8943000562" version="1" timestamp="2021-07-23T02:33:40Z" uid="12955846" user="JakeEdwardsville" changeset="108456043" lat="38.7941607" lon="-89.9985879"/>
  <node id="8943000563" version="2" timestamp="2023-07-22T22:53:20Z" uid="12955846" user="JakeEdwardsville" changeset="138873773" lat="38.7941122" lon="-89.9985437"/>
  <node id="8943000564" version="1" timestamp="2021-07-23T02:33:40Z" uid="12955846" user="JakeEdwardsville" changeset="108456043" lat="38.7940953" lon="-89.9983442"/>
  <node id="8943000565" version="2" timestamp="2023-07-22T22:53:20Z" uid="12955846" user="JakeEdwardsville" changeset="138873773" lat="38.7941115" lon="-89.9984845"/>
  <node id="8943000566" version="1" timestamp="2021-07-23T02:33:40Z" uid="12955846" user="JakeEdwardsville" changeset="108456043" lat="38.7943099" lon="-89.9985879"/>
  <node id="8943000567" version="2" timestamp="2023-07-22T22:53:20Z" uid="12955846" user="JakeEdwardsville" changeset="138873773" lat="38.7943588" lon="-89.9985457"/>
  <node id="8943000568" version="1" timestamp="2021-07-23T02:33:40Z" uid="12955846" user="JakeEdwardsville" changeset="108456043" lat="38.7943588" lon="-89.99848"/>
  <node id="8943000569" version="2" timestamp="2021-08-10T19:41:43Z" uid="12955846" user="JakeEdwardsville" changeset="109481746" lat="38.7950178" lon="-89.9968628"/>
  <node id="8943000570" version="2" timestamp="2021-08-10T19:41:43Z" uid="12955846" user="JakeEdwardsville" changeset="109481746" lat="38.7951402" lon="-89.9967139"/>
  <node id="8943000571" version="2" timestamp="2021-08-10T19:41:43Z" uid="12955846" user="JakeEdwardsville" changeset="109481746" lat="38.7949546" lon="-89.9969392"/>
  <node id="8943000625" version="1" timestamp="2021-07-23T02:33:40Z" uid="12955846" user="JakeEdwardsville" changeset="108456043" lat="38.793123" lon="-89.9969493"/>
  <node id="8943000626" version="1" timestamp="2021-07-23T02:33:40Z" uid="12955846" user="JakeEdwardsville" changeset="108456043" lat="38.7930969" lon="-89.9969475"/>
  <node id="8943000627" version="1" timestamp="2021-07-23T02:33:40Z" uid="12955846" user="JakeEdwardsville" changeset="108456043" lat="38.7931479" lon="-89.9969403"/>
  <node id="8943000628" version="1" timestamp="2021-07-23T02:33:40Z" uid="12955846" user="JakeEdwardsville" changeset="108456043" lat="38.7930407" lon="-89.9966349"/>
  <node id="8943019827" version="1" timestamp="2021-07-23T02:56:53Z" uid="12955846" user="JakeEdwardsville" changeset="108456453" lat="38.793935" lon="-89.9968722"/>
  <node id="8943019858" version="1" timestamp="2021-07-23T02:56:53Z" uid="12955846" user="JakeEdwardsville" changeset="108456453" lat="38.7939859" lon="-89.9973725"/>
  <node id="8943019928" version="1" timestamp="2021-07-23T02:56:53Z" uid="12955846" user="JakeEdwardsville" changeset="108456453" lat="38.7937158" lon="-89.9963827"/>
  <node id="8943019961" version="1" timestamp="2021-07-23T02:56:53Z" uid="12955846" user="JakeEdwardsville" changeset="108456453" lat="38.7937172" lon="-89.9968704"/>
  <node id="8943019995" version="1" timestamp="2021-07-23T02:56:53Z" uid="12955846" user="JakeEdwardsville" changeset="108456453" lat="38.7934628" lon="-89.9968695"/>
  <node id="8944405382" version="1" timestamp="2021-07-23T15:02:18Z" uid="12955846" user="JakeEdwardsville" changeset="108500295" lat="38.7940685" lon="-89.99743"/>
  <node id="8944435288" version="1" timestamp="2021-07-23T15:02:18Z" uid="12955846" user="JakeEdwardsville" changeset="108500295" lat="38.7942294" lon="-89.9983069"/>
  <node id="8944435437" version="1" timestamp="2021-07-23T15:02:18Z" uid="12955846" user="JakeEdwardsville" changeset="108500295" lat="38.7937959" lon="-89.9973884"/>
  <node id="8944435438" version="1" timestamp="2021-07-23T15:02:18Z" uid="12955846" user="JakeEdwardsville" changeset="108500295" lat="38.7936924" lon="-89.9975183"/>
  <node id="8944435440" version="1" timestamp="2021-07-23T15:02:18Z" uid="12955846" user="JakeEdwardsville" changeset="108500295" lat="38.7936801" lon="-89.9976236"/>
  <node id="8944435441" version="1" timestamp="2021-07-23T15:02:18Z" uid="12955846" user="JakeEdwardsville" changeset="108500295" lat="38.7936492" lon="-89.9976237"/>
  <node id="8944435446" version="1" timestamp="2021-07-23T15:02:18Z" uid="12955846" user="JakeEdwardsville" changeset="108500295" lat="38.7936182" lon="-89.9976239"/>
  <node id="8944435449" version="1" timestamp="2021-07-23T15:02:18Z" uid="12955846" user="JakeEdwardsville" changeset="108500295" lat="38.7935877" lon="-89.997624"/>
  <node id="8944436907" version="1" timestamp="2021-07-23T15:17:05Z" uid="12955846" user="JakeEdwardsville" changeset="108500922" lat="38.7967451" lon="-90.0017673"/>
  <node id="8944436908" version="1" timestamp="2021-07-23T15:17:05Z" uid="12955846" user="JakeEdwardsville" changeset="108500922" lat="38.7968417" lon="-90.0018212"/>
  <node id="8944436909" version="1" timestamp="2021-07-23T15:17:05Z" uid="12955846" user="JakeEdwardsville" changeset="108500922" lat="38.796458" lon="-90.0016342"/>
  <node id="8944436910" version="1" timestamp="2021-07-23T15:17:05Z" uid="12955846" user="JakeEdwardsville" changeset="108500922" lat="38.7966033" lon="-90.0016985"/>
  <node id="8944461220" version="1" timestamp="2021-07-23T15:17:05Z" uid="12955846" user="JakeEdwardsville" changeset="108500922" lat="38.7960563" lon="-90.0014685"/>
  <node id="8944461251" version="1" timestamp="2021-07-23T15:17:05Z" uid="12955846" user="JakeEdwardsville" changeset="108500922" lat="38.794407" lon="-89.9986326"/>
  <node id="8944461258" version="1" timestamp="2021-07-23T15:17:05Z" uid="12955846" user="JakeEdwardsville" changeset="108500922" lat="38.7968949" lon="-89.9964351"/>
  <node id="8944461259" version="1" timestamp="2021-07-23T15:17:05Z" uid="12955846" user="JakeEdwardsville" changeset="108500922" lat="38.7968476" lon="-89.996433"/>
  <node id="8944461260" version="1" timestamp="2021-07-23T15:17:05Z" uid="12955846" user="JakeEdwardsville" changeset="108500922" lat="38.7967672" lon="-89.9964877"/>
  <node id="8944478957" version="1" timestamp="2021-07-23T15:26:27Z" uid="12955846" user="JakeEdwardsville" changeset="108501323" lat="38.7928513" lon="-89.9958985"/>
  <node id="8944478958" version="1" timestamp="2021-07-23T15:26:27Z" uid="12955846" user="JakeEdwardsville" changeset="108501323" lat="38.7927955" lon="-89.9953123"/>
  <node id="8945186716" version="1" timestamp="2021-07-23T21:38:03Z" uid="12955846" user="JakeEdwardsville" changeset="108514065" lat="38.7939708" lon="-89.9981725"/>
  <node id="8945186717" version="1" timestamp="2021-07-23T21:38:03Z" uid="12955846" user="JakeEdwardsville" changeset="108514065" lat="38.793611" lon="-89.9979402"/>
  <node id="8945186719" version="1" timestamp="2021-07-23T21:38:03Z" uid="12955846" user="JakeEdwardsville" changeset="108514065" lat="38.7935977" lon="-89.9979059"/>
  <node id="8945186720" version="1" timestamp="2021-07-23T21:38:03Z" uid="12955846" user="JakeEdwardsville" changeset="108514065" lat="38.7935826" lon="-89.9979057"/>
  <node id="8945186723" version="1" timestamp="2021-07-23T21:38:03Z" uid="12955846" user="JakeEdwardsville" changeset="108514065" lat="38.795379" lon="-89.9961324"/>
  <node id="8945186813" version="1" timestamp="2021-07-23T21:38:03Z" uid="12955846" user="JakeEdwardsville" changeset="108514065" lat="38.7961927" lon="-89.9961057"/>
  <node id="8945186814" version="1" timestamp="2021-07-23T21:38:03Z" uid="12955846" user="JakeEdwardsville" changeset="108514065" lat="38.7960844" lon="-89.9960092"/>
  <node id="8945186817" version="1" timestamp="2021-07-23T21:38:03Z" uid="12955846" user="JakeEdwardsville" changeset="108514065" lat="38.7960217" lon="-89.9960102"/>
  <node id="8945186818" version="1" timestamp="2021-07-23T21:38:03Z" uid="12955846" user="JakeEdwardsville" changeset="108514065" lat="38.7957004" lon="-89.9960088"/>
  <node id="8945186821" version="1" timestamp="2021-07-23T21:38:03Z" uid="12955846" user="JakeEdwardsville" changeset="108514065" lat="38.7956371" lon="-89.9960104"/>
  <node id="8946928877" version="1" timestamp="2021-07-24T17:47:27Z" uid="12955846" user="JakeEdwardsville" changeset="108541089" lat="38.7940981" lon="-89.9986008"/>
  <node id="8946928878" version="1" timestamp="2021-07-24T17:47:27Z" uid="12955846" user="JakeEdwardsville" changeset="108541089" lat="38.7940649" lon="-89.9990645"/>
  <node id="8946944357" version="1" timestamp="2021-07-24T17:47:27Z" uid="12955846" user="JakeEdwardsville" changeset="108541089" lat="38.7938481" lon="-89.9981906"/>
  <node id="8946944406" version="1" timestamp="2021-07-24T17:47:27Z" uid="12955846" user="JakeEdwardsville" changeset="108541089" lat="38.7943018" lon="-89.9985144"/>
  <node id="8946944407" version="1" timestamp="2021-07-24T17:47:27Z" uid="12955846" user="JakeEdwardsville" changeset="108541089" lat="38.7941616" lon="-89.9985143"/>
  <node id="8952052379" version="1" timestamp="2021-07-26T18:20:28Z" uid="12955846" user="JakeEdwardsville" changeset="108640828" lat="38.7974488" lon="-89.9995059"/>
  <node id="8952052380" version="1" timestamp="2021-07-26T18:20:28Z" uid="12955846" user="JakeEdwardsville" changeset="108640828" lat="38.7973337" lon="-89.9994111"/>
  <node id="8952052411" version="1" timestamp="2021-07-26T18:20:28Z" uid="12955846" user="JakeEdwardsville" changeset="108640828" lat="38.7938812" lon="-89.9996496"/>
  <node id="8952052413" version="1" timestamp="2021-07-26T18:20:28Z" uid="12955846" user="JakeEdwardsville" changeset="108640828" lat="38.7939813" lon="-89.9996897"/>
  <node id="8952052414" version="1" timestamp="2021-07-26T18:20:28Z" uid="12955846" user="JakeEdwardsville" changeset="108640828" lat="38.7939814" lon="-89.9997374"/>
  <node id="8952052416" version="1" timestamp="2021-07-26T18:20:28Z" uid="12955846" user="JakeEdwardsville" changeset="108640828" lat="38.7938316" lon="-89.9994786"/>
  <node id="8952058930" version="1" timestamp="2021-07-26T18:20:28Z" uid="12955846" user="JakeEdwardsville" changeset="108640828" lat="38.7938841" lon="-89.9993204"/>
  <node id="8952058949" version="1" timestamp="2021-07-26T18:20:28Z" uid="12955846" user="JakeEdwardsville" changeset="108640828" lat="38.7939222" lon="-89.996454"/>
  <node id="8952059128" version="1" timestamp="2021-07-26T18:20:28Z" uid="12955846" user="JakeEdwardsville" changeset="108640828" lat="38.7967613" lon="-89.9994854"/>
  <node id="8952059264" version="1" timestamp="2021-07-26T18:20:28Z" uid="12955846" user="JakeEdwardsville" changeset="108640828" lat="38.7954248" lon="-90.000815"/>
  <node id="8952059265" version="1" timestamp="2021-07-26T18:20:28Z" uid="12955846" user="JakeEdwardsville" changeset="108640828" lat="38.7954076" lon="-90.0007825"/>
  <node id="8952059267" version="1" timestamp="2021-07-26T18:20:28Z" uid="12955846" user="JakeEdwardsville" changeset="108640828" lat="38.7954576" lon="-90.0008161"/>
  <node id="8952059268" version="1" timestamp="2021-07-26T18:20:28Z" uid="12955846" user="JakeEdwardsville" changeset="108640828" lat="38.7954268" lon="-90.0011938"/>
  <node id="8952059269" version="1" timestamp="2021-07-26T18:20:28Z" uid="12955846" user="JakeEdwardsville" changeset="108640828" lat="38.7954267" lon="-90.0011646"/>
  <node id="8976086617" version="1" timestamp="2021-08-03T05:11:12Z" uid="12955846" user="JakeEdwardsville" changeset="109062874" lat="38.7917477" lon="-90.0016198"/>
  <node id="8976086633" version="1" timestamp="2021-08-03T05:11:12Z" uid="12955846" user="JakeEdwardsville" changeset="109062874" lat="38.7917472" lon="-90.0012987"/>
  <node id="8976086663" version="1" timestamp="2021-08-03T05:11:12Z" uid="12955846" user="JakeEdwardsville" changeset="109062874" lat="38.79211" lon="-90.00195"/>
  <node id="8976086684" version="1" timestamp="2021-08-03T05:11:12Z" uid="12955846" user="JakeEdwardsville" changeset="109062874" lat="38.7919445" lon="-90.0017095"/>
  <node id="8976086780" version="1" timestamp="2021-08-03T05:11:12Z" uid="12955846" user="JakeEdwardsville" changeset="109062874" lat="38.792832" lon="-89.9991064"/>
  <node id="8976131800" version="2" timestamp="2022-10-31T19:45:58Z" uid="17481238" user="TetragnathaPlanata" changeset="128314551" lat="38.7935835" lon="-89.9977819">
    <tag k="entrance" v="main"/>
  </node>
  <node id="8976131801" version="1" timestamp="2021-08-03T05:37:02Z" uid="12955846" user="JakeEdwardsville" changeset="109064617" lat="38.793406" lon="-89.9977726"/>
  <node id="8976131802" version="1" timestamp="2021-08-03T05:37:02Z" uid="12955846" user="JakeEdwardsville" changeset="109064617" lat="38.7920869" lon="-90.0020559"/>
  <node id="8976131803" version="1" timestamp="2021-08-03T05:37:02Z" uid="12955846" user="JakeEdwardsville" changeset="109064617" lat="38.7916572" lon="-90.0025581"/>
  <node id="8976131804" version="1" timestamp="2021-08-03T05:37:02Z" uid="12955846" user="JakeEdwardsville" changeset="109064617" lat="38.7916582" lon="-90.0023502"/>
  <node id="8976131805" version="1" timestamp="2021-08-03T05:37:02Z" uid="12955846" user="JakeEdwardsville" changeset="109064617" lat="38.7916623" lon="-90.002329"/>
  <node id="8976131806" version="1" timestamp="2021-08-03T05:37:02Z" uid="12955846" user="JakeEdwardsville" changeset="109064617" lat="38.7916723" lon="-90.0023068"/>
  <node id="8976131807" version="1" timestamp="2021-08-03T05:37:02Z" uid="12955846" user="JakeEdwardsville" changeset="109064617" lat="38.7916885" lon="-90.0022838"/>
  <node id="8976131808" version="1" timestamp="2021-08-03T05:37:02Z" uid="12955846" user="JakeEdwardsville" changeset="109064617" lat="38.7917075" lon="-90.0022701"/>
  <node id="8976131809" version="1" timestamp="2021-08-03T05:37:02Z" uid="12955846" user="JakeEdwardsville" changeset="109064617" lat="38.7917185" lon="-90.0022573"/>
  <node id="8976131810" version="1" timestamp="2021-08-03T05:37:02Z" uid="12955846" user="JakeEdwardsville" changeset="109064617" lat="38.7917482" lon="-90.0021874"/>
  <node id="8976131811" version="1" timestamp="2021-08-03T05:37:02Z" uid="12955846" user="JakeEdwardsville" changeset="109064617" lat="38.7918001" lon="-90.0021809"/>
  <node id="8976131812" version="1" timestamp="2021-08-03T05:37:02Z" uid="12955846" user="JakeEdwardsville" changeset="109064617" lat="38.7917721" lon="-90.0021817"/>
  <node id="8976131813" version="1" timestamp="2021-08-03T05:37:02Z" uid="12955846" user="JakeEdwardsville" changeset="109064617" lat="38.7917306" lon="-90.0021986"/>
  <node id="8976131814" version="1" timestamp="2021-08-03T05:37:02Z" uid="12955846" user="JakeEdwardsville" changeset="109064617" lat="38.7917228" lon="-90.0022156"/>
  <node id="8976131815" version="1" timestamp="2021-08-03T05:37:02Z" uid="12955846" user="JakeEdwardsville" changeset="109064617" lat="38.7919275" lon="-90.0025602"/>
  <node id="8976131816" version="1" timestamp="2021-08-03T05:37:02Z" uid="12955846" user="JakeEdwardsville" changeset="109064617" lat="38.7919633" lon="-90.0025412"/>
  <node id="8976136317" version="1" timestamp="2021-08-03T05:37:02Z" uid="12955846" user="JakeEdwardsville" changeset="109064617" lat="38.7919829" lon="-90.0024896"/>
  <node id="8976136318" version="1" timestamp="2021-08-03T05:37:02Z" uid="12955846" user="JakeEdwardsville" changeset="109064617" lat="38.791993" lon="-90.0024085"/>
  <node id="8976136319" version="1" timestamp="2021-08-03T05:37:02Z" uid="12955846" user="JakeEdwardsville" changeset="109064617" lat="38.7919789" lon="-90.0023252"/>
  <node id="8976136320" version="1" timestamp="2021-08-03T05:37:02Z" uid="12955846" user="JakeEdwardsville" changeset="109064617" lat="38.7919503" lon="-90.002262"/>
  <node id="8976136321" version="1" timestamp="2021-08-03T05:37:02Z" uid="12955846" user="JakeEdwardsville" changeset="109064617" lat="38.7921093" lon="-90.0023268"/>
  <node id="8976136322" version="1" timestamp="2021-08-03T05:37:02Z" uid="12955846" user="JakeEdwardsville" changeset="109064617" lat="38.7921661" lon="-90.0023632"/>
  <node id="8976136323" version="1" timestamp="2021-08-03T05:37:02Z" uid="12955846" user="JakeEdwardsville" changeset="109064617" lat="38.7922848" lon="-90.0024773"/>
  <node id="8976136324" version="1" timestamp="2021-08-03T05:37:02Z" uid="12955846" user="JakeEdwardsville" changeset="109064617" lat="38.7923886" lon="-90.0026002"/>
  <node id="8976136325" version="1" timestamp="2021-08-03T05:37:02Z" uid="12955846" user="JakeEdwardsville" changeset="109064617" lat="38.7924451" lon="-90.0027597"/>
  <node id="8976136326" version="1" timestamp="2021-08-03T05:37:02Z" uid="12955846" user="JakeEdwardsville" changeset="109064617" lat="38.7923711" lon="-90.0022806"/>
  <node id="8976136327" version="1" timestamp="2021-08-03T05:37:02Z" uid="12955846" user="JakeEdwardsville" changeset="109064617" lat="38.7924053" lon="-90.0023425"/>
  <node id="8976136328" version="1" timestamp="2021-08-03T05:37:02Z" uid="12955846" user="JakeEdwardsville" changeset="109064617" lat="38.7924184" lon="-90.0023693"/>
  <node id="8976136329" version="1" timestamp="2021-08-03T05:37:02Z" uid="12955846" user="JakeEdwardsville" changeset="109064617" lat="38.7923425" lon="-90.0022173"/>
  <node id="8976136330" version="1" timestamp="2021-08-03T05:37:02Z" uid="12955846" user="JakeEdwardsville" changeset="109064617" lat="38.7923306" lon="-90.002183"/>
  <node id="8976136331" version="1" timestamp="2021-08-03T05:37:02Z" uid="12955846" user="JakeEdwardsville" changeset="109064617" lat="38.7919186" lon="-90.0021281"/>
  <node id="8976136332" version="1" timestamp="2021-08-03T05:37:02Z" uid="12955846" user="JakeEdwardsville" changeset="109064617" lat="38.7919466" lon="-90.0020967"/>
  <node id="8976136333" version="1" timestamp="2021-08-03T05:37:02Z" uid="12955846" user="JakeEdwardsville" changeset="109064617" lat="38.7918888" lon="-90.0021573"/>
  <node id="8976136334" version="1" timestamp="2021-08-03T05:37:02Z" uid="12955846" user="JakeEdwardsville" changeset="109064617" lat="38.7918853" lon="-90.0022035"/>
  <node id="8976136335" version="1" timestamp="2021-08-03T05:37:02Z" uid="12955846" user="JakeEdwardsville" changeset="109064617" lat="38.7919572" lon="-90.0022417"/>
  <node id="8976136336" version="1" timestamp="2021-08-03T05:37:02Z" uid="12955846" user="JakeEdwardsville" changeset="109064617" lat="38.7919123" lon="-90.0022215"/>
  <node id="8976136337" version="1" timestamp="2021-08-03T05:37:02Z" uid="12955846" user="JakeEdwardsville" changeset="109064617" lat="38.7920147" lon="-90.0017599"/>
  <node id="8976136338" version="1" timestamp="2021-08-03T05:37:02Z" uid="12955846" user="JakeEdwardsville" changeset="109064617" lat="38.7920018" lon="-90.0017364"/>
  <node id="8976136339" version="1" timestamp="2021-08-03T05:37:02Z" uid="12955846" user="JakeEdwardsville" changeset="109064617" lat="38.7925949" lon="-90.0013181"/>
  <node id="8976136340" version="1" timestamp="2021-08-03T05:37:02Z" uid="12955846" user="JakeEdwardsville" changeset="109064617" lat="38.7924973" lon="-90.0014293"/>
  <node id="8976136341" version="1" timestamp="2021-08-03T05:37:02Z" uid="12955846" user="JakeEdwardsville" changeset="109064617" lat="38.7925958" lon="-90.0009598"/>
  <node id="8976136342" version="1" timestamp="2021-08-03T05:37:02Z" uid="12955846" user="JakeEdwardsville" changeset="109064617" lat="38.7925944" lon="-90.0009397"/>
  <node id="8976136343" version="1" timestamp="2021-08-03T05:37:02Z" uid="12955846" user="JakeEdwardsville" changeset="109064617" lat="38.7925749" lon="-90.0008861"/>
  <node id="8976136344" version="1" timestamp="2021-08-03T05:37:02Z" uid="12955846" user="JakeEdwardsville" changeset="109064617" lat="38.792475" lon="-90.0004559"/>
  <node id="8976136345" version="1" timestamp="2021-08-03T05:37:02Z" uid="12955846" user="JakeEdwardsville" changeset="109064617" lat="38.7924668" lon="-90.0005134"/>
  <node id="8976136346" version="1" timestamp="2021-08-03T05:37:02Z" uid="12955846" user="JakeEdwardsville" changeset="109064617" lat="38.7924832" lon="-90.0003977"/>
  <node id="8976136347" version="1" timestamp="2021-08-03T05:37:02Z" uid="12955846" user="JakeEdwardsville" changeset="109064617" lat="38.7924568" lon="-90.0002665"/>
  <node id="8976136348" version="1" timestamp="2021-08-03T05:37:02Z" uid="12955846" user="JakeEdwardsville" changeset="109064617" lat="38.7924368" lon="-90.000229"/>
  <node id="8976136349" version="1" timestamp="2021-08-03T05:37:02Z" uid="12955846" user="JakeEdwardsville" changeset="109064617" lat="38.7923665" lon="-90.0001326"/>
  <node id="8976136350" version="1" timestamp="2021-08-03T05:37:02Z" uid="12955846" user="JakeEdwardsville" changeset="109064617" lat="38.7922871" lon="-90.000064"/>
  <node id="8976136351" version="1" timestamp="2021-08-03T05:37:02Z" uid="12955846" user="JakeEdwardsville" changeset="109064617" lat="38.7923288" lon="-90.0000958"/>
  <node id="8976136352" version="1" timestamp="2021-08-03T05:37:02Z" uid="12955846" user="JakeEdwardsville" changeset="109064617" lat="38.7921517" lon="-90.0000752"/>
  <node id="8976136353" version="1" timestamp="2021-08-03T05:37:02Z" uid="12955846" user="JakeEdwardsville" changeset="109064617" lat="38.792082" lon="-90.0000931"/>
  <node id="8976136354" version="1" timestamp="2021-08-03T05:37:02Z" uid="12955846" user="JakeEdwardsville" changeset="109064617" lat="38.792219" lon="-89.9998798"/>
  <node id="8976136355" version="1" timestamp="2021-08-03T05:37:02Z" uid="12955846" user="JakeEdwardsville" changeset="109064617" lat="38.7924971" lon="-90.000291"/>
  <node id="8976136361" version="1" timestamp="2021-08-03T05:37:02Z" uid="12955846" user="JakeEdwardsville" changeset="109064617" lat="38.7928221" lon="-89.9995487"/>
  <node id="8976136362" version="1" timestamp="2021-08-03T05:37:02Z" uid="12955846" user="JakeEdwardsville" changeset="109064617" lat="38.7928001" lon="-89.9995321"/>
  <node id="8976136363" version="1" timestamp="2021-08-03T05:37:02Z" uid="12955846" user="JakeEdwardsville" changeset="109064617" lat="38.7928444" lon="-89.9995612"/>
  <node id="8976136364" version="1" timestamp="2021-08-03T05:37:02Z" uid="12955846" user="JakeEdwardsville" changeset="109064617" lat="38.7929058" lon="-89.9995779"/>
  <node id="8976136365" version="1" timestamp="2021-08-03T05:37:02Z" uid="12955846" user="JakeEdwardsville" changeset="109064617" lat="38.7929937" lon="-89.9995843"/>
  <node id="8976136366" version="1" timestamp="2021-08-03T05:37:02Z" uid="12955846" user="JakeEdwardsville" changeset="109064617" lat="38.7932155" lon="-89.9995877"/>
  <node id="8976136367" version="1" timestamp="2021-08-03T05:37:02Z" uid="12955846" user="JakeEdwardsville" changeset="109064617" lat="38.7930091" lon="-89.9997035"/>
  <node id="8976136368" version="1" timestamp="2021-08-03T05:37:02Z" uid="12955846" user="JakeEdwardsville" changeset="109064617" lat="38.7930261" lon="-89.9997029"/>
  <node id="8976136369" version="1" timestamp="2021-08-03T05:37:02Z" uid="12955846" user="JakeEdwardsville" changeset="109064617" lat="38.7930459" lon="-89.9996969"/>
  <node id="8976136370" version="1" timestamp="2021-08-03T05:37:02Z" uid="12955846" user="JakeEdwardsville" changeset="109064617" lat="38.793068" lon="-89.9996852"/>
  <node id="8976136371" version="1" timestamp="2021-08-03T05:37:02Z" uid="12955846" user="JakeEdwardsville" changeset="109064617" lat="38.7930819" lon="-89.9996709"/>
  <node id="8976136372" version="1" timestamp="2021-08-03T05:37:02Z" uid="12955846" user="JakeEdwardsville" changeset="109064617" lat="38.7930906" lon="-89.9996521"/>
  <node id="8976136373" version="1" timestamp="2021-08-03T05:37:02Z" uid="12955846" user="JakeEdwardsville" changeset="109064617" lat="38.7930993" lon="-89.9996252"/>
  <node id="8976136374" version="1" timestamp="2021-08-03T05:37:02Z" uid="12955846" user="JakeEdwardsville" changeset="109064617" lat="38.7931045" lon="-89.9995845"/>
  <node id="8976136375" version="1" timestamp="2021-08-03T05:37:02Z" uid="12955846" user="JakeEdwardsville" changeset="109064617" lat="38.7931045" lon="-89.9995413"/>
  <node id="8976136376" version="1" timestamp="2021-08-03T05:37:02Z" uid="12955846" user="JakeEdwardsville" changeset="109064617" lat="38.7931001" lon="-89.9994753"/>
  <node id="8976136377" version="1" timestamp="2021-08-03T05:37:02Z" uid="12955846" user="JakeEdwardsville" changeset="109064617" lat="38.7930938" lon="-89.9994163"/>
  <node id="8976136378" version="1" timestamp="2021-08-03T05:37:02Z" uid="12955846" user="JakeEdwardsville" changeset="109064617" lat="38.7930875" lon="-89.9993528"/>
  <node id="8976136379" version="1" timestamp="2021-08-03T05:37:02Z" uid="12955846" user="JakeEdwardsville" changeset="109064617" lat="38.7928165" lon="-89.9985861"/>
  <node id="8976136380" version="1" timestamp="2021-08-03T05:37:02Z" uid="12955846" user="JakeEdwardsville" changeset="109064617" lat="38.7928817" lon="-89.9984623"/>
  <node id="8976136381" version="1" timestamp="2021-08-03T05:37:02Z" uid="12955846" user="JakeEdwardsville" changeset="109064617" lat="38.7926808" lon="-89.9983247"/>
  <node id="8976136382" version="1" timestamp="2021-08-03T05:37:02Z" uid="12955846" user="JakeEdwardsville" changeset="109064617" lat="38.7921422" lon="-89.9984777"/>
  <node id="8976136383" version="1" timestamp="2021-08-03T05:37:02Z" uid="12955846" user="JakeEdwardsville" changeset="109064617" lat="38.7920846" lon="-89.9985456"/>
  <node id="8976136387" version="1" timestamp="2021-08-03T05:37:02Z" uid="12955846" user="JakeEdwardsville" changeset="109064617" lat="38.7920424" lon="-90.0004184"/>
  <node id="8976136388" version="1" timestamp="2021-08-03T05:37:02Z" uid="12955846" user="JakeEdwardsville" changeset="109064617" lat="38.7920179" lon="-90.0003176"/>
  <node id="8976136389" version="1" timestamp="2021-08-03T05:37:02Z" uid="12955846" user="JakeEdwardsville" changeset="109064617" lat="38.7920407" lon="-90.0003963"/>
  <node id="8976136390" version="1" timestamp="2021-08-03T05:37:02Z" uid="12955846" user="JakeEdwardsville" changeset="109064617" lat="38.7920287" lon="-90.0003447"/>
  <node id="8976136391" version="1" timestamp="2021-08-03T05:37:02Z" uid="12955846" user="JakeEdwardsville" changeset="109064617" lat="38.7919599" lon="-90.0002091"/>
  <node id="8976136392" version="1" timestamp="2021-08-03T05:37:02Z" uid="12955846" user="JakeEdwardsville" changeset="109064617" lat="38.7917756" lon="-90.0001376"/>
  <node id="8976136393" version="1" timestamp="2021-08-03T05:37:02Z" uid="12955846" user="JakeEdwardsville" changeset="109064617" lat="38.7915428" lon="-90.0002008"/>
  <node id="8976136394" version="1" timestamp="2021-08-03T05:37:02Z" uid="12955846" user="JakeEdwardsville" changeset="109064617" lat="38.791585" lon="-90.0004226"/>
  <node id="8976136395" version="1" timestamp="2021-08-03T05:37:02Z" uid="12955846" user="JakeEdwardsville" changeset="109064617" lat="38.7915158" lon="-90.0001018"/>
  <node id="8976136396" version="1" timestamp="2021-08-03T05:37:02Z" uid="12955846" user="JakeEdwardsville" changeset="109064617" lat="38.7915305" lon="-90.0001513"/>
  <node id="8976136397" version="1" timestamp="2021-08-03T05:37:02Z" uid="12955846" user="JakeEdwardsville" changeset="109064617" lat="38.7914468" lon="-90.0000558"/>
  <node id="8976136398" version="1" timestamp="2021-08-03T05:37:02Z" uid="12955846" user="JakeEdwardsville" changeset="109064617" lat="38.791484" lon="-89.9999831"/>
  <node id="8976136399" version="1" timestamp="2021-08-03T05:37:02Z" uid="12955846" user="JakeEdwardsville" changeset="109064617" lat="38.7915437" lon="-90.0000648"/>
  <node id="8976136400" version="1" timestamp="2021-08-03T05:37:02Z" uid="12955846" user="JakeEdwardsville" changeset="109064617" lat="38.7915363" lon="-90.0000072"/>
  <node id="8976136401" version="1" timestamp="2021-08-03T05:37:02Z" uid="12955846" user="JakeEdwardsville" changeset="109064617" lat="38.7915166" lon="-90.0000232"/>
  <node id="8976136402" version="1" timestamp="2021-08-03T05:37:02Z" uid="12955846" user="JakeEdwardsville" changeset="109064617" lat="38.7914791" lon="-89.9998845"/>
  <node id="8976136403" version="1" timestamp="2021-08-03T05:37:02Z" uid="12955846" user="JakeEdwardsville" changeset="109064617" lat="38.7914752" lon="-89.9998355"/>
  <node id="8976136404" version="1" timestamp="2021-08-03T05:37:02Z" uid="12955846" user="JakeEdwardsville" changeset="109064617" lat="38.7915663" lon="-90.000309"/>
  <node id="8976136405" version="1" timestamp="2021-08-03T05:37:02Z" uid="12955846" user="JakeEdwardsville" changeset="109064617" lat="38.7917626" lon="-89.9998882"/>
  <node id="8976136406" version="1" timestamp="2021-08-03T05:37:02Z" uid="12955846" user="JakeEdwardsville" changeset="109064617" lat="38.7913555" lon="-90.0002932"/>
  <node id="8976136407" version="1" timestamp="2021-08-03T05:37:02Z" uid="12955846" user="JakeEdwardsville" changeset="109064617" lat="38.7913191" lon="-90.0005796"/>
  <node id="8976136408" version="1" timestamp="2021-08-03T05:37:02Z" uid="12955846" user="JakeEdwardsville" changeset="109064617" lat="38.7913107" lon="-90.0007344"/>
  <node id="8976136409" version="1" timestamp="2021-08-03T05:37:02Z" uid="12955846" user="JakeEdwardsville" changeset="109064617" lat="38.7912734" lon="-90.0006335"/>
  <node id="8976136410" version="1" timestamp="2021-08-03T05:37:02Z" uid="12955846" user="JakeEdwardsville" changeset="109064617" lat="38.791176" lon="-90.0005826"/>
  <node id="8976136411" version="1" timestamp="2021-08-03T05:37:02Z" uid="12955846" user="JakeEdwardsville" changeset="109064617" lat="38.7911995" lon="-90.0006094"/>
  <node id="8976136412" version="1" timestamp="2021-08-03T05:37:02Z" uid="12955846" user="JakeEdwardsville" changeset="109064617" lat="38.7912112" lon="-90.0006189"/>
  <node id="8976136413" version="1" timestamp="2021-08-03T05:37:02Z" uid="12955846" user="JakeEdwardsville" changeset="109064617" lat="38.7911869" lon="-90.0005968"/>
  <node id="8976136414" version="1" timestamp="2021-08-03T05:37:02Z" uid="12955846" user="JakeEdwardsville" changeset="109064617" lat="38.7913667" lon="-90.0009355"/>
  <node id="8976136415" version="1" timestamp="2021-08-03T05:37:02Z" uid="12955846" user="JakeEdwardsville" changeset="109064617" lat="38.7917254" lon="-90.0009978"/>
  <node id="8976136416" version="1" timestamp="2021-08-03T05:37:02Z" uid="12955846" user="JakeEdwardsville" changeset="109064617" lat="38.7917288" lon="-90.0009533"/>
  <node id="8976136417" version="1" timestamp="2021-08-03T05:37:02Z" uid="12955846" user="JakeEdwardsville" changeset="109064617" lat="38.7915927" lon="-90.0013443"/>
  <node id="8976136418" version="1" timestamp="2021-08-03T05:37:02Z" uid="12955846" user="JakeEdwardsville" changeset="109064617" lat="38.7915955" lon="-90.0014713"/>
  <node id="8976136419" version="1" timestamp="2021-08-03T05:37:02Z" uid="12955846" user="JakeEdwardsville" changeset="109064617" lat="38.7916074" lon="-90.0020294"/>
  <node id="8977645051" version="1" timestamp="2021-08-03T16:24:31Z" uid="12955846" user="JakeEdwardsville" changeset="109104118" lat="38.7919236" lon="-90.0005527"/>
  <node id="8977694861" version="1" timestamp="2021-08-03T16:44:04Z" uid="12955846" user="JakeEdwardsville" changeset="109104970" lat="38.7936837" lon="-90.0007641"/>
  <node id="8977694862" version="1" timestamp="2021-08-03T16:44:04Z" uid="12955846" user="JakeEdwardsville" changeset="109104970" lat="38.794083" lon="-90.0006536"/>
  <node id="8977694913" version="1" timestamp="2021-08-03T16:44:04Z" uid="12955846" user="JakeEdwardsville" changeset="109104970" lat="38.7918199" lon="-89.9984541"/>
  <node id="8977694951" version="1" timestamp="2021-08-03T16:44:04Z" uid="12955846" user="JakeEdwardsville" changeset="109104970" lat="38.7912015" lon="-89.9983303"/>
  <node id="8981462806" version="1" timestamp="2021-08-04T22:58:55Z" uid="12955846" user="JakeEdwardsville" changeset="109167131" lat="38.7907985" lon="-89.9979783"/>
  <node id="8981462807" version="1" timestamp="2021-08-04T22:58:55Z" uid="12955846" user="JakeEdwardsville" changeset="109167131" lat="38.7907752" lon="-89.9979641"/>
  <node id="8981462808" version="1" timestamp="2021-08-04T22:58:55Z" uid="12955846" user="JakeEdwardsville" changeset="109167131" lat="38.7907534" lon="-89.9979539"/>
  <node id="8981462809" version="1" timestamp="2021-08-04T22:58:55Z" uid="12955846" user="JakeEdwardsville" changeset="109167131" lat="38.7907328" lon="-89.9979493"/>
  <node id="8981462810" version="1" timestamp="2021-08-04T22:58:55Z" uid="12955846" user="JakeEdwardsville" changeset="109167131" lat="38.7907106" lon="-89.9979468"/>
  <node id="8981462811" version="1" timestamp="2021-08-04T22:58:55Z" uid="12955846" user="JakeEdwardsville" changeset="109167131" lat="38.7906563" lon="-89.9979458"/>
  <node id="8981462812" version="1" timestamp="2021-08-04T22:58:55Z" uid="12955846" user="JakeEdwardsville" changeset="109167131" lat="38.7903842" lon="-89.9979458"/>
  <node id="8981462813" version="1" timestamp="2021-08-04T22:58:55Z" uid="12955846" user="JakeEdwardsville" changeset="109167131" lat="38.7903387" lon="-89.9979447"/>
  <node id="8981462814" version="1" timestamp="2021-08-04T22:58:55Z" uid="12955846" user="JakeEdwardsville" changeset="109167131" lat="38.7903177" lon="-89.9979417"/>
  <node id="8981462815" version="1" timestamp="2021-08-04T22:58:55Z" uid="12955846" user="JakeEdwardsville" changeset="109167131" lat="38.7902987" lon="-89.9979326"/>
  <node id="8981462816" version="1" timestamp="2021-08-04T22:58:55Z" uid="12955846" user="JakeEdwardsville" changeset="109167131" lat="38.7902864" lon="-89.9979193"/>
  <node id="8981472617" version="1" timestamp="2021-08-04T22:58:55Z" uid="12955846" user="JakeEdwardsville" changeset="109167131" lat="38.7902801" lon="-89.9979066"/>
  <node id="8981472618" version="1" timestamp="2021-08-04T22:58:55Z" uid="12955846" user="JakeEdwardsville" changeset="109167131" lat="38.7902741" lon="-89.9978868"/>
  <node id="8981472619" version="1" timestamp="2021-08-04T22:58:55Z" uid="12955846" user="JakeEdwardsville" changeset="109167131" lat="38.7902701" lon="-89.9978685"/>
  <node id="8981472620" version="1" timestamp="2021-08-04T22:58:55Z" uid="12955846" user="JakeEdwardsville" changeset="109167131" lat="38.7902678" lon="-89.9978411"/>
  <node id="8981472621" version="1" timestamp="2021-08-04T22:58:55Z" uid="12955846" user="JakeEdwardsville" changeset="109167131" lat="38.7902693" lon="-89.997794"/>
  <node id="8981472622" version="1" timestamp="2021-08-04T22:58:55Z" uid="12955846" user="JakeEdwardsville" changeset="109167131" lat="38.7908437" lon="-89.9979712"/>
  <node id="8981472837" version="1" timestamp="2021-08-04T22:58:55Z" uid="12955846" user="JakeEdwardsville" changeset="109167131" lat="38.7945365" lon="-90.0018733"/>
  <node id="8981472838" version="1" timestamp="2021-08-04T22:58:55Z" uid="12955846" user="JakeEdwardsville" changeset="109167131" lat="38.7944758" lon="-90.0018733"/>
  <node id="8981472839" version="1" timestamp="2021-08-04T22:58:55Z" uid="12955846" user="JakeEdwardsville" changeset="109167131" lat="38.7944758" lon="-90.001902"/>
  <node id="8981472840" version="1" timestamp="2021-08-04T22:58:55Z" uid="12955846" user="JakeEdwardsville" changeset="109167131" lat="38.7944077" lon="-90.001902"/>
  <node id="8981472841" version="1" timestamp="2021-08-04T22:58:55Z" uid="12955846" user="JakeEdwardsville" changeset="109167131" lat="38.7944076" lon="-90.0017018"/>
  <node id="8981472842" version="1" timestamp="2021-08-04T22:58:55Z" uid="12955846" user="JakeEdwardsville" changeset="109167131" lat="38.7944712" lon="-90.0017017"/>
  <node id="8981472843" version="1" timestamp="2021-08-04T22:58:55Z" uid="12955846" user="JakeEdwardsville" changeset="109167131" lat="38.7944712" lon="-90.0016743"/>
  <node id="8981472844" version="1" timestamp="2021-08-04T22:58:55Z" uid="12955846" user="JakeEdwardsville" changeset="109167131" lat="38.7945364" lon="-90.0016742"/>
  <node id="8981472845" version="1" timestamp="2021-08-04T22:58:55Z" uid="12955846" user="JakeEdwardsville" changeset="109167131" lat="38.7944959" lon="-90.0018733"/>
  <node id="8981472852" version="1" timestamp="2021-08-04T22:58:55Z" uid="12955846" user="JakeEdwardsville" changeset="109167131" lat="38.7947505" lon="-90.0018009"/>
  <node id="8981472853" version="1" timestamp="2021-08-04T22:58:55Z" uid="12955846" user="JakeEdwardsville" changeset="109167131" lat="38.7945813" lon="-90.0015836"/>
  <node id="8981472870" version="1" timestamp="2021-08-04T22:58:55Z" uid="12955846" user="JakeEdwardsville" changeset="109167131" lat="38.7948255" lon="-90.0018484"/>
  <node id="8981472871" version="1" timestamp="2021-08-04T22:58:55Z" uid="12955846" user="JakeEdwardsville" changeset="109167131" lat="38.7947727" lon="-90.0019044"/>
  <node id="8981472872" version="1" timestamp="2021-08-04T22:58:55Z" uid="12955846" user="JakeEdwardsville" changeset="109167131" lat="38.7947363" lon="-90.0019283"/>
  <node id="8981472873" version="1" timestamp="2021-08-04T22:58:55Z" uid="12955846" user="JakeEdwardsville" changeset="109167131" lat="38.7947018" lon="-90.0019383"/>
  <node id="8981472874" version="1" timestamp="2021-08-04T22:58:55Z" uid="12955846" user="JakeEdwardsville" changeset="109167131" lat="38.7946681" lon="-90.0019394"/>
  <node id="8981472875" version="1" timestamp="2021-08-04T22:58:55Z" uid="12955846" user="JakeEdwardsville" changeset="109167131" lat="38.794634" lon="-90.0019354"/>
  <node id="8981472876" version="1" timestamp="2021-08-04T22:58:55Z" uid="12955846" user="JakeEdwardsville" changeset="109167131" lat="38.794603" lon="-90.0019248"/>
  <node id="8981472877" version="1" timestamp="2021-08-04T22:58:55Z" uid="12955846" user="JakeEdwardsville" changeset="109167131" lat="38.7945785" lon="-90.0018992"/>
  <node id="8981472878" version="1" timestamp="2021-08-04T22:58:55Z" uid="12955846" user="JakeEdwardsville" changeset="109167131" lat="38.794563" lon="-90.0018466"/>
  <node id="8981472879" version="1" timestamp="2021-08-04T22:58:55Z" uid="12955846" user="JakeEdwardsville" changeset="109167131" lat="38.7945598" lon="-90.0017707"/>
  <node id="8981472880" version="1" timestamp="2021-08-04T22:58:55Z" uid="12955846" user="JakeEdwardsville" changeset="109167131" lat="38.7945589" lon="-90.0016534"/>
  <node id="8981472881" version="1" timestamp="2021-08-04T22:58:55Z" uid="12955846" user="JakeEdwardsville" changeset="109167131" lat="38.7945639" lon="-90.0015711"/>
  <node id="8981472882" version="1" timestamp="2021-08-04T22:58:55Z" uid="12955846" user="JakeEdwardsville" changeset="109167131" lat="38.7945644" lon="-90.0014806"/>
  <node id="8981472883" version="1" timestamp="2021-08-04T22:58:55Z" uid="12955846" user="JakeEdwardsville" changeset="109167131" lat="38.7946403" lon="-90.00148"/>
  <node id="8981472884" version="1" timestamp="2021-08-04T22:58:55Z" uid="12955846" user="JakeEdwardsville" changeset="109167131" lat="38.7947277" lon="-90.0014835"/>
  <node id="8981472885" version="1" timestamp="2021-08-04T22:58:55Z" uid="12955846" user="JakeEdwardsville" changeset="109167131" lat="38.7947331" lon="-90.0012122"/>
  <node id="8981472886" version="1" timestamp="2021-08-04T22:58:55Z" uid="12955846" user="JakeEdwardsville" changeset="109167131" lat="38.7947027" lon="-90.0014825"/>
  <node id="8981472887" version="1" timestamp="2021-08-04T22:58:55Z" uid="12955846" user="JakeEdwardsville" changeset="109167131" lat="38.7947036" lon="-90.0015187"/>
  <node id="8981472888" version="1" timestamp="2021-08-04T22:58:55Z" uid="12955846" user="JakeEdwardsville" changeset="109167131" lat="38.7948558" lon="-90.0015682"/>
  <node id="8981472889" version="1" timestamp="2021-08-04T22:58:55Z" uid="12955846" user="JakeEdwardsville" changeset="109167131" lat="38.7948977" lon="-90.0015694"/>
  <node id="8981472890" version="1" timestamp="2021-08-04T22:58:55Z" uid="12955846" user="JakeEdwardsville" changeset="109167131" lat="38.7947285" lon="-90.0014444"/>
  <node id="8981472891" version="1" timestamp="2021-08-04T22:58:55Z" uid="12955846" user="JakeEdwardsville" changeset="109167131" lat="38.7948983" lon="-90.0014456"/>
  <node id="8981472892" version="1" timestamp="2021-08-04T22:58:55Z" uid="12955846" user="JakeEdwardsville" changeset="109167131" lat="38.7948966" lon="-90.0017935"/>
  <node id="8981472894" version="1" timestamp="2021-08-04T22:58:55Z" uid="12955846" user="JakeEdwardsville" changeset="109167131" lat="38.7948558" lon="-90.0015756"/>
  <node id="8981473039" version="1" timestamp="2021-08-04T22:58:55Z" uid="12955846" user="JakeEdwardsville" changeset="109167131" lat="38.7945185" lon="-90.0003876"/>
  <node id="8981473040" version="1" timestamp="2021-08-04T22:58:55Z" uid="12955846" user="JakeEdwardsville" changeset="109167131" lat="38.7944511" lon="-90.0003484"/>
  <node id="8981474201" version="1" timestamp="2021-08-04T23:09:44Z" uid="12955846" user="JakeEdwardsville" changeset="109167274" lat="38.7950862" lon="-89.9998578"/>
  <node id="8981474202" version="1" timestamp="2021-08-04T23:09:44Z" uid="12955846" user="JakeEdwardsville" changeset="109167274" lat="38.7951171" lon="-89.9999338"/>
  <node id="8981474203" version="1" timestamp="2021-08-04T23:09:44Z" uid="12955846" user="JakeEdwardsville" changeset="109167274" lat="38.7950129" lon="-90.0001383"/>
  <node id="8981474204" version="1" timestamp="2021-08-04T23:09:44Z" uid="12955846" user="JakeEdwardsville" changeset="109167274" lat="38.7950582" lon="-90.0000426"/>
  <node id="8981474205" version="1" timestamp="2021-08-04T23:09:44Z" uid="12955846" user="JakeEdwardsville" changeset="109167274" lat="38.7950343" lon="-90.0000898"/>
  <node id="8981482091" version="1" timestamp="2021-08-04T23:09:44Z" uid="12955846" user="JakeEdwardsville" changeset="109167274" lat="38.7951474" lon="-89.9998661"/>
  <node id="8981482099" version="1" timestamp="2021-08-04T23:09:44Z" uid="12955846" user="JakeEdwardsville" changeset="109167274" lat="38.7943629" lon="-90.000424"/>
  <node id="8981482100" version="1" timestamp="2021-08-04T23:09:44Z" uid="12955846" user="JakeEdwardsville" changeset="109167274" lat="38.7943968" lon="-90.0002209"/>
  <node id="8981482101" version="1" timestamp="2021-08-04T23:09:44Z" uid="12955846" user="JakeEdwardsville" changeset="109167274" lat="38.7944353" lon="-90.0000493"/>
  <node id="8981482102" version="1" timestamp="2021-08-04T23:09:44Z" uid="12955846" user="JakeEdwardsville" changeset="109167274" lat="38.7944544" lon="-90.0010916"/>
  <node id="8981482103" version="1" timestamp="2021-08-04T23:09:44Z" uid="12955846" user="JakeEdwardsville" changeset="109167274" lat="38.7942365" lon="-90.0010362"/>
  <node id="8981482104" version="1" timestamp="2021-08-04T23:09:44Z" uid="12955846" user="JakeEdwardsville" changeset="109167274" lat="38.7949374" lon="-90.001374"/>
  <node id="8988419616" version="1" timestamp="2021-08-07T19:14:02Z" uid="12955846" user="JakeEdwardsville" changeset="109322874" lat="38.7908586" lon="-89.9960845"/>
  <node id="8988514217" version="3" timestamp="2025-11-05T21:36:01Z" uid="19598846" user="wesleyote" changeset="174261078" lat="38.7908602" lon="-89.9959604">
    <tag k="barrier" v="kerb"/>
    <tag k="kerb" v="raised"/>
    <tag k="tactile_paving" v="no"/>
  </node>
  <node id="8988514218" version="2" timestamp="2024-02-12T22:30:37Z" uid="19598846" user="wesleyote" changeset="147387131" lat="38.7908595" lon="-89.9960093">
    <tag k="crossing" v="marked"/>
    <tag k="highway" v="crossing"/>
    <tag k="tactile_paving" v="no"/>
  </node>
  <node id="8988514219" version="1" timestamp="2021-08-07T19:14:02Z" uid="12955846" user="JakeEdwardsville" changeset="109322874" lat="38.7908513" lon="-89.995947"/>
  <node id="8988514220" version="1" timestamp="2021-08-07T19:14:02Z" uid="12955846" user="JakeEdwardsville" changeset="109322874" lat="38.7908403" lon="-89.9959323"/>
  <node id="8988514221" version="1" timestamp="2021-08-07T19:14:02Z" uid="12955846" user="JakeEdwardsville" changeset="109322874" lat="38.790833" lon="-89.9959188"/>
  <node id="8988514222" version="1" timestamp="2021-08-07T19:14:02Z" uid="12955846" user="JakeEdwardsville" changeset="109322874" lat="38.7908262" lon="-89.9959027"/>
  <node id="8988514223" version="1" timestamp="2021-08-07T19:14:02Z" uid="12955846" user="JakeEdwardsville" changeset="109322874" lat="38.7908199" lon="-89.9958826"/>
  <node id="8988514224" version="1" timestamp="2021-08-07T19:14:02Z" uid="12955846" user="JakeEdwardsville" changeset="109322874" lat="38.7908147" lon="-89.9958598"/>
  <node id="8988514225" version="1" timestamp="2021-08-07T19:14:02Z" uid="12955846" user="JakeEdwardsville" changeset="109322874" lat="38.7908115" lon="-89.995831"/>
  <node id="8988514226" version="1" timestamp="2021-08-07T19:14:02Z" uid="12955846" user="JakeEdwardsville" changeset="109322874" lat="38.7908105" lon="-89.9958042"/>
  <node id="8988514227" version="1" timestamp="2021-08-07T19:14:02Z" uid="12955846" user="JakeEdwardsville" changeset="109322874" lat="38.7908178" lon="-89.9957277"/>
  <node id="8988514228" version="1" timestamp="2021-08-07T19:14:02Z" uid="12955846" user="JakeEdwardsville" changeset="109322874" lat="38.7908366" lon="-89.9954877"/>
  <node id="8988514229" version="1" timestamp="2021-08-07T19:14:02Z" uid="12955846" user="JakeEdwardsville" changeset="109322874" lat="38.790856" lon="-89.9952288"/>
  <node id="8988514230" version="1" timestamp="2021-08-07T19:14:02Z" uid="12955846" user="JakeEdwardsville" changeset="109322874" lat="38.7908722" lon="-89.995029"/>
  <node id="8988514231" version="1" timestamp="2021-08-07T19:14:02Z" uid="12955846" user="JakeEdwardsville" changeset="109322874" lat="38.7908889" lon="-89.9948426"/>
  <node id="8988514232" version="1" timestamp="2021-08-07T19:14:02Z" uid="12955846" user="JakeEdwardsville" changeset="109322874" lat="38.7909035" lon="-89.9946495"/>
  <node id="8988514233" version="1" timestamp="2021-08-07T19:14:02Z" uid="12955846" user="JakeEdwardsville" changeset="109322874" lat="38.7909171" lon="-89.9945878"/>
  <node id="8988514234" version="1" timestamp="2021-08-07T19:14:02Z" uid="12955846" user="JakeEdwardsville" changeset="109322874" lat="38.7909312" lon="-89.9945563"/>
  <node id="8988514235" version="1" timestamp="2021-08-07T19:14:02Z" uid="12955846" user="JakeEdwardsville" changeset="109322874" lat="38.7909548" lon="-89.9945321"/>
  <node id="8988514236" version="1" timestamp="2021-08-07T19:14:02Z" uid="12955846" user="JakeEdwardsville" changeset="109322874" lat="38.7909856" lon="-89.9945187"/>
  <node id="8988514237" version="1" timestamp="2021-08-07T19:14:02Z" uid="12955846" user="JakeEdwardsville" changeset="109322874" lat="38.7910284" lon="-89.9945154"/>
  <node id="8988514238" version="1" timestamp="2021-08-07T19:14:02Z" uid="12955846" user="JakeEdwardsville" changeset="109322874" lat="38.791065" lon="-89.9945214"/>
  <node id="8988514239" version="1" timestamp="2021-08-07T19:14:02Z" uid="12955846" user="JakeEdwardsville" changeset="109322874" lat="38.7911769" lon="-89.9945321"/>
  <node id="8988514240" version="1" timestamp="2021-08-07T19:14:02Z" uid="12955846" user="JakeEdwardsville" changeset="109322874" lat="38.7913965" lon="-89.994635"/>
  <node id="8988514241" version="1" timestamp="2021-08-07T19:14:02Z" uid="12955846" user="JakeEdwardsville" changeset="109322874" lat="38.7913178" lon="-89.9945534"/>
  <node id="8988514242" version="3" timestamp="2025-08-08T18:05:26Z" uid="22659674" user="AG1700" changeset="170169414" lat="38.7913847" lon="-89.9941756">
    <tag k="crossing" v="marked"/>
    <tag k="crossing:markings" v="yes"/>
    <tag k="highway" v="crossing"/>
    <tag k="tactile_paving" v="yes"/>
  </node>
  <node id="8988514243" version="3" timestamp="2025-08-08T18:05:26Z" uid="22659674" user="AG1700" changeset="170169414" lat="38.791376" lon="-89.9944745">
    <tag k="crossing" v="marked"/>
    <tag k="crossing:markings" v="yes"/>
    <tag k="highway" v="crossing"/>
    <tag k="tactile_paving" v="yes"/>
  </node>
  <node id="8988514244" version="1" timestamp="2021-08-07T19:14:02Z" uid="12955846" user="JakeEdwardsville" changeset="109322874" lat="38.7913754" lon="-89.9940876"/>
  <node id="8988514245" version="1" timestamp="2021-08-07T19:14:02Z" uid="12955846" user="JakeEdwardsville" changeset="109322874" lat="38.7912933" lon="-89.9940386"/>
  <node id="8988514246" version="4" timestamp="2025-08-08T18:05:26Z" uid="22659674" user="AG1700" changeset="170169414" lat="38.7913332" lon="-89.9940624">
    <tag k="crossing" v="marked"/>
    <tag k="crossing:island" v="no"/>
    <tag k="crossing:markings" v="yes"/>
    <tag k="highway" v="crossing"/>
    <tag k="tactile_paving" v="yes"/>
  </node>
  <node id="8988514247" version="1" timestamp="2021-08-07T19:14:02Z" uid="12955846" user="JakeEdwardsville" changeset="109322874" lat="38.7914038" lon="-89.9941254"/>
  <node id="8988514248" version="1" timestamp="2021-08-07T19:14:02Z" uid="12955846" user="JakeEdwardsville" changeset="109322874" lat="38.7914332" lon="-89.9941285"/>
  <node id="8988514249" version="1" timestamp="2021-08-07T19:14:02Z" uid="12955846" user="JakeEdwardsville" changeset="109322874" lat="38.7915035" lon="-89.9941239"/>
  <node id="8988514250" version="1" timestamp="2021-08-07T19:14:02Z" uid="12955846" user="JakeEdwardsville" changeset="109322874" lat="38.791617" lon="-89.9941085"/>
  <node id="8988514251" version="1" timestamp="2021-08-07T19:14:02Z" uid="12955846" user="JakeEdwardsville" changeset="109322874" lat="38.7917178" lon="-89.9940808"/>
  <node id="8988514252" version="1" timestamp="2021-08-07T19:14:02Z" uid="12955846" user="JakeEdwardsville" changeset="109322874" lat="38.7918355" lon="-89.9940384"/>
  <node id="8988514253" version="1" timestamp="2021-08-07T19:14:02Z" uid="12955846" user="JakeEdwardsville" changeset="109322874" lat="38.7919496" lon="-89.9939822"/>
  <node id="8988514254" version="1" timestamp="2021-08-07T19:14:02Z" uid="12955846" user="JakeEdwardsville" changeset="109322874" lat="38.7920744" lon="-89.9939051"/>
  <node id="8988514255" version="3" timestamp="2022-10-31T16:17:36Z" uid="17481238" user="TetragnathaPlanata" changeset="128307023" lat="38.7917086" lon="-89.9934422">
    <tag k="crossing" v="marked"/>
    <tag k="crossing:island" v="no"/>
    <tag k="highway" v="crossing"/>
    <tag k="tactile_paving" v="yes"/>
  </node>
  <node id="8988514256" version="1" timestamp="2021-08-07T19:14:02Z" uid="12955846" user="JakeEdwardsville" changeset="109322874" lat="38.7921831" lon="-89.9938238"/>
  <node id="8988514257" version="1" timestamp="2021-08-07T19:14:02Z" uid="12955846" user="JakeEdwardsville" changeset="109322874" lat="38.7923458" lon="-89.9936944"/>
  <node id="8988514258" version="1" timestamp="2021-08-07T19:14:02Z" uid="12955846" user="JakeEdwardsville" changeset="109322874" lat="38.7924538" lon="-89.9936189"/>
  <node id="8988514259" version="1" timestamp="2021-08-07T19:14:02Z" uid="12955846" user="JakeEdwardsville" changeset="109322874" lat="38.7924778" lon="-89.9935981"/>
  <node id="8988514260" version="1" timestamp="2021-08-07T19:14:02Z" uid="12955846" user="JakeEdwardsville" changeset="109322874" lat="38.7924898" lon="-89.9935842"/>
  <node id="8988514261" version="1" timestamp="2021-08-07T19:14:02Z" uid="12955846" user="JakeEdwardsville" changeset="109322874" lat="38.7924943" lon="-89.9935649"/>
  <node id="8988514262" version="1" timestamp="2021-08-07T19:14:02Z" uid="12955846" user="JakeEdwardsville" changeset="109322874" lat="38.7924958" lon="-89.9935357"/>
  <node id="8988514263" version="1" timestamp="2021-08-07T19:14:02Z" uid="12955846" user="JakeEdwardsville" changeset="109322874" lat="38.7924925" lon="-89.9934983"/>
  <node id="8988514264" version="1" timestamp="2021-08-07T19:14:02Z" uid="12955846" user="JakeEdwardsville" changeset="109322874" lat="38.7924646" lon="-89.9933851"/>
  <node id="8988514265" version="1" timestamp="2021-08-07T19:14:02Z" uid="12955846" user="JakeEdwardsville" changeset="109322874" lat="38.7913664" lon="-89.9943366"/>
  <node id="8988514266" version="1" timestamp="2021-08-07T19:14:02Z" uid="12955846" user="JakeEdwardsville" changeset="109322874" lat="38.7913696" lon="-89.9943808"/>
  <node id="8988514267" version="1" timestamp="2021-08-07T19:14:02Z" uid="12955846" user="JakeEdwardsville" changeset="109322874" lat="38.7913715" lon="-89.9942903"/>
  <node id="8988514268" version="1" timestamp="2021-08-07T19:14:02Z" uid="12955846" user="JakeEdwardsville" changeset="109322874" lat="38.7912209" lon="-89.9939796"/>
  <node id="8988514269" version="1" timestamp="2021-08-07T19:14:02Z" uid="12955846" user="JakeEdwardsville" changeset="109322874" lat="38.7902636" lon="-89.9938849"/>
  <node id="8988514270" version="1" timestamp="2021-08-07T19:14:02Z" uid="12955846" user="JakeEdwardsville" changeset="109322874" lat="38.7900732" lon="-89.9938689"/>
  <node id="8988514271" version="1" timestamp="2021-08-07T19:14:02Z" uid="12955846" user="JakeEdwardsville" changeset="109322874" lat="38.7905864" lon="-89.9924955"/>
  <node id="8988514272" version="1" timestamp="2021-08-07T19:14:02Z" uid="12955846" user="JakeEdwardsville" changeset="109322874" lat="38.7914578" lon="-89.991598"/>
  <node id="8988514273" version="1" timestamp="2021-08-07T19:14:02Z" uid="12955846" user="JakeEdwardsville" changeset="109322874" lat="38.7914944" lon="-89.991678"/>
  <node id="8988514274" version="1" timestamp="2021-08-07T19:14:02Z" uid="12955846" user="JakeEdwardsville" changeset="109322874" lat="38.7920186" lon="-89.9914175"/>
  <node id="8988514275" version="1" timestamp="2021-08-07T19:14:02Z" uid="12955846" user="JakeEdwardsville" changeset="109322874" lat="38.7921159" lon="-89.9913777"/>
  <node id="8988514276" version="1" timestamp="2021-08-07T19:14:02Z" uid="12955846" user="JakeEdwardsville" changeset="109322874" lat="38.7936986" lon="-89.9927455"/>
  <node id="8988514277" version="1" timestamp="2021-08-07T19:14:02Z" uid="12955846" user="JakeEdwardsville" changeset="109322874" lat="38.7936056" lon="-89.9927126"/>
  <node id="8988514278" version="1" timestamp="2021-08-07T19:14:02Z" uid="12955846" user="JakeEdwardsville" changeset="109322874" lat="38.7935925" lon="-89.9927025"/>
  <node id="8988514279" version="1" timestamp="2021-08-07T19:14:02Z" uid="12955846" user="JakeEdwardsville" changeset="109322874" lat="38.7935846" lon="-89.9926867"/>
  <node id="8988514280" version="1" timestamp="2021-08-07T19:14:02Z" uid="12955846" user="JakeEdwardsville" changeset="109322874" lat="38.7935786" lon="-89.9926598"/>
  <node id="8988514281" version="1" timestamp="2021-08-07T19:14:02Z" uid="12955846" user="JakeEdwardsville" changeset="109322874" lat="38.7935766" lon="-89.9926303"/>
  <node id="8988514282" version="1" timestamp="2021-08-07T19:14:02Z" uid="12955846" user="JakeEdwardsville" changeset="109322874" lat="38.7935858" lon="-89.9925861"/>
  <node id="8988514283" version="1" timestamp="2021-08-07T19:14:02Z" uid="12955846" user="JakeEdwardsville" changeset="109322874" lat="38.7938641" lon="-89.9913294"/>
  <node id="8988514284" version="1" timestamp="2021-08-07T19:14:02Z" uid="12955846" user="JakeEdwardsville" changeset="109322874" lat="38.7938746" lon="-89.9913096"/>
  <node id="8988514285" version="1" timestamp="2021-08-07T19:14:02Z" uid="12955846" user="JakeEdwardsville" changeset="109322874" lat="38.7939023" lon="-89.9912892"/>
  <node id="8988514286" version="1" timestamp="2021-08-07T19:14:02Z" uid="12955846" user="JakeEdwardsville" changeset="109322874" lat="38.7939264" lon="-89.9912886"/>
  <node id="8988514287" version="1" timestamp="2021-08-07T19:14:02Z" uid="12955846" user="JakeEdwardsville" changeset="109322874" lat="38.7939542" lon="-89.9912973"/>
  <node id="8988514288" version="1" timestamp="2021-08-07T19:14:02Z" uid="12955846" user="JakeEdwardsville" changeset="109322874" lat="38.7940807" lon="-89.991347"/>
  <node id="8988514289" version="1" timestamp="2021-08-07T19:14:02Z" uid="12955846" user="JakeEdwardsville" changeset="109322874" lat="38.7940948" lon="-89.9913645"/>
  <node id="8988514290" version="1" timestamp="2021-08-07T19:14:02Z" uid="12955846" user="JakeEdwardsville" changeset="109322874" lat="38.7941043" lon="-89.9914118"/>
  <node id="8988514291" version="1" timestamp="2021-08-07T19:14:02Z" uid="12955846" user="JakeEdwardsville" changeset="109322874" lat="38.7940961" lon="-89.9914509"/>
  <node id="8988514292" version="1" timestamp="2021-08-07T19:14:02Z" uid="12955846" user="JakeEdwardsville" changeset="109322874" lat="38.7938182" lon="-89.9926995"/>
  <node id="8988514293" version="1" timestamp="2021-08-07T19:14:02Z" uid="12955846" user="JakeEdwardsville" changeset="109322874" lat="38.79381" lon="-89.992724"/>
  <node id="8988514294" version="1" timestamp="2021-08-07T19:14:02Z" uid="12955846" user="JakeEdwardsville" changeset="109322874" lat="38.7938005" lon="-89.9927439"/>
  <node id="8988514295" version="1" timestamp="2021-08-07T19:14:02Z" uid="12955846" user="JakeEdwardsville" changeset="109322874" lat="38.7937868" lon="-89.9927555"/>
  <node id="8988514296" version="1" timestamp="2021-08-07T19:14:02Z" uid="12955846" user="JakeEdwardsville" changeset="109322874" lat="38.7937691" lon="-89.9927637"/>
  <node id="8988514297" version="1" timestamp="2021-08-07T19:14:02Z" uid="12955846" user="JakeEdwardsville" changeset="109322874" lat="38.79375" lon="-89.9927637"/>
  <node id="8988514298" version="1" timestamp="2021-08-07T19:14:02Z" uid="12955846" user="JakeEdwardsville" changeset="109322874" lat="38.7933374" lon="-89.9932374"/>
  <node id="8988514299" version="1" timestamp="2021-08-07T19:14:02Z" uid="12955846" user="JakeEdwardsville" changeset="109322874" lat="38.7933115" lon="-89.9933804"/>
  <node id="8988514300" version="1" timestamp="2021-08-07T19:14:02Z" uid="12955846" user="JakeEdwardsville" changeset="109322874" lat="38.793301" lon="-89.9934038"/>
  <node id="8988514301" version="1" timestamp="2021-08-07T19:14:02Z" uid="12955846" user="JakeEdwardsville" changeset="109322874" lat="38.7932842" lon="-89.9934184"/>
  <node id="8988514302" version="1" timestamp="2021-08-07T19:14:02Z" uid="12955846" user="JakeEdwardsville" changeset="109322874" lat="38.7932637" lon="-89.9934254"/>
  <node id="8988514303" version="1" timestamp="2021-08-07T19:14:02Z" uid="12955846" user="JakeEdwardsville" changeset="109322874" lat="38.7932291" lon="-89.9934213"/>
  <node id="8988514304" version="1" timestamp="2021-08-07T19:14:02Z" uid="12955846" user="JakeEdwardsville" changeset="109322874" lat="38.7931463" lon="-89.9934137"/>
  <node id="8988514305" version="1" timestamp="2021-08-07T19:14:02Z" uid="12955846" user="JakeEdwardsville" changeset="109322874" lat="38.7930881" lon="-89.9934143"/>
  <node id="8988514306" version="1" timestamp="2021-08-07T19:14:02Z" uid="12955846" user="JakeEdwardsville" changeset="109322874" lat="38.7930462" lon="-89.9934178"/>
  <node id="8988514307" version="1" timestamp="2021-08-07T19:14:02Z" uid="12955846" user="JakeEdwardsville" changeset="109322874" lat="38.793003" lon="-89.9934207"/>
  <node id="8988514308" version="1" timestamp="2021-08-07T19:14:02Z" uid="12955846" user="JakeEdwardsville" changeset="109322874" lat="38.7929666" lon="-89.9934242"/>
  <node id="8988514309" version="1" timestamp="2021-08-07T19:14:02Z" uid="12955846" user="JakeEdwardsville" changeset="109322874" lat="38.7929502" lon="-89.9934224"/>
  <node id="8988514310" version="1" timestamp="2021-08-07T19:14:02Z" uid="12955846" user="JakeEdwardsville" changeset="109322874" lat="38.792932" lon="-89.9934113"/>
  <node id="8988514311" version="1" timestamp="2021-08-07T19:14:02Z" uid="12955846" user="JakeEdwardsville" changeset="109322874" lat="38.7929202" lon="-89.9933903"/>
  <node id="8988514312" version="1" timestamp="2021-08-07T19:14:02Z" uid="12955846" user="JakeEdwardsville" changeset="109322874" lat="38.7928851" lon="-89.9932333"/>
  <node id="8988514313" version="1" timestamp="2021-08-07T19:14:02Z" uid="12955846" user="JakeEdwardsville" changeset="109322874" lat="38.7937736" lon="-89.9929124"/>
  <node id="8988514314" version="1" timestamp="2021-08-07T19:14:02Z" uid="12955846" user="JakeEdwardsville" changeset="109322874" lat="38.7936554" lon="-89.9934283"/>
  <node id="8988514315" version="1" timestamp="2021-08-07T19:14:02Z" uid="12955846" user="JakeEdwardsville" changeset="109322874" lat="38.7936459" lon="-89.9934697"/>
  <node id="8988514316" version="1" timestamp="2021-08-07T19:14:02Z" uid="12955846" user="JakeEdwardsville" changeset="109322874" lat="38.7936363" lon="-89.9934884"/>
  <node id="8988514317" version="1" timestamp="2021-08-07T19:14:02Z" uid="12955846" user="JakeEdwardsville" changeset="109322874" lat="38.7936217" lon="-89.9935001"/>
  <node id="8988514318" version="1" timestamp="2021-08-07T19:14:02Z" uid="12955846" user="JakeEdwardsville" changeset="109322874" lat="38.7935931" lon="-89.9935059"/>
  <node id="8988514319" version="1" timestamp="2021-08-07T19:14:02Z" uid="12955846" user="JakeEdwardsville" changeset="109322874" lat="38.7934348" lon="-89.9934429"/>
  <node id="8988514320" version="1" timestamp="2021-08-07T19:14:02Z" uid="12955846" user="JakeEdwardsville" changeset="109322874" lat="38.793417" lon="-89.9934149"/>
  <node id="8988514321" version="1" timestamp="2021-08-07T19:14:02Z" uid="12955846" user="JakeEdwardsville" changeset="109322874" lat="38.793412" lon="-89.9933903"/>
  <node id="8988514322" version="1" timestamp="2021-08-07T19:14:02Z" uid="12955846" user="JakeEdwardsville" changeset="109322874" lat="38.7934184" lon="-89.9933541"/>
  <node id="8988514323" version="1" timestamp="2021-08-07T19:14:02Z" uid="12955846" user="JakeEdwardsville" changeset="109322874" lat="38.793536" lon="-89.9928245"/>
  <node id="8988514324" version="1" timestamp="2021-08-07T19:14:02Z" uid="12955846" user="JakeEdwardsville" changeset="109322874" lat="38.793425" lon="-89.9934306"/>
  <node id="8988514325" version="1" timestamp="2021-08-07T19:14:02Z" uid="12955846" user="JakeEdwardsville" changeset="109322874" lat="38.7937678" lon="-89.9933892"/>
  <node id="8988514326" version="1" timestamp="2021-08-07T19:14:02Z" uid="12955846" user="JakeEdwardsville" changeset="109322874" lat="38.7937323" lon="-89.9935275"/>
  <node id="8988514327" version="1" timestamp="2021-08-07T19:14:02Z" uid="12955846" user="JakeEdwardsville" changeset="109322874" lat="38.7937314" lon="-89.993555"/>
  <node id="8988514328" version="1" timestamp="2021-08-07T19:14:02Z" uid="12955846" user="JakeEdwardsville" changeset="109322874" lat="38.7937387" lon="-89.9935818"/>
  <node id="8988514329" version="1" timestamp="2021-08-07T19:14:02Z" uid="12955846" user="JakeEdwardsville" changeset="109322874" lat="38.7937582" lon="-89.9936087"/>
  <node id="8988514330" version="1" timestamp="2021-08-07T19:14:02Z" uid="12955846" user="JakeEdwardsville" changeset="109322874" lat="38.7940362" lon="-89.9937785"/>
  <node id="8988514331" version="1" timestamp="2021-08-07T19:14:02Z" uid="12955846" user="JakeEdwardsville" changeset="109322874" lat="38.7941404" lon="-89.9938457"/>
  <node id="8988514332" version="1" timestamp="2021-08-07T19:14:02Z" uid="12955846" user="JakeEdwardsville" changeset="109322874" lat="38.794231" lon="-89.9938906"/>
  <node id="8988514333" version="1" timestamp="2021-08-07T19:14:02Z" uid="12955846" user="JakeEdwardsville" changeset="109322874" lat="38.7943129" lon="-89.9939169"/>
  <node id="8988514334" version="1" timestamp="2021-08-07T19:14:02Z" uid="12955846" user="JakeEdwardsville" changeset="109322874" lat="38.7944016" lon="-89.9939373"/>
  <node id="8988514335" version="1" timestamp="2021-08-07T19:14:02Z" uid="12955846" user="JakeEdwardsville" changeset="109322874" lat="38.7944803" lon="-89.9939472"/>
  <node id="8988514336" version="1" timestamp="2021-08-07T19:14:02Z" uid="12955846" user="JakeEdwardsville" changeset="109322874" lat="38.7945849" lon="-89.9939501"/>
  <node id="8988514337" version="1" timestamp="2021-08-07T19:14:02Z" uid="12955846" user="JakeEdwardsville" changeset="109322874" lat="38.7946509" lon="-89.9939449"/>
  <node id="8988514338" version="1" timestamp="2021-08-07T19:14:02Z" uid="12955846" user="JakeEdwardsville" changeset="109322874" lat="38.7940664" lon="-89.993798"/>
  <node id="8988514339" version="1" timestamp="2021-08-07T19:14:02Z" uid="12955846" user="JakeEdwardsville" changeset="109322874" lat="38.7943754" lon="-89.9933477"/>
  <node id="8988514340" version="3" timestamp="2025-11-07T01:25:30Z" uid="19598846" user="wesleyote" changeset="174312871" lat="38.7943825" lon="-89.9933366">
    <tag k="barrier" v="kerb"/>
    <tag k="kerb" v="lowered"/>
    <tag k="tactile_paving" v="yes"/>
  </node>
  <node id="8988514341" version="1" timestamp="2021-08-07T19:14:02Z" uid="12955846" user="JakeEdwardsville" changeset="109322874" lat="38.7944653" lon="-89.9932399"/>
  <node id="8988514342" version="3" timestamp="2025-11-07T01:25:31Z" uid="19598846" user="wesleyote" changeset="174312868" lat="38.7944166" lon="-89.9932935">
    <tag k="crossing" v="marked"/>
    <tag k="crossing:island" v="no"/>
    <tag k="highway" v="crossing"/>
    <tag k="tactile_paving" v="yes"/>
  </node>
  <node id="8988514343" version="1" timestamp="2021-08-07T19:14:02Z" uid="12955846" user="JakeEdwardsville" changeset="109322874" lat="38.7941092" lon="-89.9937124"/>
  <node id="8988514344" version="1" timestamp="2021-08-07T19:14:02Z" uid="12955846" user="JakeEdwardsville" changeset="109322874" lat="38.7943272" lon="-89.9934053"/>
  <node id="8988514345" version="1" timestamp="2021-08-07T19:14:02Z" uid="12955846" user="JakeEdwardsville" changeset="109322874" lat="38.794619" lon="-89.9934189"/>
  <node id="8988514346" version="3" timestamp="2025-11-07T01:25:33Z" uid="19598846" user="wesleyote" changeset="174312868" lat="38.7945846" lon="-89.9934926">
    <tag k="crossing" v="marked"/>
    <tag k="crossing:island" v="no"/>
    <tag k="highway" v="crossing"/>
    <tag k="tactile_paving" v="yes"/>
  </node>
  <node id="8988514347" version="1" timestamp="2021-08-07T19:14:02Z" uid="12955846" user="JakeEdwardsville" changeset="109322874" lat="38.7952714" lon="-89.9938136"/>
  <node id="8988514348" version="1" timestamp="2021-08-07T19:14:02Z" uid="12955846" user="JakeEdwardsville" changeset="109322874" lat="38.7952471" lon="-89.9937286"/>
  <node id="8988514349" version="1" timestamp="2021-08-07T19:14:02Z" uid="12955846" user="JakeEdwardsville" changeset="109322874" lat="38.7953196" lon="-89.9939826"/>
  <node id="8988514350" version="1" timestamp="2021-08-07T19:14:02Z" uid="12955846" user="JakeEdwardsville" changeset="109322874" lat="38.7953331" lon="-89.99403"/>
  <node id="8988514351" version="1" timestamp="2021-08-07T19:14:02Z" uid="12955846" user="JakeEdwardsville" changeset="109322874" lat="38.7953342" lon="-89.9940641"/>
  <node id="8988514352" version="1" timestamp="2021-08-07T19:14:02Z" uid="12955846" user="JakeEdwardsville" changeset="109322874" lat="38.7953035" lon="-89.9941588"/>
  <node id="8988514353" version="2" timestamp="2025-10-27T03:02:43Z" uid="22570471" user="seateaeye" changeset="173818637" lat="38.7960326" lon="-89.9932368"/>
  <node id="8988514354" version="2" timestamp="2025-10-27T03:02:43Z" uid="22570471" user="seateaeye" changeset="173818637" lat="38.7959684" lon="-89.9932635"/>
  <node id="8988514355" version="2" timestamp="2025-10-27T03:02:43Z" uid="22570471" user="seateaeye" changeset="173818637" lat="38.7960011" lon="-89.9932499">
    <tag k="crossing" v="uncontrolled"/>
    <tag k="crossing:markings" v="zebra"/>
    <tag k="highway" v="crossing"/>
  </node>
  <node id="8988514356" version="1" timestamp="2021-08-07T19:14:02Z" uid="12955846" user="JakeEdwardsville" changeset="109322874" lat="38.7953842" lon="-89.9923865"/>
  <node id="8988514357" version="1" timestamp="2021-08-07T19:14:02Z" uid="12955846" user="JakeEdwardsville" changeset="109322874" lat="38.7954938" lon="-89.9922475"/>
  <node id="8988514358" version="1" timestamp="2021-08-07T19:14:02Z" uid="12955846" user="JakeEdwardsville" changeset="109322874" lat="38.7954445" lon="-89.9923118">
    <tag k="crossing" v="marked"/>
    <tag k="highway" v="crossing"/>
  </node>
  <node id="8988514359" version="1" timestamp="2021-08-07T19:14:02Z" uid="12955846" user="JakeEdwardsville" changeset="109322874" lat="38.7952316" lon="-89.992182"/>
  <node id="8988514360" version="1" timestamp="2021-08-07T19:14:02Z" uid="12955846" user="JakeEdwardsville" changeset="109322874" lat="38.7953124" lon="-89.9920457"/>
  <node id="8988514361" version="1" timestamp="2021-08-07T19:14:02Z" uid="12955846" user="JakeEdwardsville" changeset="109322874" lat="38.7952706" lon="-89.9921076">
    <tag k="crossing" v="marked"/>
    <tag k="highway" v="crossing"/>
  </node>
  <node id="8988514362" version="1" timestamp="2021-08-07T19:14:02Z" uid="12955846" user="JakeEdwardsville" changeset="109322874" lat="38.794103" lon="-89.9913872"/>
  <node id="8988514363" version="1" timestamp="2021-08-07T19:14:02Z" uid="12955846" user="JakeEdwardsville" changeset="109322874" lat="38.7941468" lon="-89.9912042"/>
  <node id="8988514364" version="1" timestamp="2021-08-07T19:14:02Z" uid="12955846" user="JakeEdwardsville" changeset="109322874" lat="38.7941292" lon="-89.9912824">
    <tag k="crossing" v="marked"/>
    <tag k="highway" v="crossing"/>
  </node>
  <node id="8988514365" version="1" timestamp="2021-08-07T19:14:02Z" uid="12955846" user="JakeEdwardsville" changeset="109322874" lat="38.7938859" lon="-89.9912956"/>
  <node id="8988514366" version="1" timestamp="2021-08-07T19:14:02Z" uid="12955846" user="JakeEdwardsville" changeset="109322874" lat="38.7938615" lon="-89.9911429"/>
  <node id="8988514367" version="1" timestamp="2021-08-07T19:14:02Z" uid="12955846" user="JakeEdwardsville" changeset="109322874" lat="38.7938695" lon="-89.9911903">
    <tag k="crossing" v="marked"/>
    <tag k="highway" v="crossing"/>
  </node>
  <node id="8988514368" version="1" timestamp="2021-08-07T19:14:02Z" uid="12955846" user="JakeEdwardsville" changeset="109322874" lat="38.794666" lon="-89.9933907"/>
  <node id="8988514369" version="1" timestamp="2021-08-07T19:14:02Z" uid="12955846" user="JakeEdwardsville" changeset="109322874" lat="38.7946399" lon="-89.9934155"/>
  <node id="8988514370" version="1" timestamp="2021-08-07T19:14:02Z" uid="12955846" user="JakeEdwardsville" changeset="109322874" lat="38.7945981" lon="-89.9934122"/>
  <node id="8988514371" version="1" timestamp="2021-08-07T19:14:02Z" uid="12955846" user="JakeEdwardsville" changeset="109322874" lat="38.7944753" lon="-89.9932835"/>
  <node id="8988514372" version="1" timestamp="2021-08-07T19:14:02Z" uid="12955846" user="JakeEdwardsville" changeset="109322874" lat="38.7944659" lon="-89.9932647"/>
  <node id="8988514373" version="1" timestamp="2021-08-07T19:14:02Z" uid="12955846" user="JakeEdwardsville" changeset="109322874" lat="38.7944674" lon="-89.9932097"/>
  <node id="8988514374" version="1" timestamp="2021-08-07T19:14:02Z" uid="12955846" user="JakeEdwardsville" changeset="109322874" lat="38.7944815" lon="-89.9931762"/>
  <node id="8988514375" version="1" timestamp="2021-08-07T19:14:02Z" uid="12955846" user="JakeEdwardsville" changeset="109322874" lat="38.7951927" lon="-89.9921991"/>
  <node id="8988514376" version="1" timestamp="2021-08-07T19:14:02Z" uid="12955846" user="JakeEdwardsville" changeset="109322874" lat="38.7952117" lon="-89.992184"/>
  <node id="8988514377" version="1" timestamp="2021-08-07T19:14:02Z" uid="12955846" user="JakeEdwardsville" changeset="109322874" lat="38.7952551" lon="-89.9921907"/>
  <node id="8988514378" version="1" timestamp="2021-08-07T19:14:02Z" uid="12955846" user="JakeEdwardsville" changeset="109322874" lat="38.795276" lon="-89.9922108"/>
  <node id="8988514379" version="1" timestamp="2021-08-07T19:14:02Z" uid="12955846" user="JakeEdwardsville" changeset="109322874" lat="38.7953785" lon="-89.9923315"/>
  <node id="8988514380" version="1" timestamp="2021-08-07T19:14:02Z" uid="12955846" user="JakeEdwardsville" changeset="109322874" lat="38.7953832" lon="-89.9923537"/>
  <node id="8988514381" version="1" timestamp="2021-08-07T19:14:02Z" uid="12955846" user="JakeEdwardsville" changeset="109322874" lat="38.7953758" lon="-89.9924167"/>
  <node id="8988514382" version="1" timestamp="2021-08-07T19:14:02Z" uid="12955846" user="JakeEdwardsville" changeset="109322874" lat="38.7953445" lon="-89.9924556"/>
  <node id="8988514383" version="1" timestamp="2021-08-07T19:14:02Z" uid="12955846" user="JakeEdwardsville" changeset="109322874" lat="38.7946156" lon="-89.9934416"/>
  <node id="8988514384" version="1" timestamp="2021-08-07T19:14:02Z" uid="12955846" user="JakeEdwardsville" changeset="109322874" lat="38.7944496" lon="-89.9932534"/>
  <node id="8988514385" version="3" timestamp="2025-11-07T01:25:38Z" uid="19598846" user="wesleyote" changeset="174312871" lat="38.7938007" lon="-89.9927668">
    <tag k="barrier" v="kerb"/>
    <tag k="kerb" v="lowered"/>
    <tag k="tactile_paving" v="yes"/>
  </node>
  <node id="8988514386" version="3" timestamp="2025-11-07T01:25:34Z" uid="19598846" user="wesleyote" changeset="174312868" lat="38.7937852" lon="-89.9928503">
    <tag k="crossing" v="marked"/>
    <tag k="crossing:island" v="no"/>
    <tag k="highway" v="crossing"/>
    <tag k="tactile_paving" v="yes"/>
  </node>
  <node id="8988514387" version="1" timestamp="2021-08-07T19:14:02Z" uid="12955846" user="JakeEdwardsville" changeset="109322874" lat="38.7937917" lon="-89.9927513"/>
  <node id="8988514388" version="3" timestamp="2025-11-07T01:25:38Z" uid="19598846" user="wesleyote" changeset="174312871" lat="38.7935694" lon="-89.9926819">
    <tag k="barrier" v="kerb"/>
    <tag k="kerb" v="lowered"/>
    <tag k="tactile_paving" v="yes"/>
  </node>
  <node id="8988514389" version="1" timestamp="2021-08-07T19:14:02Z" uid="12955846" user="JakeEdwardsville" changeset="109322874" lat="38.7935816" lon="-89.9926731"/>
  <node id="8988514390" version="1" timestamp="2021-08-07T19:14:02Z" uid="12955846" user="JakeEdwardsville" changeset="109322874" lat="38.7935538" lon="-89.9927486"/>
  <node id="8988514391" version="3" timestamp="2025-11-07T01:25:39Z" uid="19598846" user="wesleyote" changeset="174312868" lat="38.7935505" lon="-89.9927626">
    <tag k="crossing" v="marked"/>
    <tag k="crossing:island" v="no"/>
    <tag k="highway" v="crossing"/>
    <tag k="tactile_paving" v="yes"/>
  </node>
  <node id="8988514392" version="2" timestamp="2025-10-27T03:02:43Z" uid="22570471" user="seateaeye" changeset="173818637" lat="38.7958314" lon="-89.9932973"/>
  <node id="8988514393" version="2" timestamp="2025-10-27T03:02:43Z" uid="22570471" user="seateaeye" changeset="173818637" lat="38.7961574" lon="-89.993182"/>
  <node id="8988514394" version="1" timestamp="2021-08-07T19:14:02Z" uid="12955846" user="JakeEdwardsville" changeset="109322874" lat="38.7970613" lon="-89.996461"/>
  <node id="8988514395" version="1" timestamp="2021-08-07T19:14:02Z" uid="12955846" user="JakeEdwardsville" changeset="109322874" lat="38.7972019" lon="-89.9964379"/>
  <node id="8988514396" version="1" timestamp="2021-08-07T19:14:02Z" uid="12955846" user="JakeEdwardsville" changeset="109322874" lat="38.797101" lon="-90.0003798"/>
  <node id="8988514397" version="1" timestamp="2021-08-07T19:14:02Z" uid="12955846" user="JakeEdwardsville" changeset="109322874" lat="38.7970414" lon="-90.0019073"/>
  <node id="8988514398" version="2" timestamp="2023-06-03T16:17:04Z" uid="12955846" user="JakeEdwardsville" changeset="136908242" lat="38.7967493" lon="-90.0027896"/>
  <node id="8988514399" version="2" timestamp="2023-06-03T16:17:04Z" uid="12955846" user="JakeEdwardsville" changeset="136908242" lat="38.7966137" lon="-90.00302"/>
  <node id="8988514400" version="2" timestamp="2023-06-03T16:17:04Z" uid="12955846" user="JakeEdwardsville" changeset="136908242" lat="38.7966743" lon="-90.0029194">
    <tag k="crossing" v="marked"/>
    <tag k="crossing:markings" v="yes"/>
    <tag k="highway" v="crossing"/>
  </node>
  <node id="8988514401" version="1" timestamp="2021-08-07T19:14:02Z" uid="12955846" user="JakeEdwardsville" changeset="109322874" lat="38.794465" lon="-90.0033036"/>
  <node id="8988514402" version="1" timestamp="2021-08-07T19:14:02Z" uid="12955846" user="JakeEdwardsville" changeset="109322874" lat="38.7927796" lon="-90.0031045"/>
  <node id="8988514403" version="1" timestamp="2021-08-07T19:14:02Z" uid="12955846" user="JakeEdwardsville" changeset="109322874" lat="38.7926444" lon="-90.0031127"/>
  <node id="8988514404" version="1" timestamp="2021-08-07T19:14:02Z" uid="12955846" user="JakeEdwardsville" changeset="109322874" lat="38.7923764" lon="-90.0031518"/>
  <node id="8988514405" version="1" timestamp="2021-08-07T19:14:02Z" uid="12955846" user="JakeEdwardsville" changeset="109322874" lat="38.7922127" lon="-90.0031728"/>
  <node id="8988514406" version="1" timestamp="2021-08-07T19:14:02Z" uid="12955846" user="JakeEdwardsville" changeset="109322874" lat="38.7922863" lon="-90.0031634">
    <tag k="crossing" v="marked"/>
    <tag k="highway" v="crossing"/>
  </node>
  <node id="8988514414" version="1" timestamp="2021-08-07T19:14:02Z" uid="12955846" user="JakeEdwardsville" changeset="109322874" lat="38.7918273" lon="-90.0032277"/>
  <node id="8988514415" version="1" timestamp="2021-08-07T19:14:02Z" uid="12955846" user="JakeEdwardsville" changeset="109322874" lat="38.7915356" lon="-90.0032627"/>
  <node id="8988514416" version="1" timestamp="2021-08-07T19:14:02Z" uid="12955846" user="JakeEdwardsville" changeset="109322874" lat="38.7917036" lon="-90.0032425">
    <tag k="crossing" v="marked"/>
    <tag k="highway" v="crossing"/>
  </node>
  <node id="8988514417" version="1" timestamp="2021-08-07T19:14:02Z" uid="12955846" user="JakeEdwardsville" changeset="109322874" lat="38.7901119" lon="-90.0024869"/>
  <node id="8988514418" version="1" timestamp="2021-08-07T19:14:02Z" uid="12955846" user="JakeEdwardsville" changeset="109322874" lat="38.7901518" lon="-90.0025651">
    <tag k="crossing" v="marked"/>
    <tag k="highway" v="crossing"/>
  </node>
  <node id="8988514419" version="1" timestamp="2021-08-07T19:14:02Z" uid="12955846" user="JakeEdwardsville" changeset="109322874" lat="38.7901468" lon="-89.998079"/>
  <node id="8988514420" version="1" timestamp="2021-08-07T19:14:02Z" uid="12955846" user="JakeEdwardsville" changeset="109322874" lat="38.7901482" lon="-89.9979365"/>
  <node id="8988514421" version="1" timestamp="2021-08-07T19:14:02Z" uid="12955846" user="JakeEdwardsville" changeset="109322874" lat="38.7901475" lon="-89.9980084">
    <tag k="crossing" v="marked"/>
    <tag k="highway" v="crossing"/>
  </node>
  <node id="8988514422" version="1" timestamp="2021-08-07T19:14:02Z" uid="12955846" user="JakeEdwardsville" changeset="109322874" lat="38.7906622" lon="-89.9960926"/>
  <node id="8988514423" version="1" timestamp="2021-08-07T19:14:02Z" uid="12955846" user="JakeEdwardsville" changeset="109322874" lat="38.7906584" lon="-89.9961363"/>
  <node id="8988514424" version="1" timestamp="2021-08-07T19:14:02Z" uid="12955846" user="JakeEdwardsville" changeset="109322874" lat="38.7906409" lon="-89.9962141"/>
  <node id="8988514425" version="1" timestamp="2021-08-07T19:14:02Z" uid="12955846" user="JakeEdwardsville" changeset="109322874" lat="38.7906046" lon="-89.9963334"/>
  <node id="8988514426" version="1" timestamp="2021-08-07T19:14:02Z" uid="12955846" user="JakeEdwardsville" changeset="109322874" lat="38.7905453" lon="-89.9965007"/>
  <node id="8988514427" version="1" timestamp="2021-08-07T19:14:02Z" uid="12955846" user="JakeEdwardsville" changeset="109322874" lat="38.7904896" lon="-89.9966543"/>
  <node id="8988514428" version="1" timestamp="2021-08-07T19:14:02Z" uid="12955846" user="JakeEdwardsville" changeset="109322874" lat="38.7904143" lon="-89.9968625"/>
  <node id="8988514429" version="1" timestamp="2021-08-07T19:14:02Z" uid="12955846" user="JakeEdwardsville" changeset="109322874" lat="38.7903527" lon="-89.9970305"/>
  <node id="8988514430" version="1" timestamp="2021-08-07T19:14:02Z" uid="12955846" user="JakeEdwardsville" changeset="109322874" lat="38.7903145" lon="-89.9971334"/>
  <node id="8988514431" version="1" timestamp="2021-08-07T19:14:02Z" uid="12955846" user="JakeEdwardsville" changeset="109322874" lat="38.7902765" lon="-89.9972406"/>
  <node id="8988514432" version="1" timestamp="2021-08-07T19:14:02Z" uid="12955846" user="JakeEdwardsville" changeset="109322874" lat="38.7902468" lon="-89.9973407"/>
  <node id="8988514433" version="1" timestamp="2021-08-07T19:14:02Z" uid="12955846" user="JakeEdwardsville" changeset="109322874" lat="38.7902215" lon="-89.9974444"/>
  <node id="8988514434" version="1" timestamp="2021-08-07T19:14:02Z" uid="12955846" user="JakeEdwardsville" changeset="109322874" lat="38.7902013" lon="-89.997543"/>
  <node id="8988514435" version="1" timestamp="2021-08-07T19:14:02Z" uid="12955846" user="JakeEdwardsville" changeset="109322874" lat="38.7901787" lon="-89.9976863"/>
  <node id="8988514436" version="1" timestamp="2021-08-07T19:14:02Z" uid="12955846" user="JakeEdwardsville" changeset="109322874" lat="38.7901628" lon="-89.9977988"/>
  <node id="8988514437" version="1" timestamp="2021-08-07T19:14:02Z" uid="12955846" user="JakeEdwardsville" changeset="109322874" lat="38.7901577" lon="-89.9981914"/>
  <node id="8988514438" version="1" timestamp="2021-08-07T19:14:02Z" uid="12955846" user="JakeEdwardsville" changeset="109322874" lat="38.7901735" lon="-89.998353"/>
  <node id="8988514439" version="1" timestamp="2021-08-07T19:14:02Z" uid="12955846" user="JakeEdwardsville" changeset="109322874" lat="38.7901866" lon="-89.9984369"/>
  <node id="8988514440" version="1" timestamp="2021-08-07T19:14:02Z" uid="12955846" user="JakeEdwardsville" changeset="109322874" lat="38.7902052" lon="-89.9985406"/>
  <node id="8988514441" version="1" timestamp="2021-08-07T19:14:02Z" uid="12955846" user="JakeEdwardsville" changeset="109322874" lat="38.7902333" lon="-89.9986874"/>
  <node id="8988514442" version="1" timestamp="2021-08-07T19:14:02Z" uid="12955846" user="JakeEdwardsville" changeset="109322874" lat="38.7902698" lon="-89.9988668"/>
  <node id="8988514443" version="1" timestamp="2021-08-07T19:14:02Z" uid="12955846" user="JakeEdwardsville" changeset="109322874" lat="38.7902991" lon="-89.9990284"/>
  <node id="8988514444" version="1" timestamp="2021-08-07T19:14:02Z" uid="12955846" user="JakeEdwardsville" changeset="109322874" lat="38.7903248" lon="-89.9991605"/>
  <node id="8988514445" version="1" timestamp="2021-08-07T19:14:02Z" uid="12955846" user="JakeEdwardsville" changeset="109322874" lat="38.7903351" lon="-89.9992418"/>
  <node id="8988514446" version="1" timestamp="2021-08-07T19:14:02Z" uid="12955846" user="JakeEdwardsville" changeset="109322874" lat="38.7903403" lon="-89.9993094"/>
  <node id="8988514447" version="1" timestamp="2021-08-07T19:14:02Z" uid="12955846" user="JakeEdwardsville" changeset="109322874" lat="38.790347" lon="-89.999436"/>
  <node id="8988514448" version="1" timestamp="2021-08-07T19:14:02Z" uid="12955846" user="JakeEdwardsville" changeset="109322874" lat="38.7903458" lon="-89.9995442"/>
  <node id="8988514449" version="1" timestamp="2021-08-07T19:14:02Z" uid="12955846" user="JakeEdwardsville" changeset="109322874" lat="38.7903419" lon="-89.9996413"/>
  <node id="8988514450" version="1" timestamp="2021-08-07T19:14:02Z" uid="12955846" user="JakeEdwardsville" changeset="109322874" lat="38.7903288" lon="-89.9997399"/>
  <node id="8988514451" version="1" timestamp="2021-08-07T19:14:02Z" uid="12955846" user="JakeEdwardsville" changeset="109322874" lat="38.7903165" lon="-89.9998197"/>
  <node id="8988514452" version="1" timestamp="2021-08-07T19:14:02Z" uid="12955846" user="JakeEdwardsville" changeset="109322874" lat="38.7902947" lon="-89.9999325"/>
  <node id="8988514453" version="1" timestamp="2021-08-07T19:14:02Z" uid="12955846" user="JakeEdwardsville" changeset="109322874" lat="38.7902662" lon="-90.0000463"/>
  <node id="8988514454" version="1" timestamp="2021-08-07T19:14:02Z" uid="12955846" user="JakeEdwardsville" changeset="109322874" lat="38.7902294" lon="-90.0001601"/>
  <node id="8988514455" version="1" timestamp="2021-08-07T19:14:02Z" uid="12955846" user="JakeEdwardsville" changeset="109322874" lat="38.790189" lon="-90.0002877"/>
  <node id="8988514456" version="1" timestamp="2021-08-07T19:14:02Z" uid="12955846" user="JakeEdwardsville" changeset="109322874" lat="38.7900979" lon="-90.0005596"/>
  <node id="8988514457" version="1" timestamp="2021-08-07T19:14:02Z" uid="12955846" user="JakeEdwardsville" changeset="109322874" lat="38.7900377" lon="-90.0007456"/>
  <node id="8988514458" version="1" timestamp="2021-08-07T19:14:02Z" uid="12955846" user="JakeEdwardsville" changeset="109322874" lat="38.7899818" lon="-90.0009209"/>
  <node id="8988514459" version="1" timestamp="2021-08-07T19:14:02Z" uid="12955846" user="JakeEdwardsville" changeset="109322874" lat="38.7899612" lon="-90.0009956"/>
  <node id="8988514460" version="1" timestamp="2021-08-07T19:14:02Z" uid="12955846" user="JakeEdwardsville" changeset="109322874" lat="38.7899438" lon="-90.0010738"/>
  <node id="8988514461" version="1" timestamp="2021-08-07T19:14:02Z" uid="12955846" user="JakeEdwardsville" changeset="109322874" lat="38.7899208" lon="-90.0011989"/>
  <node id="8988514462" version="1" timestamp="2021-08-07T19:14:02Z" uid="12955846" user="JakeEdwardsville" changeset="109322874" lat="38.7899054" lon="-90.0013203"/>
  <node id="8988514463" version="1" timestamp="2021-08-07T19:14:02Z" uid="12955846" user="JakeEdwardsville" changeset="109322874" lat="38.7898978" lon="-90.0014509"/>
  <node id="8988514464" version="1" timestamp="2021-08-07T19:14:02Z" uid="12955846" user="JakeEdwardsville" changeset="109322874" lat="38.7898978" lon="-90.0015409"/>
  <node id="8988514465" version="1" timestamp="2021-08-07T19:14:02Z" uid="12955846" user="JakeEdwardsville" changeset="109322874" lat="38.7899014" lon="-90.0016664"/>
  <node id="8988514466" version="1" timestamp="2021-08-07T19:14:02Z" uid="12955846" user="JakeEdwardsville" changeset="109322874" lat="38.7899129" lon="-90.0017873"/>
  <node id="8988514467" version="1" timestamp="2021-08-07T19:14:02Z" uid="12955846" user="JakeEdwardsville" changeset="109322874" lat="38.7899275" lon="-90.0019154"/>
  <node id="8988514468" version="1" timestamp="2021-08-07T19:14:02Z" uid="12955846" user="JakeEdwardsville" changeset="109322874" lat="38.7899604" lon="-90.0020623"/>
  <node id="8988514469" version="1" timestamp="2021-08-07T19:14:02Z" uid="12955846" user="JakeEdwardsville" changeset="109322874" lat="38.7899921" lon="-90.002167"/>
  <node id="8988514470" version="1" timestamp="2021-08-07T19:14:02Z" uid="12955846" user="JakeEdwardsville" changeset="109322874" lat="38.7900234" lon="-90.0022594"/>
  <node id="8988514471" version="1" timestamp="2021-08-07T19:14:02Z" uid="12955846" user="JakeEdwardsville" changeset="109322874" lat="38.790065" lon="-90.0023718"/>
  <node id="8988514472" version="1" timestamp="2021-08-07T19:14:02Z" uid="12955846" user="JakeEdwardsville" changeset="109322874" lat="38.7901643" lon="-90.0026481"/>
  <node id="8988514473" version="1" timestamp="2021-08-07T19:14:02Z" uid="12955846" user="JakeEdwardsville" changeset="109322874" lat="38.7901898" lon="-90.0026472"/>
  <node id="8988514474" version="1" timestamp="2021-08-07T19:14:02Z" uid="12955846" user="JakeEdwardsville" changeset="109322874" lat="38.7902135" lon="-90.0026538"/>
  <node id="8988514475" version="1" timestamp="2021-08-07T19:14:02Z" uid="12955846" user="JakeEdwardsville" changeset="109322874" lat="38.7902393" lon="-90.0026863"/>
  <node id="8988514476" version="1" timestamp="2021-08-07T19:14:02Z" uid="12955846" user="JakeEdwardsville" changeset="109322874" lat="38.7903007" lon="-90.0027691"/>
  <node id="8988514477" version="1" timestamp="2021-08-07T19:14:02Z" uid="12955846" user="JakeEdwardsville" changeset="109322874" lat="38.7903593" lon="-90.0028383"/>
  <node id="8988514478" version="1" timestamp="2021-08-07T19:14:02Z" uid="12955846" user="JakeEdwardsville" changeset="109322874" lat="38.7904266" lon="-90.0029099"/>
  <node id="8988514479" version="1" timestamp="2021-08-07T19:14:02Z" uid="12955846" user="JakeEdwardsville" changeset="109322874" lat="38.7905118" lon="-90.0029811"/>
  <node id="8988514480" version="1" timestamp="2021-08-07T19:14:02Z" uid="12955846" user="JakeEdwardsville" changeset="109322874" lat="38.7905989" lon="-90.0030476"/>
  <node id="8988514481" version="1" timestamp="2021-08-07T19:14:02Z" uid="12955846" user="JakeEdwardsville" changeset="109322874" lat="38.7906805" lon="-90.0031046"/>
  <node id="8988514482" version="1" timestamp="2021-08-07T19:14:02Z" uid="12955846" user="JakeEdwardsville" changeset="109322874" lat="38.7907609" lon="-90.0031477"/>
  <node id="8988514483" version="1" timestamp="2021-08-07T19:14:02Z" uid="12955846" user="JakeEdwardsville" changeset="109322874" lat="38.7908362" lon="-90.0031823"/>
  <node id="8988514484" version="1" timestamp="2021-08-07T19:14:02Z" uid="12955846" user="JakeEdwardsville" changeset="109322874" lat="38.7909226" lon="-90.0032123"/>
  <node id="8988514485" version="1" timestamp="2021-08-07T19:14:02Z" uid="12955846" user="JakeEdwardsville" changeset="109322874" lat="38.7910097" lon="-90.0032382"/>
  <node id="8988514486" version="1" timestamp="2021-08-07T19:14:02Z" uid="12955846" user="JakeEdwardsville" changeset="109322874" lat="38.7910929" lon="-90.003256"/>
  <node id="8988514487" version="1" timestamp="2021-08-07T19:14:02Z" uid="12955846" user="JakeEdwardsville" changeset="109322874" lat="38.7911709" lon="-90.0032656"/>
  <node id="8988514488" version="1" timestamp="2021-08-07T19:14:02Z" uid="12955846" user="JakeEdwardsville" changeset="109322874" lat="38.7912683" lon="-90.0032672"/>
  <node id="8988514489" version="1" timestamp="2021-08-07T19:14:02Z" uid="12955846" user="JakeEdwardsville" changeset="109322874" lat="38.7913634" lon="-90.0032641"/>
  <node id="8988514490" version="1" timestamp="2021-08-07T19:14:02Z" uid="12955846" user="JakeEdwardsville" changeset="109322874" lat="38.7914601" lon="-90.0032534"/>
  <node id="8988514491" version="1" timestamp="2021-08-07T19:14:02Z" uid="12955846" user="JakeEdwardsville" changeset="109322874" lat="38.7915006" lon="-90.003256"/>
  <node id="8988514492" version="1" timestamp="2021-08-07T19:14:02Z" uid="12955846" user="JakeEdwardsville" changeset="109322874" lat="38.791887" lon="-90.0032021"/>
  <node id="8988514493" version="1" timestamp="2021-08-07T19:14:02Z" uid="12955846" user="JakeEdwardsville" changeset="109322874" lat="38.7919575" lon="-90.0031894"/>
  <node id="8988514494" version="1" timestamp="2021-08-07T19:14:02Z" uid="12955846" user="JakeEdwardsville" changeset="109322874" lat="38.7920859" lon="-90.0031747"/>
  <node id="8988514495" version="1" timestamp="2021-08-07T19:14:02Z" uid="12955846" user="JakeEdwardsville" changeset="109322874" lat="38.792177" lon="-90.0031635"/>
  <node id="8988514496" version="1" timestamp="2021-08-07T19:14:02Z" uid="12955846" user="JakeEdwardsville" changeset="109322874" lat="38.7924079" lon="-90.0031345"/>
  <node id="8988514497" version="1" timestamp="2021-08-07T19:14:02Z" uid="12955846" user="JakeEdwardsville" changeset="109322874" lat="38.792522" lon="-90.0031152"/>
  <node id="8988514498" version="1" timestamp="2021-08-07T19:14:02Z" uid="12955846" user="JakeEdwardsville" changeset="109322874" lat="38.7928337" lon="-90.0030832"/>
  <node id="8988514499" version="1" timestamp="2021-08-07T19:14:02Z" uid="12955846" user="JakeEdwardsville" changeset="109322874" lat="38.7928967" lon="-90.0030675"/>
  <node id="8988514500" version="1" timestamp="2021-08-07T19:14:02Z" uid="12955846" user="JakeEdwardsville" changeset="109322874" lat="38.7929866" lon="-90.0030629"/>
  <node id="8988514501" version="1" timestamp="2021-08-07T19:14:02Z" uid="12955846" user="JakeEdwardsville" changeset="109322874" lat="38.793082" lon="-90.0030598"/>
  <node id="8988514502" version="1" timestamp="2021-08-07T19:14:02Z" uid="12955846" user="JakeEdwardsville" changeset="109322874" lat="38.7931712" lon="-90.0030603"/>
  <node id="8988514503" version="1" timestamp="2021-08-07T19:14:02Z" uid="12955846" user="JakeEdwardsville" changeset="109322874" lat="38.7932524" lon="-90.003068"/>
  <node id="8988514504" version="1" timestamp="2021-08-07T19:14:02Z" uid="12955846" user="JakeEdwardsville" changeset="109322874" lat="38.7933312" lon="-90.0030776"/>
  <node id="8988514505" version="1" timestamp="2021-08-07T19:14:02Z" uid="12955846" user="JakeEdwardsville" changeset="109322874" lat="38.7934128" lon="-90.0030929"/>
  <node id="8988514506" version="1" timestamp="2021-08-07T19:14:02Z" uid="12955846" user="JakeEdwardsville" changeset="109322874" lat="38.7934928" lon="-90.0031096"/>
  <node id="8988514507" version="1" timestamp="2021-08-07T19:14:02Z" uid="12955846" user="JakeEdwardsville" changeset="109322874" lat="38.7935791" lon="-90.0031325"/>
  <node id="8988514508" version="1" timestamp="2021-08-07T19:14:02Z" uid="12955846" user="JakeEdwardsville" changeset="109322874" lat="38.7936318" lon="-90.0031488"/>
  <node id="8988514509" version="1" timestamp="2021-08-07T19:14:02Z" uid="12955846" user="JakeEdwardsville" changeset="109322874" lat="38.793717" lon="-90.0031787"/>
  <node id="8988514510" version="1" timestamp="2021-08-07T19:14:02Z" uid="12955846" user="JakeEdwardsville" changeset="109322874" lat="38.7938116" lon="-90.0032174"/>
  <node id="8988514511" version="1" timestamp="2021-08-07T19:14:02Z" uid="12955846" user="JakeEdwardsville" changeset="109322874" lat="38.7939503" lon="-90.0032794"/>
  <node id="8988514512" version="1" timestamp="2021-08-07T19:14:02Z" uid="12955846" user="JakeEdwardsville" changeset="109322874" lat="38.7940984" lon="-90.003348"/>
  <node id="8988514513" version="1" timestamp="2021-08-07T19:14:02Z" uid="12955846" user="JakeEdwardsville" changeset="109322874" lat="38.7945254" lon="-90.0035411"/>
  <node id="8988514514" version="1" timestamp="2021-08-07T19:14:02Z" uid="12955846" user="JakeEdwardsville" changeset="109322874" lat="38.7946672" lon="-90.0036061"/>
  <node id="8988514515" version="1" timestamp="2021-08-07T19:14:02Z" uid="12955846" user="JakeEdwardsville" changeset="109322874" lat="38.7947416" lon="-90.0036361"/>
  <node id="8988514516" version="1" timestamp="2021-08-07T19:14:02Z" uid="12955846" user="JakeEdwardsville" changeset="109322874" lat="38.7948351" lon="-90.0036717"/>
  <node id="8988514517" version="1" timestamp="2021-08-07T19:14:02Z" uid="12955846" user="JakeEdwardsville" changeset="109322874" lat="38.7949238" lon="-90.0036981"/>
  <node id="8988514518" version="1" timestamp="2021-08-07T19:14:02Z" uid="12955846" user="JakeEdwardsville" changeset="109322874" lat="38.7950117" lon="-90.0037159"/>
  <node id="8988514519" version="1" timestamp="2021-08-07T19:14:02Z" uid="12955846" user="JakeEdwardsville" changeset="109322874" lat="38.7950937" lon="-90.0037291"/>
  <node id="8988514520" version="1" timestamp="2021-08-07T19:14:02Z" uid="12955846" user="JakeEdwardsville" changeset="109322874" lat="38.7951836" lon="-90.0037398"/>
  <node id="8988514521" version="1" timestamp="2021-08-07T19:14:02Z" uid="12955846" user="JakeEdwardsville" changeset="109322874" lat="38.7952747" lon="-90.0037393"/>
  <node id="8988514522" version="1" timestamp="2021-08-07T19:14:02Z" uid="12955846" user="JakeEdwardsville" changeset="109322874" lat="38.7953924" lon="-90.0037372"/>
  <node id="8988514523" version="1" timestamp="2021-08-07T19:14:02Z" uid="12955846" user="JakeEdwardsville" changeset="109322874" lat="38.7954985" lon="-90.003725"/>
  <node id="8988514524" version="1" timestamp="2021-08-07T19:14:02Z" uid="12955846" user="JakeEdwardsville" changeset="109322874" lat="38.7955821" lon="-90.0037073"/>
  <node id="8988514525" version="1" timestamp="2021-08-07T19:14:02Z" uid="12955846" user="JakeEdwardsville" changeset="109322874" lat="38.7956827" lon="-90.0036844"/>
  <node id="8988514526" version="1" timestamp="2021-08-07T19:14:02Z" uid="12955846" user="JakeEdwardsville" changeset="109322874" lat="38.7957797" lon="-90.0036529"/>
  <node id="8988514527" version="1" timestamp="2021-08-07T19:14:02Z" uid="12955846" user="JakeEdwardsville" changeset="109322874" lat="38.7958748" lon="-90.0036127"/>
  <node id="8988514528" version="1" timestamp="2021-08-07T19:14:02Z" uid="12955846" user="JakeEdwardsville" changeset="109322874" lat="38.7959623" lon="-90.0035695"/>
  <node id="8988514529" version="1" timestamp="2021-08-07T19:14:02Z" uid="12955846" user="JakeEdwardsville" changeset="109322874" lat="38.7960392" lon="-90.0035274"/>
  <node id="8988514530" version="1" timestamp="2021-08-07T19:14:02Z" uid="12955846" user="JakeEdwardsville" changeset="109322874" lat="38.7961283" lon="-90.0034725"/>
  <node id="8988514531" version="1" timestamp="2021-08-07T19:14:02Z" uid="12955846" user="JakeEdwardsville" changeset="109322874" lat="38.7962241" lon="-90.0034013"/>
  <node id="8988514532" version="1" timestamp="2021-08-07T19:14:02Z" uid="12955846" user="JakeEdwardsville" changeset="109322874" lat="38.796299" lon="-90.0033398"/>
  <node id="8988514533" version="1" timestamp="2021-08-07T19:14:02Z" uid="12955846" user="JakeEdwardsville" changeset="109322874" lat="38.7963627" lon="-90.0032799"/>
  <node id="8988514534" version="1" timestamp="2021-08-07T19:14:02Z" uid="12955846" user="JakeEdwardsville" changeset="109322874" lat="38.7964321" lon="-90.0032113"/>
  <node id="8988514535" version="1" timestamp="2021-08-07T19:14:02Z" uid="12955846" user="JakeEdwardsville" changeset="109322874" lat="38.7965136" lon="-90.0031203"/>
  <node id="8988514536" version="2" timestamp="2023-06-03T16:17:04Z" uid="12955846" user="JakeEdwardsville" changeset="136908242" lat="38.79659" lon="-90.0030389"/>
  <node id="8988514537" version="1" timestamp="2021-08-07T19:14:02Z" uid="12955846" user="JakeEdwardsville" changeset="109322874" lat="38.795404" lon="-90.0037359"/>
  <node id="8988514538" version="1" timestamp="2021-08-07T19:14:02Z" uid="12955846" user="JakeEdwardsville" changeset="109322874" lat="38.7954614" lon="-90.0037827"/>
  <node id="8988514539" version="1" timestamp="2021-08-07T19:14:02Z" uid="12955846" user="JakeEdwardsville" changeset="109322874" lat="38.7955647" lon="-90.0038341"/>
  <node id="8988514540" version="1" timestamp="2021-08-07T19:14:02Z" uid="12955846" user="JakeEdwardsville" changeset="109322874" lat="38.7958322" lon="-90.0039619"/>
  <node id="8988514541" version="1" timestamp="2021-08-07T19:14:02Z" uid="12955846" user="JakeEdwardsville" changeset="109322874" lat="38.7959132" lon="-90.004004"/>
  <node id="8988514542" version="1" timestamp="2021-08-07T19:14:02Z" uid="12955846" user="JakeEdwardsville" changeset="109322874" lat="38.7959742" lon="-90.0040466"/>
  <node id="8988514543" version="1" timestamp="2021-08-07T19:14:02Z" uid="12955846" user="JakeEdwardsville" changeset="109322874" lat="38.7960474" lon="-90.0041044"/>
  <node id="8988514544" version="1" timestamp="2021-08-07T19:14:02Z" uid="12955846" user="JakeEdwardsville" changeset="109322874" lat="38.7960865" lon="-90.0041342"/>
  <node id="8988514545" version="1" timestamp="2021-08-07T19:14:02Z" uid="12955846" user="JakeEdwardsville" changeset="109322874" lat="38.7961075" lon="-90.00414"/>
  <node id="8988514546" version="1" timestamp="2021-08-07T19:14:02Z" uid="12955846" user="JakeEdwardsville" changeset="109322874" lat="38.7961389" lon="-90.0041394"/>
  <node id="8988514547" version="1" timestamp="2021-08-07T19:14:02Z" uid="12955846" user="JakeEdwardsville" changeset="109322874" lat="38.7961634" lon="-90.0041236"/>
  <node id="8988514548" version="1" timestamp="2021-08-07T19:14:02Z" uid="12955846" user="JakeEdwardsville" changeset="109322874" lat="38.7961953" lon="-90.0040793"/>
  <node id="8988514549" version="1" timestamp="2021-08-07T19:14:02Z" uid="12955846" user="JakeEdwardsville" changeset="109322874" lat="38.7962412" lon="-90.0040186"/>
  <node id="8988514550" version="1" timestamp="2021-08-07T19:14:02Z" uid="12955846" user="JakeEdwardsville" changeset="109322874" lat="38.7963527" lon="-90.0041301"/>
  <node id="8988514551" version="1" timestamp="2021-08-07T19:14:02Z" uid="12955846" user="JakeEdwardsville" changeset="109322874" lat="38.7965242" lon="-90.0043052"/>
  <node id="8988514552" version="1" timestamp="2021-08-07T19:14:02Z" uid="12955846" user="JakeEdwardsville" changeset="109322874" lat="38.7966516" lon="-90.0044295"/>
  <node id="8988514553" version="1" timestamp="2021-08-07T19:14:02Z" uid="12955846" user="JakeEdwardsville" changeset="109322874" lat="38.7967649" lon="-90.0045282"/>
  <node id="8988514554" version="1" timestamp="2021-08-07T19:14:02Z" uid="12955846" user="JakeEdwardsville" changeset="109322874" lat="38.7969123" lon="-90.0046502"/>
  <node id="8988514555" version="1" timestamp="2021-08-07T19:14:02Z" uid="12955846" user="JakeEdwardsville" changeset="109322874" lat="38.7969573" lon="-90.0046934"/>
  <node id="8988514556" version="1" timestamp="2021-08-07T19:14:02Z" uid="12955846" user="JakeEdwardsville" changeset="109322874" lat="38.796971" lon="-90.0047278"/>
  <node id="8988514557" version="1" timestamp="2021-08-07T19:14:02Z" uid="12955846" user="JakeEdwardsville" changeset="109322874" lat="38.7969792" lon="-90.0047675"/>
  <node id="8988514568" version="1" timestamp="2021-08-07T19:14:02Z" uid="12955846" user="JakeEdwardsville" changeset="109322874" lat="38.7928505" lon="-90.003079"/>
  <node id="8988514569" version="1" timestamp="2021-08-07T19:14:02Z" uid="12955846" user="JakeEdwardsville" changeset="109322874" lat="38.7928065" lon="-90.0032286"/>
  <node id="8988514570" version="1" timestamp="2021-08-07T19:14:02Z" uid="12955846" user="JakeEdwardsville" changeset="109322874" lat="38.7927624" lon="-90.0033167"/>
  <node id="8988514571" version="1" timestamp="2021-08-07T19:14:02Z" uid="12955846" user="JakeEdwardsville" changeset="109322874" lat="38.7927123" lon="-90.0033845"/>
  <node id="8988514572" version="1" timestamp="2021-08-07T19:14:02Z" uid="12955846" user="JakeEdwardsville" changeset="109322874" lat="38.7926057" lon="-90.003492"/>
  <node id="8988514573" version="1" timestamp="2021-08-07T19:14:02Z" uid="12955846" user="JakeEdwardsville" changeset="109322874" lat="38.7925751" lon="-90.0034454"/>
  <node id="8988514574" version="1" timestamp="2021-08-07T19:14:02Z" uid="12955846" user="JakeEdwardsville" changeset="109322874" lat="38.7925274" lon="-90.003742"/>
  <node id="8988514576" version="2" timestamp="2023-07-21T01:58:50Z" uid="12955846" user="JakeEdwardsville" changeset="138789957" lat="38.7928865" lon="-90.003203"/>
  <node id="8988514577" version="1" timestamp="2021-08-07T19:14:02Z" uid="12955846" user="JakeEdwardsville" changeset="109322874" lat="38.7927642" lon="-90.0031785"/>
  <node id="8988514578" version="1" timestamp="2021-08-07T19:14:02Z" uid="12955846" user="JakeEdwardsville" changeset="109322874" lat="38.7919358" lon="-90.0032234"/>
  <node id="8988514579" version="1" timestamp="2021-08-07T19:14:02Z" uid="12955846" user="JakeEdwardsville" changeset="109322874" lat="38.7920031" lon="-90.0032419"/>
  <node id="8988514580" version="1" timestamp="2021-08-07T19:14:02Z" uid="12955846" user="JakeEdwardsville" changeset="109322874" lat="38.7920493" lon="-90.003265"/>
  <node id="8988514581" version="1" timestamp="2021-08-07T19:14:02Z" uid="12955846" user="JakeEdwardsville" changeset="109322874" lat="38.7920907" lon="-90.0032966"/>
  <node id="8988514582" version="1" timestamp="2021-08-07T19:14:02Z" uid="12955846" user="JakeEdwardsville" changeset="109322874" lat="38.7921352" lon="-90.0033459"/>
  <node id="8988514583" version="2" timestamp="2023-07-21T01:58:50Z" uid="12955846" user="JakeEdwardsville" changeset="138789957" lat="38.7921842" lon="-90.0033928"/>
  <node id="8988514584" version="2" timestamp="2023-07-21T01:58:50Z" uid="12955846" user="JakeEdwardsville" changeset="138789957" lat="38.7922705" lon="-90.0034208"/>
  <node id="8988514585" version="2" timestamp="2023-07-21T01:58:50Z" uid="12955846" user="JakeEdwardsville" changeset="138789957" lat="38.7920917" lon="-90.0034492"/>
  <node id="8988514586" version="1" timestamp="2021-08-07T19:14:02Z" uid="12955846" user="JakeEdwardsville" changeset="109322874" lat="38.7920133" lon="-90.0035495"/>
  <node id="8988514587" version="1" timestamp="2021-08-07T19:14:02Z" uid="12955846" user="JakeEdwardsville" changeset="109322874" lat="38.7919509" lon="-90.0036683"/>
  <node id="8988514588" version="2" timestamp="2023-07-21T01:58:50Z" uid="12955846" user="JakeEdwardsville" changeset="138789957" lat="38.7919128" lon="-90.0050585"/>
  <node id="8988514589" version="2" timestamp="2023-07-21T01:58:50Z" uid="12955846" user="JakeEdwardsville" changeset="138789957" lat="38.7918863" lon="-90.0050459"/>
  <node id="8988514590" version="1" timestamp="2021-08-07T19:14:02Z" uid="12955846" user="JakeEdwardsville" changeset="109322874" lat="38.7968194" lon="-90.0026456"/>
  <node id="8988514591" version="1" timestamp="2021-08-07T19:14:02Z" uid="12955846" user="JakeEdwardsville" changeset="109322874" lat="38.7968794" lon="-90.0025078"/>
  <node id="8988514592" version="1" timestamp="2021-08-07T19:14:02Z" uid="12955846" user="JakeEdwardsville" changeset="109322874" lat="38.7969142" lon="-90.0024223"/>
  <node id="8988514593" version="1" timestamp="2021-08-07T19:14:02Z" uid="12955846" user="JakeEdwardsville" changeset="109322874" lat="38.796955" lon="-90.0023006"/>
  <node id="8988514594" version="1" timestamp="2021-08-07T19:14:02Z" uid="12955846" user="JakeEdwardsville" changeset="109322874" lat="38.7969838" lon="-90.0021997"/>
  <node id="8988514595" version="1" timestamp="2021-08-07T19:14:02Z" uid="12955846" user="JakeEdwardsville" changeset="109322874" lat="38.7970313" lon="-90.0019909"/>
  <node id="8988514596" version="1" timestamp="2021-08-07T19:14:02Z" uid="12955846" user="JakeEdwardsville" changeset="109322874" lat="38.7970485" lon="-90.0019108"/>
  <node id="8988514597" version="1" timestamp="2021-08-07T19:14:02Z" uid="12955846" user="JakeEdwardsville" changeset="109322874" lat="38.7970709" lon="-90.0017183"/>
  <node id="8988514598" version="1" timestamp="2021-08-07T19:14:02Z" uid="12955846" user="JakeEdwardsville" changeset="109322874" lat="38.7970841" lon="-90.0015396"/>
  <node id="8988514599" version="1" timestamp="2021-08-07T19:14:02Z" uid="12955846" user="JakeEdwardsville" changeset="109322874" lat="38.7970817" lon="-90.0013485"/>
  <node id="8988514600" version="1" timestamp="2021-08-07T19:14:02Z" uid="12955846" user="JakeEdwardsville" changeset="109322874" lat="38.7970709" lon="-90.0010266"/>
  <node id="8988514601" version="1" timestamp="2021-08-07T19:14:02Z" uid="12955846" user="JakeEdwardsville" changeset="109322874" lat="38.7970709" lon="-90.0010065"/>
  <node id="8988514602" version="1" timestamp="2021-08-07T19:14:02Z" uid="12955846" user="JakeEdwardsville" changeset="109322874" lat="38.7970607" lon="-90.0007824"/>
  <node id="8988514603" version="1" timestamp="2021-08-07T19:14:02Z" uid="12955846" user="JakeEdwardsville" changeset="109322874" lat="38.7970658" lon="-90.0008948">
    <tag k="crossing" v="marked"/>
    <tag k="highway" v="crossing"/>
  </node>
  <node id="8988514604" version="1" timestamp="2021-08-07T19:14:02Z" uid="12955846" user="JakeEdwardsville" changeset="109322874" lat="38.7970493" lon="-90.0007331"/>
  <node id="8988514605" version="1" timestamp="2021-08-07T19:14:02Z" uid="12955846" user="JakeEdwardsville" changeset="109322874" lat="38.7970169" lon="-90.0000583"/>
  <node id="8988514606" version="1" timestamp="2021-08-07T19:14:02Z" uid="12955846" user="JakeEdwardsville" changeset="109322874" lat="38.7970139" lon="-89.9998758"/>
  <node id="8988514607" version="1" timestamp="2021-08-07T19:14:02Z" uid="12955846" user="JakeEdwardsville" changeset="109322874" lat="38.7970211" lon="-89.9996955"/>
  <node id="8988514608" version="1" timestamp="2021-08-07T19:14:02Z" uid="12955846" user="JakeEdwardsville" changeset="109322874" lat="38.7970355" lon="-89.999523"/>
  <node id="8988514609" version="1" timestamp="2021-08-07T19:14:02Z" uid="12955846" user="JakeEdwardsville" changeset="109322874" lat="38.7970973" lon="-89.9991502"/>
  <node id="8988514610" version="1" timestamp="2021-08-07T19:14:02Z" uid="12955846" user="JakeEdwardsville" changeset="109322874" lat="38.7971387" lon="-89.9989869"/>
  <node id="8988514611" version="1" timestamp="2021-08-07T19:14:02Z" uid="12955846" user="JakeEdwardsville" changeset="109322874" lat="38.7972006" lon="-89.9987936"/>
  <node id="8988514612" version="1" timestamp="2021-08-07T19:14:02Z" uid="12955846" user="JakeEdwardsville" changeset="109322874" lat="38.7973218" lon="-89.9984331"/>
  <node id="8988514613" version="1" timestamp="2021-08-07T19:14:02Z" uid="12955846" user="JakeEdwardsville" changeset="109322874" lat="38.7973837" lon="-89.9982436"/>
  <node id="8988514614" version="1" timestamp="2021-08-07T19:14:02Z" uid="12955846" user="JakeEdwardsville" changeset="109322874" lat="38.7973987" lon="-89.998219"/>
  <node id="8988514615" version="1" timestamp="2021-08-07T19:14:02Z" uid="12955846" user="JakeEdwardsville" changeset="109322874" lat="38.7974185" lon="-89.9982136"/>
  <node id="8988514616" version="1" timestamp="2021-08-07T19:14:02Z" uid="12955846" user="JakeEdwardsville" changeset="109322874" lat="38.7974551" lon="-89.9982166"/>
  <node id="8988514617" version="1" timestamp="2021-08-07T19:14:02Z" uid="12955846" user="JakeEdwardsville" changeset="109322874" lat="38.7974761" lon="-89.9982297"/>
  <node id="8988514618" version="1" timestamp="2021-08-07T19:14:02Z" uid="12955846" user="JakeEdwardsville" changeset="109322874" lat="38.7975055" lon="-89.998229"/>
  <node id="8988514619" version="1" timestamp="2021-08-07T19:14:02Z" uid="12955846" user="JakeEdwardsville" changeset="109322874" lat="38.7975361" lon="-89.9982205"/>
  <node id="8988514620" version="1" timestamp="2021-08-07T19:14:02Z" uid="12955846" user="JakeEdwardsville" changeset="109322874" lat="38.7975752" lon="-89.9982151"/>
  <node id="8988514621" version="1" timestamp="2021-08-07T19:14:02Z" uid="12955846" user="JakeEdwardsville" changeset="109322874" lat="38.7976478" lon="-89.9982143"/>
  <node id="8988514622" version="1" timestamp="2021-08-07T19:14:02Z" uid="12955846" user="JakeEdwardsville" changeset="109322874" lat="38.7977042" lon="-89.9982051"/>
  <node id="8988514623" version="1" timestamp="2021-08-07T19:14:02Z" uid="12955846" user="JakeEdwardsville" changeset="109322874" lat="38.7977661" lon="-89.9981851"/>
  <node id="8988514624" version="1" timestamp="2021-08-07T19:14:02Z" uid="12955846" user="JakeEdwardsville" changeset="109322874" lat="38.7978741" lon="-89.9981404"/>
  <node id="8988514625" version="1" timestamp="2021-08-07T19:14:02Z" uid="12955846" user="JakeEdwardsville" changeset="109322874" lat="38.797954" lon="-89.9981003"/>
  <node id="8988514626" version="1" timestamp="2021-08-07T19:14:02Z" uid="12955846" user="JakeEdwardsville" changeset="109322874" lat="38.7979978" lon="-89.9980741"/>
  <node id="8988514627" version="1" timestamp="2021-08-07T19:14:02Z" uid="12955846" user="JakeEdwardsville" changeset="109322874" lat="38.7980368" lon="-89.9980765"/>
  <node id="8988514628" version="1" timestamp="2021-08-07T19:14:02Z" uid="12955846" user="JakeEdwardsville" changeset="109322874" lat="38.7980574" lon="-89.9980775"/>
  <node id="8988514629" version="1" timestamp="2021-08-07T19:14:02Z" uid="12955846" user="JakeEdwardsville" changeset="109322874" lat="38.7980869" lon="-89.9980786"/>
  <node id="8988514630" version="1" timestamp="2021-08-07T19:14:02Z" uid="12955846" user="JakeEdwardsville" changeset="109322874" lat="38.7981183" lon="-89.9980722"/>
  <node id="8988514631" version="1" timestamp="2021-08-07T19:14:02Z" uid="12955846" user="JakeEdwardsville" changeset="109322874" lat="38.7981436" lon="-89.9980588"/>
  <node id="8988514632" version="1" timestamp="2021-08-07T19:14:02Z" uid="12955846" user="JakeEdwardsville" changeset="109322874" lat="38.7981606" lon="-89.9980484"/>
  <node id="8988514633" version="1" timestamp="2021-08-07T19:14:02Z" uid="12955846" user="JakeEdwardsville" changeset="109322874" lat="38.7981982" lon="-89.9979656"/>
  <node id="8988514634" version="1" timestamp="2021-08-07T19:14:02Z" uid="12955846" user="JakeEdwardsville" changeset="109322874" lat="38.7981975" lon="-89.9979394"/>
  <node id="8988514635" version="1" timestamp="2021-08-07T19:14:02Z" uid="12955846" user="JakeEdwardsville" changeset="109322874" lat="38.7981959" lon="-89.9979149"/>
  <node id="8988514636" version="1" timestamp="2021-08-07T19:14:02Z" uid="12955846" user="JakeEdwardsville" changeset="109322874" lat="38.7981909" lon="-89.9978925"/>
  <node id="8988514637" version="1" timestamp="2021-08-07T19:14:02Z" uid="12955846" user="JakeEdwardsville" changeset="109322874" lat="38.7981826" lon="-89.997862"/>
  <node id="8988514638" version="1" timestamp="2021-08-07T19:14:02Z" uid="12955846" user="JakeEdwardsville" changeset="109322874" lat="38.7981679" lon="-89.9978331"/>
  <node id="8988514639" version="1" timestamp="2021-08-07T19:14:02Z" uid="12955846" user="JakeEdwardsville" changeset="109322874" lat="38.7981496" lon="-89.9978013"/>
  <node id="8988514640" version="1" timestamp="2021-08-07T19:14:02Z" uid="12955846" user="JakeEdwardsville" changeset="109322874" lat="38.7981392" lon="-89.9977802"/>
  <node id="8988514641" version="1" timestamp="2021-08-07T19:14:02Z" uid="12955846" user="JakeEdwardsville" changeset="109322874" lat="38.7981332" lon="-89.9977443"/>
  <node id="8988514642" version="1" timestamp="2021-08-07T19:14:02Z" uid="12955846" user="JakeEdwardsville" changeset="109322874" lat="38.7981036" lon="-89.997466"/>
  <node id="8988514643" version="1" timestamp="2021-08-07T19:14:02Z" uid="12955846" user="JakeEdwardsville" changeset="109322874" lat="38.7981084" lon="-89.9975106">
    <tag k="highway" v="crossing"/>
  </node>
  <node id="8988514644" version="1" timestamp="2021-08-07T19:14:02Z" uid="12955846" user="JakeEdwardsville" changeset="109322874" lat="38.797982" lon="-89.9970431"/>
  <node id="8988514645" version="1" timestamp="2021-08-07T19:14:02Z" uid="12955846" user="JakeEdwardsville" changeset="109322874" lat="38.7979451" lon="-89.9969981"/>
  <node id="8988514646" version="1" timestamp="2021-08-07T19:14:02Z" uid="12955846" user="JakeEdwardsville" changeset="109322874" lat="38.7980066" lon="-89.9970893"/>
  <node id="8988514647" version="1" timestamp="2021-08-07T19:14:02Z" uid="12955846" user="JakeEdwardsville" changeset="109322874" lat="38.7978607" lon="-89.9969217"/>
  <node id="8988514649" version="1" timestamp="2021-08-07T19:14:02Z" uid="12955846" user="JakeEdwardsville" changeset="109322874" lat="38.7932371" lon="-90.0000099"/>
  <node id="8988514651" version="1" timestamp="2021-08-07T19:14:02Z" uid="12955846" user="JakeEdwardsville" changeset="109322874" lat="38.7924473" lon="-90.0014306"/>
  <node id="8988514652" version="1" timestamp="2021-08-07T19:14:02Z" uid="12955846" user="JakeEdwardsville" changeset="109322874" lat="38.7914364" lon="-89.9996679"/>
  <node id="8988514653" version="1" timestamp="2021-08-07T19:14:02Z" uid="12955846" user="JakeEdwardsville" changeset="109322874" lat="38.7914355" lon="-89.9995655"/>
  <node id="8988514654" version="1" timestamp="2021-08-07T19:14:02Z" uid="12955846" user="JakeEdwardsville" changeset="109322874" lat="38.7914313" lon="-89.9986875"/>
  <node id="8988514655" version="1" timestamp="2021-08-07T19:14:02Z" uid="12955846" user="JakeEdwardsville" changeset="109322874" lat="38.7914313" lon="-89.9985797"/>
  <node id="8988514656" version="1" timestamp="2021-08-07T19:14:02Z" uid="12955846" user="JakeEdwardsville" changeset="109322874" lat="38.7914312" lon="-89.9986754"/>
  <node id="8988514657" version="1" timestamp="2021-08-07T19:14:02Z" uid="12955846" user="JakeEdwardsville" changeset="109322874" lat="38.7918613" lon="-89.9957852"/>
  <node id="8988514658" version="1" timestamp="2021-08-07T19:14:02Z" uid="12955846" user="JakeEdwardsville" changeset="109322874" lat="38.7918666" lon="-89.9958929"/>
  <node id="8988514659" version="3" timestamp="2022-10-31T16:22:04Z" uid="17481238" user="TetragnathaPlanata" changeset="128307194" lat="38.7920575" lon="-89.9969135">
    <tag k="barrier" v="kerb"/>
    <tag k="kerb" v="lowered"/>
    <tag k="tactile_paving" v="yes"/>
  </node>
  <node id="8988514660" version="3" timestamp="2022-10-31T16:21:54Z" uid="17481238" user="TetragnathaPlanata" changeset="128307194" lat="38.7920572" lon="-89.9970354">
    <tag k="barrier" v="kerb"/>
    <tag k="kerb" v="lowered"/>
    <tag k="tactile_paving" v="yes"/>
  </node>
  <node id="8988514685" version="1" timestamp="2021-08-07T19:14:02Z" uid="12955846" user="JakeEdwardsville" changeset="109322874" lat="38.7937818" lon="-89.9958764"/>
  <node id="8988514686" version="1" timestamp="2021-08-07T19:14:02Z" uid="12955846" user="JakeEdwardsville" changeset="109322874" lat="38.7938306" lon="-89.9957869">
    <tag k="crossing" v="unmarked"/>
    <tag k="highway" v="crossing"/>
  </node>
  <node id="8988514687" version="1" timestamp="2021-08-07T19:14:02Z" uid="12955846" user="JakeEdwardsville" changeset="109322874" lat="38.7939169" lon="-89.9958718"/>
  <node id="8988514688" version="1" timestamp="2021-08-07T19:14:02Z" uid="12955846" user="JakeEdwardsville" changeset="109322874" lat="38.7938891" lon="-89.9959923"/>
  <node id="8988514689" version="1" timestamp="2021-08-07T19:14:02Z" uid="12955846" user="JakeEdwardsville" changeset="109322874" lat="38.7938279" lon="-89.9959923"/>
  <node id="8988514690" version="1" timestamp="2021-08-07T19:14:02Z" uid="12955846" user="JakeEdwardsville" changeset="109322874" lat="38.7936622" lon="-89.9958764"/>
  <node id="8988514691" version="1" timestamp="2021-08-07T19:14:02Z" uid="12955846" user="JakeEdwardsville" changeset="109322874" lat="38.7937132" lon="-89.9958757"/>
  <node id="8988514692" version="1" timestamp="2021-08-07T19:14:02Z" uid="12955846" user="JakeEdwardsville" changeset="109322874" lat="38.793751" lon="-89.9958768"/>
  <node id="8988514693" version="1" timestamp="2021-08-07T19:14:02Z" uid="12955846" user="JakeEdwardsville" changeset="109322874" lat="38.7937759" lon="-89.9958862"/>
  <node id="8988514694" version="1" timestamp="2021-08-07T19:14:02Z" uid="12955846" user="JakeEdwardsville" changeset="109322874" lat="38.7937931" lon="-89.9958978"/>
  <node id="8988514695" version="1" timestamp="2021-08-07T19:14:02Z" uid="12955846" user="JakeEdwardsville" changeset="109322874" lat="38.7938095" lon="-89.9959184"/>
  <node id="8988514696" version="1" timestamp="2021-08-07T19:14:02Z" uid="12955846" user="JakeEdwardsville" changeset="109322874" lat="38.793818" lon="-89.9959526"/>
  <node id="8988514697" version="1" timestamp="2021-08-07T19:14:02Z" uid="12955846" user="JakeEdwardsville" changeset="109322874" lat="38.7938165" lon="-89.9959911"/>
  <node id="8988514698" version="1" timestamp="2021-08-07T19:14:02Z" uid="12955846" user="JakeEdwardsville" changeset="109322874" lat="38.7938154" lon="-89.9959343"/>
  <node id="8988514699" version="1" timestamp="2021-08-07T19:14:02Z" uid="12955846" user="JakeEdwardsville" changeset="109322874" lat="38.7938016" lon="-89.9959066"/>
  <node id="8988514700" version="1" timestamp="2021-08-07T19:14:02Z" uid="12955846" user="JakeEdwardsville" changeset="109322874" lat="38.7936623" lon="-89.9957392"/>
  <node id="8988514701" version="1" timestamp="2021-08-07T19:14:02Z" uid="12955846" user="JakeEdwardsville" changeset="109322874" lat="38.7939004" lon="-89.9959923"/>
  <node id="8988514702" version="1" timestamp="2021-08-07T19:14:02Z" uid="12955846" user="JakeEdwardsville" changeset="109322874" lat="38.793901" lon="-89.9959538"/>
  <node id="8988514703" version="1" timestamp="2021-08-07T19:14:02Z" uid="12955846" user="JakeEdwardsville" changeset="109322874" lat="38.7939025" lon="-89.995934"/>
  <node id="8988514704" version="1" timestamp="2021-08-07T19:14:02Z" uid="12955846" user="JakeEdwardsville" changeset="109322874" lat="38.7939055" lon="-89.9959207"/>
  <node id="8988514705" version="1" timestamp="2021-08-07T19:14:02Z" uid="12955846" user="JakeEdwardsville" changeset="109322874" lat="38.7939119" lon="-89.9959064"/>
  <node id="8988514706" version="1" timestamp="2021-08-07T19:14:02Z" uid="12955846" user="JakeEdwardsville" changeset="109322874" lat="38.7939191" lon="-89.9958928"/>
  <node id="8988514707" version="1" timestamp="2021-08-07T19:14:02Z" uid="12955846" user="JakeEdwardsville" changeset="109322874" lat="38.7939306" lon="-89.995876"/>
  <node id="8988514708" version="1" timestamp="2021-08-07T19:14:02Z" uid="12955846" user="JakeEdwardsville" changeset="109322874" lat="38.7939434" lon="-89.995864"/>
  <node id="8988514709" version="1" timestamp="2021-08-07T19:14:02Z" uid="12955846" user="JakeEdwardsville" changeset="109322874" lat="38.7939555" lon="-89.9958512"/>
  <node id="8988514710" version="1" timestamp="2021-08-07T19:14:02Z" uid="12955846" user="JakeEdwardsville" changeset="109322874" lat="38.7939734" lon="-89.9958387"/>
  <node id="8988514711" version="1" timestamp="2021-08-07T19:14:02Z" uid="12955846" user="JakeEdwardsville" changeset="109322874" lat="38.7941157" lon="-89.9957804"/>
  <node id="8988514712" version="1" timestamp="2021-08-07T19:14:02Z" uid="12955846" user="JakeEdwardsville" changeset="109322874" lat="38.7939263" lon="-89.9958824"/>
  <node id="8988514713" version="1" timestamp="2021-08-07T19:14:02Z" uid="12955846" user="JakeEdwardsville" changeset="109322874" lat="38.7939085" lon="-89.995914"/>
  <node id="8988514714" version="1" timestamp="2021-08-07T19:14:02Z" uid="12955846" user="JakeEdwardsville" changeset="109322874" lat="38.7940679" lon="-89.9960529"/>
  <node id="8988514715" version="1" timestamp="2021-08-07T19:14:02Z" uid="12955846" user="JakeEdwardsville" changeset="109322874" lat="38.7939373" lon="-89.9960544"/>
  <node id="8988514716" version="1" timestamp="2021-08-07T19:14:02Z" uid="12955846" user="JakeEdwardsville" changeset="109322874" lat="38.7939382" lon="-89.9961341"/>
  <node id="8988514717" version="1" timestamp="2021-08-07T19:14:02Z" uid="12955846" user="JakeEdwardsville" changeset="109322874" lat="38.7941674" lon="-89.9955539"/>
  <node id="8988514718" version="1" timestamp="2021-08-07T19:14:02Z" uid="12955846" user="JakeEdwardsville" changeset="109322874" lat="38.7941813" lon="-89.9955469"/>
  <node id="8988514719" version="1" timestamp="2021-08-07T19:14:02Z" uid="12955846" user="JakeEdwardsville" changeset="109322874" lat="38.7941538" lon="-89.9955541"/>
  <node id="8988514720" version="2" timestamp="2025-10-27T03:02:43Z" uid="22570471" user="seateaeye" changeset="173818637" lat="38.7948321" lon="-89.9943052"/>
  <node id="8988514721" version="1" timestamp="2021-08-07T19:14:02Z" uid="12955846" user="JakeEdwardsville" changeset="109322874" lat="38.795211" lon="-89.9941714"/>
  <node id="8988514722" version="1" timestamp="2021-08-07T19:14:02Z" uid="12955846" user="JakeEdwardsville" changeset="109322874" lat="38.7952636" lon="-89.9941645"/>
  <node id="8988514723" version="1" timestamp="2021-08-07T19:14:02Z" uid="12955846" user="JakeEdwardsville" changeset="109322874" lat="38.7952451" lon="-89.9941622"/>
  <node id="8988514724" version="1" timestamp="2021-08-07T19:14:02Z" uid="12955846" user="JakeEdwardsville" changeset="109322874" lat="38.795326" lon="-89.9941895"/>
  <node id="8988514725" version="1" timestamp="2021-08-07T19:14:02Z" uid="12955846" user="JakeEdwardsville" changeset="109322874" lat="38.7953768" lon="-89.9942561"/>
  <node id="8988514726" version="1" timestamp="2021-08-07T19:14:02Z" uid="12955846" user="JakeEdwardsville" changeset="109322874" lat="38.7954325" lon="-89.9944325"/>
  <node id="8988514727" version="1" timestamp="2021-08-07T19:14:02Z" uid="12955846" user="JakeEdwardsville" changeset="109322874" lat="38.795508" lon="-89.9946437"/>
  <node id="8988514728" version="1" timestamp="2021-08-07T19:14:02Z" uid="12955846" user="JakeEdwardsville" changeset="109322874" lat="38.795513" lon="-89.9950646"/>
  <node id="8988514729" version="2" timestamp="2025-10-27T03:02:43Z" uid="22570471" user="seateaeye" changeset="173818637" lat="38.7939536" lon="-89.9950074"/>
  <node id="8988514730" version="2" timestamp="2025-10-27T03:02:43Z" uid="22570471" user="seateaeye" changeset="173818637" lat="38.793968" lon="-89.9950404"/>
  <node id="8988514731" version="1" timestamp="2021-08-07T19:14:02Z" uid="12955846" user="JakeEdwardsville" changeset="109322874" lat="38.794463" lon="-89.9981246"/>
  <node id="8988514732" version="1" timestamp="2021-08-07T19:14:02Z" uid="12955846" user="JakeEdwardsville" changeset="109322874" lat="38.7946396" lon="-89.9980823"/>
  <node id="8988514733" version="1" timestamp="2021-08-07T19:14:02Z" uid="12955846" user="JakeEdwardsville" changeset="109322874" lat="38.7946414" lon="-89.9979707"/>
  <node id="8988514734" version="1" timestamp="2021-08-07T19:14:02Z" uid="12955846" user="JakeEdwardsville" changeset="109322874" lat="38.7944515" lon="-89.9980788"/>
  <node id="8988514735" version="1" timestamp="2021-08-07T19:14:02Z" uid="12955846" user="JakeEdwardsville" changeset="109322874" lat="38.7939165" lon="-89.9957743">
    <tag k="crossing" v="unmarked"/>
    <tag k="highway" v="crossing"/>
  </node>
  <node id="8990440683" version="1" timestamp="2021-08-08T17:14:46Z" uid="12955846" user="JakeEdwardsville" changeset="109355636" lat="38.790958" lon="-90.0009795"/>
  <node id="8990440688" version="1" timestamp="2021-08-08T17:14:46Z" uid="12955846" user="JakeEdwardsville" changeset="109355636" lat="38.7908935" lon="-90.0009797"/>
  <node id="8990440689" version="1" timestamp="2021-08-08T17:14:46Z" uid="12955846" user="JakeEdwardsville" changeset="109355636" lat="38.7908398" lon="-90.0009799"/>
  <node id="8990440692" version="1" timestamp="2021-08-08T17:14:46Z" uid="12955846" user="JakeEdwardsville" changeset="109355636" lat="38.7908206" lon="-90.00098"/>
  <node id="8990440714" version="1" timestamp="2021-08-08T17:14:46Z" uid="12955846" user="JakeEdwardsville" changeset="109355636" lat="38.7910178" lon="-90.0002653"/>
  <node id="8990511462" version="2" timestamp="2021-08-10T19:41:43Z" uid="12955846" user="JakeEdwardsville" changeset="109481746" lat="38.7962516" lon="-89.9994106"/>
  <node id="8996839913" version="2" timestamp="2021-08-10T19:41:43Z" uid="12955846" user="JakeEdwardsville" changeset="109481746" lat="38.7952573" lon="-89.9984355"/>
  <node id="8996839914" version="1" timestamp="2021-08-10T19:11:00Z" uid="12955846" user="JakeEdwardsville" changeset="109480713" lat="38.7952577" lon="-89.9983126"/>
  <node id="8996839915" version="1" timestamp="2021-08-10T19:11:00Z" uid="12955846" user="JakeEdwardsville" changeset="109480713" lat="38.7952566" lon="-89.9981317"/>
  <node id="8996839916" version="2" timestamp="2024-02-15T04:54:09Z" uid="12955846" user="JakeEdwardsville" changeset="147474261" lat="38.7952568" lon="-89.998182">
    <tag k="crossing" v="marked"/>
    <tag k="crossing:markings" v="yes"/>
    <tag k="highway" v="crossing"/>
  </node>
  <node id="8996842117" version="2" timestamp="2024-02-15T04:54:09Z" uid="12955846" user="JakeEdwardsville" changeset="147474261" lat="38.7952569" lon="-89.9968463"/>
  <node id="8996842118" version="2" timestamp="2024-02-15T04:54:09Z" uid="12955846" user="JakeEdwardsville" changeset="147474261" lat="38.7952596" lon="-89.9966849"/>
  <node id="8996842119" version="2" timestamp="2021-08-10T19:41:43Z" uid="12955846" user="JakeEdwardsville" changeset="109481746" lat="38.7959574" lon="-89.9966747"/>
  <node id="8996842120" version="1" timestamp="2021-08-10T19:11:00Z" uid="12955846" user="JakeEdwardsville" changeset="109480713" lat="38.7959568" lon="-89.9967492"/>
  <node id="8996842121" version="1" timestamp="2021-08-10T19:11:00Z" uid="12955846" user="JakeEdwardsville" changeset="109480713" lat="38.7959584" lon="-89.9968938"/>
  <node id="8996842122" version="2" timestamp="2022-04-15T15:59:27Z" uid="12955846" user="JakeEdwardsville" changeset="119756834" lat="38.7959581" lon="-89.9967999">
    <tag k="crossing" v="marked"/>
    <tag k="highway" v="crossing"/>
  </node>
  <node id="8996842123" version="1" timestamp="2021-08-10T19:11:00Z" uid="12955846" user="JakeEdwardsville" changeset="109480713" lat="38.7959552" lon="-89.9972678"/>
  <node id="8996842124" version="1" timestamp="2021-08-10T19:11:00Z" uid="12955846" user="JakeEdwardsville" changeset="109480713" lat="38.7959552" lon="-89.9974202"/>
  <node id="8996842125" version="1" timestamp="2021-08-10T19:11:00Z" uid="12955846" user="JakeEdwardsville" changeset="109480713" lat="38.7959537" lon="-89.9977008"/>
  <node id="8996842126" version="1" timestamp="2021-08-10T19:11:00Z" uid="12955846" user="JakeEdwardsville" changeset="109480713" lat="38.7959616" lon="-89.9979325"/>
  <node id="8996842127" version="1" timestamp="2021-08-10T19:11:00Z" uid="12955846" user="JakeEdwardsville" changeset="109480713" lat="38.7959727" lon="-89.9980748"/>
  <node id="8996842128" version="1" timestamp="2021-08-10T19:11:00Z" uid="12955846" user="JakeEdwardsville" changeset="109480713" lat="38.795998" lon="-89.9981114"/>
  <node id="8996842129" version="1" timestamp="2021-08-10T19:11:00Z" uid="12955846" user="JakeEdwardsville" changeset="109480713" lat="38.796063" lon="-89.9981906"/>
  <node id="8996842130" version="1" timestamp="2021-08-10T19:11:00Z" uid="12955846" user="JakeEdwardsville" changeset="109480713" lat="38.7960899" lon="-89.9982293"/>
  <node id="8996842131" version="1" timestamp="2021-08-10T19:11:00Z" uid="12955846" user="JakeEdwardsville" changeset="109480713" lat="38.7961137" lon="-89.9982923"/>
  <node id="8996842132" version="1" timestamp="2021-08-10T19:11:00Z" uid="12955846" user="JakeEdwardsville" changeset="109480713" lat="38.7961279" lon="-89.9983634"/>
  <node id="8996842133" version="1" timestamp="2021-08-10T19:11:00Z" uid="12955846" user="JakeEdwardsville" changeset="109480713" lat="38.7961453" lon="-89.9984203"/>
  <node id="8996842134" version="2" timestamp="2021-08-10T19:41:43Z" uid="12955846" user="JakeEdwardsville" changeset="109481746" lat="38.7961598" lon="-89.9984425"/>
  <node id="8996842144" version="1" timestamp="2021-08-10T19:11:00Z" uid="12955846" user="JakeEdwardsville" changeset="109480713" lat="38.7959552" lon="-89.9973235">
    <tag k="crossing" v="marked"/>
    <tag k="highway" v="crossing"/>
  </node>
  <node id="8996842149" version="2" timestamp="2021-08-10T19:41:43Z" uid="12955846" user="JakeEdwardsville" changeset="109481746" lat="38.795187" lon="-89.9966695"/>
  <node id="8996842151" version="2" timestamp="2021-08-10T19:41:43Z" uid="12955846" user="JakeEdwardsville" changeset="109481746" lat="38.7952996" lon="-89.996667"/>
  <node id="8996857202" version="1" timestamp="2021-08-10T19:50:22Z" uid="12955846" user="JakeEdwardsville" changeset="109482033" lat="38.7954075" lon="-89.996492"/>
  <node id="8996857203" version="1" timestamp="2021-08-10T19:50:22Z" uid="12955846" user="JakeEdwardsville" changeset="109482033" lat="38.7954382" lon="-89.9964932"/>
  <node id="8996857204" version="1" timestamp="2021-08-10T19:50:22Z" uid="12955846" user="JakeEdwardsville" changeset="109482033" lat="38.7954803" lon="-89.996511"/>
  <node id="8996857205" version="1" timestamp="2021-08-10T19:50:22Z" uid="12955846" user="JakeEdwardsville" changeset="109482033" lat="38.7953051" lon="-89.9963845"/>
  <node id="8996880802" version="1" timestamp="2021-08-10T19:41:43Z" uid="12955846" user="JakeEdwardsville" changeset="109481746" lat="38.7956921" lon="-89.9984845"/>
  <node id="8996880803" version="1" timestamp="2021-08-10T19:41:43Z" uid="12955846" user="JakeEdwardsville" changeset="109481746" lat="38.7961423" lon="-89.9984712"/>
  <node id="8996880804" version="1" timestamp="2021-08-10T19:41:43Z" uid="12955846" user="JakeEdwardsville" changeset="109481746" lat="38.7960624" lon="-89.9986127"/>
  <node id="8996882983" version="1" timestamp="2021-08-10T19:41:43Z" uid="12955846" user="JakeEdwardsville" changeset="109481746" lat="38.7953582" lon="-89.9959688"/>
  <node id="8996882984" version="1" timestamp="2021-08-10T19:41:43Z" uid="12955846" user="JakeEdwardsville" changeset="109481746" lat="38.7953596" lon="-89.996044"/>
  <node id="8996882985" version="1" timestamp="2021-08-10T19:41:43Z" uid="12955846" user="JakeEdwardsville" changeset="109481746" lat="38.7953582" lon="-89.9961219"/>
  <node id="8996883002" version="1" timestamp="2021-08-10T19:41:43Z" uid="12955846" user="JakeEdwardsville" changeset="109481746" lat="38.7945743" lon="-89.9961626"/>
  <node id="8996883003" version="1" timestamp="2021-08-10T19:41:43Z" uid="12955846" user="JakeEdwardsville" changeset="109481746" lat="38.7952869" lon="-89.9959535"/>
  <node id="8996883046" version="1" timestamp="2021-08-10T19:41:43Z" uid="12955846" user="JakeEdwardsville" changeset="109481746" lat="38.7949072" lon="-89.9996949"/>
  <node id="8996883047" version="1" timestamp="2021-08-10T19:41:43Z" uid="12955846" user="JakeEdwardsville" changeset="109481746" lat="38.7949728" lon="-89.999565"/>
  <node id="8996883048" version="1" timestamp="2021-08-10T19:41:43Z" uid="12955846" user="JakeEdwardsville" changeset="109481746" lat="38.7951086" lon="-89.9994155"/>
  <node id="8996883050" version="1" timestamp="2021-08-10T19:41:43Z" uid="12955846" user="JakeEdwardsville" changeset="109481746" lat="38.7957734" lon="-89.9986254"/>
  <node id="8996883051" version="1" timestamp="2021-08-10T19:41:43Z" uid="12955846" user="JakeEdwardsville" changeset="109481746" lat="38.7957878" lon="-89.9986052"/>
  <node id="8996883052" version="1" timestamp="2021-08-10T19:41:43Z" uid="12955846" user="JakeEdwardsville" changeset="109481746" lat="38.7954283" lon="-89.9990624"/>
  <node id="8996883053" version="1" timestamp="2021-08-10T19:41:43Z" uid="12955846" user="JakeEdwardsville" changeset="109481746" lat="38.7952667" lon="-89.9992385"/>
  <node id="9509539738" version="1" timestamp="2022-02-16T02:39:34Z" uid="15096319" user="nibli" changeset="117457460" lat="38.7914719" lon="-89.9982391"/>
  <node id="9509539739" version="1" timestamp="2022-02-16T02:39:34Z" uid="15096319" user="nibli" changeset="117457460" lat="38.7915558" lon="-89.9982427"/>
  <node id="9509539740" version="1" timestamp="2022-02-16T02:39:34Z" uid="15096319" user="nibli" changeset="117457460" lat="38.7915537" lon="-89.9984539"/>
  <node id="9668420918" version="1" timestamp="2022-04-15T15:59:27Z" uid="12955846" user="JakeEdwardsville" changeset="119756834" lat="38.7952583" lon="-89.9983757">
    <tag k="crossing" v="marked"/>
    <tag k="highway" v="crossing"/>
  </node>
  <node id="10128288391" version="1" timestamp="2022-10-25T15:19:31Z" uid="7261026" user="Falkner09" changeset="128045295" lat="38.7929428" lon="-89.9963859"/>
  <node id="10128288392" version="1" timestamp="2022-10-25T15:19:31Z" uid="7261026" user="Falkner09" changeset="128045295" lat="38.7929394" lon="-89.9963792"/>
  <node id="10128288393" version="1" timestamp="2022-10-25T15:19:31Z" uid="7261026" user="Falkner09" changeset="128045295" lat="38.7929379" lon="-89.9963715"/>
  <node id="10128288394" version="1" timestamp="2022-10-25T15:19:31Z" uid="7261026" user="Falkner09" changeset="128045295" lat="38.7929385" lon="-89.9963635"/>
  <node id="10128288395" version="1" timestamp="2022-10-25T15:19:31Z" uid="7261026" user="Falkner09" changeset="128045295" lat="38.7929411" lon="-89.9963563"/>
  <node id="10128288396" version="1" timestamp="2022-10-25T15:19:31Z" uid="7261026" user="Falkner09" changeset="128045295" lat="38.7929725" lon="-89.9963582"/>
  <node id="10128288397" version="1" timestamp="2022-10-25T15:19:31Z" uid="7261026" user="Falkner09" changeset="128045295" lat="38.7929745" lon="-89.9963654"/>
  <node id="10128288398" version="1" timestamp="2022-10-25T15:19:31Z" uid="7261026" user="Falkner09" changeset="128045295" lat="38.7929746" lon="-89.996373"/>
  <node id="10128288399" version="1" timestamp="2022-10-25T15:19:31Z" uid="7261026" user="Falkner09" changeset="128045295" lat="38.7929729" lon="-89.9963802"/>
  <node id="10128288400" version="1" timestamp="2022-10-25T15:19:31Z" uid="7261026" user="Falkner09" changeset="128045295" lat="38.7929694" lon="-89.9963864"/>
  <node id="10128288401" version="1" timestamp="2022-10-25T15:19:31Z" uid="7261026" user="Falkner09" changeset="128045295" lat="38.7929455" lon="-89.9963505"/>
  <node id="10128288402" version="1" timestamp="2022-10-25T15:19:31Z" uid="7261026" user="Falkner09" changeset="128045295" lat="38.7929511" lon="-89.996347"/>
  <node id="10128288403" version="1" timestamp="2022-10-25T15:19:31Z" uid="7261026" user="Falkner09" changeset="128045295" lat="38.7929572" lon="-89.996346"/>
  <node id="10128288404" version="1" timestamp="2022-10-25T15:19:31Z" uid="7261026" user="Falkner09" changeset="128045295" lat="38.7929633" lon="-89.9963478"/>
  <node id="10128288405" version="1" timestamp="2022-10-25T15:19:31Z" uid="7261026" user="Falkner09" changeset="128045295" lat="38.7929686" lon="-89.996352"/>
  <node id="10128288406" version="1" timestamp="2022-10-25T15:19:31Z" uid="7261026" user="Falkner09" changeset="128045295" lat="38.7929647" lon="-89.9963909"/>
  <node id="10128288407" version="1" timestamp="2022-10-25T15:19:31Z" uid="7261026" user="Falkner09" changeset="128045295" lat="38.792959" lon="-89.9963932"/>
  <node id="10128288408" version="1" timestamp="2022-10-25T15:19:31Z" uid="7261026" user="Falkner09" changeset="128045295" lat="38.7929531" lon="-89.996393"/>
  <node id="10128288409" version="1" timestamp="2022-10-25T15:19:31Z" uid="7261026" user="Falkner09" changeset="128045295" lat="38.7929475" lon="-89.9963905"/>
  <node id="10128288410" version="1" timestamp="2022-10-25T15:19:31Z" uid="7261026" user="Falkner09" changeset="128045295" lat="38.7929327" lon="-89.9963994"/>
  <node id="10128288411" version="1" timestamp="2022-10-25T15:19:31Z" uid="7261026" user="Falkner09" changeset="128045295" lat="38.7929278" lon="-89.9964037"/>
  <node id="10128288412" version="1" timestamp="2022-10-25T15:19:31Z" uid="7261026" user="Falkner09" changeset="128045295" lat="38.7929172" lon="-89.9964076"/>
  <node id="10128288413" version="1" timestamp="2022-10-25T15:19:31Z" uid="7261026" user="Falkner09" changeset="128045295" lat="38.7928808" lon="-89.9964113"/>
  <node id="10130930273" version="1" timestamp="2022-10-26T18:39:50Z" uid="7261026" user="Falkner09" changeset="128097594" lat="38.7927382" lon="-89.996774"/>
  <node id="10130930279" version="1" timestamp="2022-10-26T18:39:50Z" uid="7261026" user="Falkner09" changeset="128097594" lat="38.7926602" lon="-89.9964952">
    <tag k="entrance" v="yes"/>
  </node>
  <node id="10130930280" version="1" timestamp="2022-10-26T18:39:50Z" uid="7261026" user="Falkner09" changeset="128097594" lat="38.7926601" lon="-89.9963584"/>
  <node id="10130930282" version="1" timestamp="2022-10-26T18:39:50Z" uid="7261026" user="Falkner09" changeset="128097594" lat="38.7926602" lon="-89.9964667"/>
  <node id="10131052125" version="1" timestamp="2022-10-26T19:37:47Z" uid="7261026" user="Falkner09" changeset="128099456" lat="38.7902807" lon="-90.0035697"/>
  <node id="10133969449" version="1" timestamp="2022-10-27T21:27:00Z" uid="7261026" user="Falkner09" changeset="128147733" lat="38.79221" lon="-90.0006166"/>
  <node id="10133969450" version="1" timestamp="2022-10-27T21:27:00Z" uid="7261026" user="Falkner09" changeset="128147733" lat="38.7922053" lon="-90.0007171"/>
  <node id="10133969451" version="1" timestamp="2022-10-27T21:27:00Z" uid="7261026" user="Falkner09" changeset="128147733" lat="38.7920511" lon="-90.0008408"/>
  <node id="10133969452" version="1" timestamp="2022-10-27T21:27:00Z" uid="7261026" user="Falkner09" changeset="128147733" lat="38.792128" lon="-90.0007791"/>
  <node id="10133969453" version="1" timestamp="2022-10-27T21:27:00Z" uid="7261026" user="Falkner09" changeset="128147733" lat="38.7921299" lon="-90.0009057"/>
  <node id="10133969454" version="1" timestamp="2022-10-27T21:27:00Z" uid="7261026" user="Falkner09" changeset="128147733" lat="38.7921854" lon="-90.0007354"/>
  <node id="10133969455" version="1" timestamp="2022-10-27T21:27:00Z" uid="7261026" user="Falkner09" changeset="128147733" lat="38.7921859" lon="-90.0008541"/>
  <node id="10133969456" version="1" timestamp="2022-10-27T21:27:00Z" uid="7261026" user="Falkner09" changeset="128147733" lat="38.7921891" lon="-90.0009968"/>
  <node id="10133969457" version="1" timestamp="2022-10-27T21:27:00Z" uid="7261026" user="Falkner09" changeset="128147733" lat="38.7921311" lon="-90.0009974"/>
  <node id="10133978725" version="1" timestamp="2022-10-27T21:30:43Z" uid="7261026" user="Falkner09" changeset="128147834" lat="38.7954817" lon="-89.9922633"/>
  <node id="10143360555" version="1" timestamp="2022-10-31T17:25:13Z" uid="17481238" user="TetragnathaPlanata" changeset="128309665" lat="38.7927374" lon="-89.9951785"/>
  <node id="10143360556" version="1" timestamp="2022-10-31T17:25:13Z" uid="17481238" user="TetragnathaPlanata" changeset="128309665" lat="38.7926294" lon="-89.995141"/>
  <node id="10143360557" version="1" timestamp="2022-10-31T17:25:13Z" uid="17481238" user="TetragnathaPlanata" changeset="128309665" lat="38.7925055" lon="-89.9950746"/>
  <node id="10143360558" version="2" timestamp="2022-10-31T18:04:19Z" uid="17481238" user="TetragnathaPlanata" changeset="128311076" lat="38.7923842" lon="-89.9949885"/>
  <node id="10143360559" version="2" timestamp="2022-10-31T18:04:19Z" uid="17481238" user="TetragnathaPlanata" changeset="128311076" lat="38.7922829" lon="-89.994901"/>
  <node id="10143360560" version="2" timestamp="2022-10-31T18:04:19Z" uid="17481238" user="TetragnathaPlanata" changeset="128311076" lat="38.7921807" lon="-89.9947929"/>
  <node id="10143360561" version="1" timestamp="2022-10-31T17:25:13Z" uid="17481238" user="TetragnathaPlanata" changeset="128309665" lat="38.7921523" lon="-89.9947452"/>
  <node id="10143360562" version="1" timestamp="2022-10-31T17:25:13Z" uid="17481238" user="TetragnathaPlanata" changeset="128309665" lat="38.7920918" lon="-89.9946352"/>
  <node id="10143360563" version="2" timestamp="2022-10-31T18:04:19Z" uid="17481238" user="TetragnathaPlanata" changeset="128311076" lat="38.7920502" lon="-89.9944849"/>
  <node id="10143360564" version="2" timestamp="2022-10-31T18:04:19Z" uid="17481238" user="TetragnathaPlanata" changeset="128311076" lat="38.7920454" lon="-89.9943469"/>
  <node id="10143360565" version="2" timestamp="2022-10-31T18:04:19Z" uid="17481238" user="TetragnathaPlanata" changeset="128311076" lat="38.7920661" lon="-89.9942152"/>
  <node id="10143360566" version="2" timestamp="2022-10-31T18:04:19Z" uid="17481238" user="TetragnathaPlanata" changeset="128311076" lat="38.792119" lon="-89.994081"/>
  <node id="10143360567" version="2" timestamp="2022-10-31T18:04:19Z" uid="17481238" user="TetragnathaPlanata" changeset="128311076" lat="38.7922411" lon="-89.9939205"/>
  <node id="10143360568" version="2" timestamp="2022-10-31T18:04:19Z" uid="17481238" user="TetragnathaPlanata" changeset="128311076" lat="38.7923492" lon="-89.993819"/>
  <node id="10143360569" version="2" timestamp="2022-10-31T18:04:19Z" uid="17481238" user="TetragnathaPlanata" changeset="128311076" lat="38.7924493" lon="-89.9937412"/>
  <node id="10143360570" version="2" timestamp="2022-10-31T18:04:19Z" uid="17481238" user="TetragnathaPlanata" changeset="128311076" lat="38.7926214" lon="-89.9936389"/>
  <node id="10143360571" version="1" timestamp="2022-10-31T17:25:13Z" uid="17481238" user="TetragnathaPlanata" changeset="128309665" lat="38.7927905" lon="-89.9935834"/>
  <node id="10143360572" version="2" timestamp="2022-10-31T18:04:19Z" uid="17481238" user="TetragnathaPlanata" changeset="128311076" lat="38.7929245" lon="-89.9935412"/>
  <node id="10143360573" version="2" timestamp="2022-10-31T18:04:19Z" uid="17481238" user="TetragnathaPlanata" changeset="128311076" lat="38.7930545" lon="-89.9935263"/>
  <node id="10143360574" version="2" timestamp="2022-10-31T18:04:19Z" uid="17481238" user="TetragnathaPlanata" changeset="128311076" lat="38.7932342" lon="-89.9935275"/>
  <node id="10143360575" version="2" timestamp="2022-10-31T18:04:19Z" uid="17481238" user="TetragnathaPlanata" changeset="128311076" lat="38.7933712" lon="-89.9935532"/>
  <node id="10143360576" version="1" timestamp="2022-10-31T17:25:13Z" uid="17481238" user="TetragnathaPlanata" changeset="128309665" lat="38.7934618" lon="-89.9935917"/>
  <node id="10143360577" version="1" timestamp="2022-10-31T17:25:13Z" uid="17481238" user="TetragnathaPlanata" changeset="128309665" lat="38.7935649" lon="-89.9936318"/>
  <node id="10143360578" version="1" timestamp="2022-10-31T17:25:13Z" uid="17481238" user="TetragnathaPlanata" changeset="128309665" lat="38.7936229" lon="-89.9936457"/>
  <node id="10143360579" version="2" timestamp="2022-10-31T18:04:19Z" uid="17481238" user="TetragnathaPlanata" changeset="128311076" lat="38.7937506" lon="-89.993721"/>
  <node id="10143360580" version="3" timestamp="2025-10-27T03:02:43Z" uid="22570471" user="seateaeye" changeset="173818637" lat="38.7938568" lon="-89.9937939"/>
  <node id="10143360581" version="2" timestamp="2025-10-27T03:02:43Z" uid="22570471" user="seateaeye" changeset="173818637" lat="38.7939372" lon="-89.993865"/>
  <node id="10143360583" version="2" timestamp="2025-10-27T03:02:43Z" uid="22570471" user="seateaeye" changeset="173818637" lat="38.7940889" lon="-89.9940369"/>
  <node id="10143360584" version="3" timestamp="2025-10-27T03:02:43Z" uid="22570471" user="seateaeye" changeset="173818637" lat="38.7941361" lon="-89.9941269"/>
  <node id="10143360585" version="1" timestamp="2022-10-31T17:25:13Z" uid="17481238" user="TetragnathaPlanata" changeset="128309665" lat="38.7941673" lon="-89.9942335"/>
  <node id="10143360586" version="1" timestamp="2022-10-31T17:25:13Z" uid="17481238" user="TetragnathaPlanata" changeset="128309665" lat="38.7941866" lon="-89.994395"/>
  <node id="10143360587" version="1" timestamp="2022-10-31T17:25:13Z" uid="17481238" user="TetragnathaPlanata" changeset="128309665" lat="38.7941807" lon="-89.9944573"/>
  <node id="10143360588" version="1" timestamp="2022-10-31T17:25:13Z" uid="17481238" user="TetragnathaPlanata" changeset="128309665" lat="38.7941524" lon="-89.9945965"/>
  <node id="10143360589" version="2" timestamp="2022-10-31T18:04:19Z" uid="17481238" user="TetragnathaPlanata" changeset="128311076" lat="38.7940992" lon="-89.994722"/>
  <node id="10143360590" version="2" timestamp="2022-10-31T18:04:19Z" uid="17481238" user="TetragnathaPlanata" changeset="128311076" lat="38.7940151" lon="-89.9948308"/>
  <node id="10143360591" version="2" timestamp="2022-10-31T18:04:19Z" uid="17481238" user="TetragnathaPlanata" changeset="128311076" lat="38.7938077" lon="-89.995016"/>
  <node id="10143360592" version="1" timestamp="2022-10-31T17:25:13Z" uid="17481238" user="TetragnathaPlanata" changeset="128309665" lat="38.7937021" lon="-89.9950853"/>
  <node id="10143360593" version="2" timestamp="2022-10-31T18:04:19Z" uid="17481238" user="TetragnathaPlanata" changeset="128311076" lat="38.793572" lon="-89.995155"/>
  <node id="10143360594" version="2" timestamp="2025-10-27T03:02:43Z" uid="22570471" user="seateaeye" changeset="173818637" lat="38.7935116" lon="-89.9951761"/>
  <node id="10143360595" version="1" timestamp="2022-10-31T17:25:13Z" uid="17481238" user="TetragnathaPlanata" changeset="128309665" lat="38.7932711" lon="-89.9952372"/>
  <node id="10143360596" version="1" timestamp="2022-10-31T17:25:13Z" uid="17481238" user="TetragnathaPlanata" changeset="128309665" lat="38.7931338" lon="-89.9952499"/>
  <node id="10143360597" version="2" timestamp="2022-10-31T18:04:19Z" uid="17481238" user="TetragnathaPlanata" changeset="128311076" lat="38.7929533" lon="-89.9952396"/>
  <node id="10143360598" version="1" timestamp="2022-10-31T17:25:13Z" uid="17481238" user="TetragnathaPlanata" changeset="128309665" lat="38.7934091" lon="-89.9952022"/>
  <node id="10143360599" version="1" timestamp="2022-10-31T17:25:13Z" uid="17481238" user="TetragnathaPlanata" changeset="128309665" lat="38.7920997" lon="-89.9949809"/>
  <node id="10143360600" version="3" timestamp="2025-08-08T18:05:26Z" uid="22659674" user="AG1700" changeset="170169414" lat="38.7921177" lon="-89.9948167">
    <tag k="crossing" v="marked"/>
    <tag k="crossing:markings" v="yes"/>
    <tag k="highway" v="crossing"/>
    <tag k="tactile_paving" v="yes"/>
  </node>
  <node id="10143371029" version="1" timestamp="2022-10-31T17:17:51Z" uid="17481238" user="TetragnathaPlanata" changeset="128309365" lat="38.7925171" lon="-89.9975741">
    <tag k="access" v="yes"/>
    <tag k="door" v="hinged"/>
    <tag k="entrance" v="main"/>
    <tag k="wheelchair" v="yes"/>
  </node>
  <node id="10143384160" version="1" timestamp="2022-10-31T17:18:17Z" uid="17481238" user="TetragnathaPlanata" changeset="128309389" lat="38.792721" lon="-89.9975673"/>
  <node id="10143499697" version="1" timestamp="2022-10-31T18:04:19Z" uid="17481238" user="TetragnathaPlanata" changeset="128311076" lat="38.794128" lon="-89.9946616"/>
  <node id="10143499698" version="1" timestamp="2022-10-31T18:04:19Z" uid="17481238" user="TetragnathaPlanata" changeset="128311076" lat="38.7940589" lon="-89.994781"/>
  <node id="10143499699" version="1" timestamp="2022-10-31T18:04:19Z" uid="17481238" user="TetragnathaPlanata" changeset="128311076" lat="38.7941697" lon="-89.9945269"/>
  <node id="10143499704" version="1" timestamp="2022-10-31T18:04:19Z" uid="17481238" user="TetragnathaPlanata" changeset="128311076" lat="38.7941823" lon="-89.9943125"/>
  <node id="10143499705" version="1" timestamp="2022-10-31T18:04:19Z" uid="17481238" user="TetragnathaPlanata" changeset="128311076" lat="38.7941495" lon="-89.9941728"/>
  <node id="10143519530" version="1" timestamp="2022-10-31T18:04:19Z" uid="17481238" user="TetragnathaPlanata" changeset="128311076" lat="38.7936381" lon="-89.9951232"/>
  <node id="10143519547" version="1" timestamp="2022-10-31T18:04:19Z" uid="17481238" user="TetragnathaPlanata" changeset="128311076" lat="38.7936852" lon="-89.9936793"/>
  <node id="10143519570" version="1" timestamp="2022-10-31T18:04:19Z" uid="17481238" user="TetragnathaPlanata" changeset="128311076" lat="38.7930048" lon="-89.9949374"/>
  <node id="10143519571" version="1" timestamp="2022-10-31T18:04:19Z" uid="17481238" user="TetragnathaPlanata" changeset="128311076" lat="38.7931331" lon="-89.9950331"/>
  <node id="10143519572" version="1" timestamp="2022-10-31T18:04:19Z" uid="17481238" user="TetragnathaPlanata" changeset="128311076" lat="38.7931559" lon="-89.993523"/>
  <node id="10143519573" version="1" timestamp="2022-10-31T18:04:19Z" uid="17481238" user="TetragnathaPlanata" changeset="128311076" lat="38.7933103" lon="-89.993537"/>
  <node id="10143519577" version="1" timestamp="2022-10-31T18:04:19Z" uid="17481238" user="TetragnathaPlanata" changeset="128311076" lat="38.7934871" lon="-89.9937037"/>
  <node id="10143519578" version="1" timestamp="2022-10-31T18:04:19Z" uid="17481238" user="TetragnathaPlanata" changeset="128311076" lat="38.7930424" lon="-89.9952478"/>
  <node id="10143519579" version="1" timestamp="2022-10-31T18:04:19Z" uid="17481238" user="TetragnathaPlanata" changeset="128311076" lat="38.7932047" lon="-89.9952465"/>
  <node id="10143519612" version="1" timestamp="2022-10-31T18:04:19Z" uid="17481238" user="TetragnathaPlanata" changeset="128311076" lat="38.7925206" lon="-89.9936951"/>
  <node id="10143519629" version="1" timestamp="2022-10-31T18:04:19Z" uid="17481238" user="TetragnathaPlanata" changeset="128311076" lat="38.7921196" lon="-89.9946979"/>
  <node id="10143519630" version="1" timestamp="2022-10-31T18:04:19Z" uid="17481238" user="TetragnathaPlanata" changeset="128311076" lat="38.7920943" lon="-89.994128"/>
  <node id="10143519631" version="1" timestamp="2022-10-31T18:04:19Z" uid="17481238" user="TetragnathaPlanata" changeset="128311076" lat="38.7920683" lon="-89.9945655"/>
  <node id="10143519633" version="1" timestamp="2022-10-31T18:04:19Z" uid="17481238" user="TetragnathaPlanata" changeset="128311076" lat="38.7922272" lon="-89.9948469"/>
  <node id="10155345104" version="1" timestamp="2022-11-03T19:26:48Z" uid="7261026" user="Falkner09" changeset="128452874" lat="38.789257" lon="-90.0026363"/>
  <node id="10155345105" version="1" timestamp="2022-11-03T19:26:48Z" uid="7261026" user="Falkner09" changeset="128452874" lat="38.7892576" lon="-90.0025749"/>
  <node id="10155345106" version="1" timestamp="2022-11-03T19:26:48Z" uid="7261026" user="Falkner09" changeset="128452874" lat="38.7892649" lon="-90.0025212"/>
  <node id="10155345107" version="1" timestamp="2022-11-03T19:26:48Z" uid="7261026" user="Falkner09" changeset="128452874" lat="38.7892831" lon="-90.0024757"/>
  <node id="10155345108" version="1" timestamp="2022-11-03T19:26:48Z" uid="7261026" user="Falkner09" changeset="128452874" lat="38.7893086" lon="-90.0024336"/>
  <node id="10155345109" version="1" timestamp="2022-11-03T19:26:48Z" uid="7261026" user="Falkner09" changeset="128452874" lat="38.789334" lon="-90.0023931"/>
  <node id="10155345110" version="1" timestamp="2022-11-03T19:26:48Z" uid="7261026" user="Falkner09" changeset="128452874" lat="38.7892572" lon="-90.0026192"/>
  <node id="10155361336" version="1" timestamp="2022-11-03T19:26:48Z" uid="7261026" user="Falkner09" changeset="128452874" lat="38.7909278" lon="-89.9908962"/>
  <node id="10155361337" version="1" timestamp="2022-11-03T19:26:48Z" uid="7261026" user="Falkner09" changeset="128452874" lat="38.7906129" lon="-89.9911152"/>
  <node id="10699927466" version="1" timestamp="2023-02-28T17:04:17Z" uid="7261026" user="Falkner09" changeset="133137903" lat="38.7905679" lon="-89.9958738"/>
  <node id="10699927474" version="1" timestamp="2023-02-28T17:04:17Z" uid="7261026" user="Falkner09" changeset="133137903" lat="38.7891356" lon="-89.9972591"/>
  <node id="10885572930" version="1" timestamp="2023-05-11T02:35:26Z" uid="12955846" user="JakeEdwardsville" changeset="135957142" lat="38.7908278" lon="-90.0017677"/>
  <node id="10949108410" version="1" timestamp="2023-06-03T16:17:04Z" uid="12955846" user="JakeEdwardsville" changeset="136908242" lat="38.7970751" lon="-90.0036962"/>
  <node id="10949108411" version="1" timestamp="2023-06-03T16:17:04Z" uid="12955846" user="JakeEdwardsville" changeset="136908242" lat="38.7972197" lon="-90.0036194"/>
  <node id="10949108412" version="1" timestamp="2023-06-03T16:17:04Z" uid="12955846" user="JakeEdwardsville" changeset="136908242" lat="38.7972625" lon="-90.0035823"/>
  <node id="10949108413" version="1" timestamp="2023-06-03T16:17:04Z" uid="12955846" user="JakeEdwardsville" changeset="136908242" lat="38.7973009" lon="-90.0035031"/>
  <node id="10949108414" version="1" timestamp="2023-06-03T16:17:04Z" uid="12955846" user="JakeEdwardsville" changeset="136908242" lat="38.7973381" lon="-90.0034228"/>
  <node id="10949108415" version="1" timestamp="2023-06-03T16:17:04Z" uid="12955846" user="JakeEdwardsville" changeset="136908242" lat="38.7973654" lon="-90.0033694"/>
  <node id="10949108416" version="1" timestamp="2023-06-03T16:17:04Z" uid="12955846" user="JakeEdwardsville" changeset="136908242" lat="38.7973971" lon="-90.003343"/>
  <node id="10949108417" version="1" timestamp="2023-06-03T16:17:04Z" uid="12955846" user="JakeEdwardsville" changeset="136908242" lat="38.7972895" lon="-90.0035266">
    <tag k="crossing" v="uncontrolled"/>
    <tag k="highway" v="crossing"/>
  </node>
  <node id="10949108418" version="1" timestamp="2023-06-03T16:17:04Z" uid="12955846" user="JakeEdwardsville" changeset="136908242" lat="38.7972411" lon="-90.0036009"/>
  <node id="10949108419" version="1" timestamp="2023-06-03T16:17:04Z" uid="12955846" user="JakeEdwardsville" changeset="136908242" lat="38.7973509" lon="-90.0033978">
    <tag k="crossing" v="uncontrolled"/>
    <tag k="highway" v="crossing"/>
  </node>
  <node id="11057851757" version="1" timestamp="2023-07-21T01:58:50Z" uid="12955846" user="JakeEdwardsville" changeset="138789957" lat="38.7970818" lon="-90.0027807"/>
  <node id="11057851758" version="1" timestamp="2023-07-21T01:58:50Z" uid="12955846" user="JakeEdwardsville" changeset="138789957" lat="38.7971129" lon="-90.0028964"/>
  <node id="11057851759" version="1" timestamp="2023-07-21T01:58:50Z" uid="12955846" user="JakeEdwardsville" changeset="138789957" lat="38.7971591" lon="-90.0029999"/>
  <node id="11057851760" version="1" timestamp="2023-07-21T01:58:50Z" uid="12955846" user="JakeEdwardsville" changeset="138789957" lat="38.7970719" lon="-90.0026257"/>
  <node id="11057851761" version="1" timestamp="2023-07-21T01:58:50Z" uid="12955846" user="JakeEdwardsville" changeset="138789957" lat="38.7971138" lon="-90.0022917"/>
  <node id="11057851762" version="1" timestamp="2023-07-21T01:58:50Z" uid="12955846" user="JakeEdwardsville" changeset="138789957" lat="38.7971181" lon="-90.0020361"/>
  <node id="11057851763" version="1" timestamp="2023-07-21T01:58:50Z" uid="12955846" user="JakeEdwardsville" changeset="138789957" lat="38.7971111" lon="-90.0019529"/>
  <node id="11057851764" version="1" timestamp="2023-07-21T01:58:50Z" uid="12955846" user="JakeEdwardsville" changeset="138789957" lat="38.7971035" lon="-90.0019396"/>
  <node id="11057851765" version="1" timestamp="2023-07-21T01:58:50Z" uid="12955846" user="JakeEdwardsville" changeset="138789957" lat="38.7971156" lon="-90.0019676"/>
  <node id="11057851766" version="1" timestamp="2023-07-21T01:58:50Z" uid="12955846" user="JakeEdwardsville" changeset="138789957" lat="38.7937031" lon="-90.0039264"/>
  <node id="11057851767" version="1" timestamp="2023-07-21T01:58:50Z" uid="12955846" user="JakeEdwardsville" changeset="138789957" lat="38.79364" lon="-90.0038587"/>
  <node id="11057851768" version="1" timestamp="2023-07-21T01:58:50Z" uid="12955846" user="JakeEdwardsville" changeset="138789957" lat="38.7935431" lon="-90.0036607"/>
  <node id="11057851769" version="1" timestamp="2023-07-21T01:58:50Z" uid="12955846" user="JakeEdwardsville" changeset="138789957" lat="38.7934805" lon="-90.0035962"/>
  <node id="11057851770" version="1" timestamp="2023-07-21T01:58:50Z" uid="12955846" user="JakeEdwardsville" changeset="138789957" lat="38.7934997" lon="-90.003608"/>
  <node id="11057851771" version="1" timestamp="2023-07-21T01:58:50Z" uid="12955846" user="JakeEdwardsville" changeset="138789957" lat="38.7934588" lon="-90.0035874"/>
  <node id="11057851772" version="1" timestamp="2023-07-21T01:58:50Z" uid="12955846" user="JakeEdwardsville" changeset="138789957" lat="38.79341" lon="-90.0035834"/>
  <node id="11057851773" version="1" timestamp="2023-07-21T01:58:50Z" uid="12955846" user="JakeEdwardsville" changeset="138789957" lat="38.7933336" lon="-90.0036164"/>
  <node id="11057851774" version="1" timestamp="2023-07-21T01:58:50Z" uid="12955846" user="JakeEdwardsville" changeset="138789957" lat="38.7930343" lon="-90.0039281"/>
  <node id="11057851775" version="1" timestamp="2023-07-21T01:58:50Z" uid="12955846" user="JakeEdwardsville" changeset="138789957" lat="38.7929778" lon="-90.0040877"/>
  <node id="11057851776" version="1" timestamp="2023-07-21T01:58:50Z" uid="12955846" user="JakeEdwardsville" changeset="138789957" lat="38.7930076" lon="-90.0039726"/>
  <node id="11057851777" version="1" timestamp="2023-07-21T01:58:50Z" uid="12955846" user="JakeEdwardsville" changeset="138789957" lat="38.7932172" lon="-90.0037144"/>
  <node id="11057851778" version="1" timestamp="2023-07-21T01:58:50Z" uid="12955846" user="JakeEdwardsville" changeset="138789957" lat="38.7931168" lon="-90.0034673"/>
  <node id="11057851779" version="1" timestamp="2023-07-21T01:58:50Z" uid="12955846" user="JakeEdwardsville" changeset="138789957" lat="38.7931471" lon="-90.0033833"/>
  <node id="11057851780" version="1" timestamp="2023-07-21T01:58:50Z" uid="12955846" user="JakeEdwardsville" changeset="138789957" lat="38.7931427" lon="-90.0034076"/>
  <node id="11057851781" version="1" timestamp="2023-07-21T01:58:50Z" uid="12955846" user="JakeEdwardsville" changeset="138789957" lat="38.7931485" lon="-90.0033585"/>
  <node id="11057851782" version="1" timestamp="2023-07-21T01:58:50Z" uid="12955846" user="JakeEdwardsville" changeset="138789957" lat="38.7931391" lon="-90.0032996"/>
  <node id="11057851783" version="1" timestamp="2023-07-21T01:58:50Z" uid="12955846" user="JakeEdwardsville" changeset="138789957" lat="38.7931052" lon="-90.0032445"/>
  <node id="11057851784" version="1" timestamp="2023-07-21T01:58:50Z" uid="12955846" user="JakeEdwardsville" changeset="138789957" lat="38.7930861" lon="-90.0032285"/>
  <node id="11057851785" version="1" timestamp="2023-07-21T01:58:50Z" uid="12955846" user="JakeEdwardsville" changeset="138789957" lat="38.7930416" lon="-90.0032115"/>
  <node id="11057851786" version="1" timestamp="2023-07-21T01:58:50Z" uid="12955846" user="JakeEdwardsville" changeset="138789957" lat="38.792959" lon="-90.0043719"/>
  <node id="11057851787" version="1" timestamp="2023-07-21T01:58:50Z" uid="12955846" user="JakeEdwardsville" changeset="138789957" lat="38.7929658" lon="-90.0043359"/>
  <node id="11057851788" version="1" timestamp="2023-07-21T01:58:50Z" uid="12955846" user="JakeEdwardsville" changeset="138789957" lat="38.7928044" lon="-90.0047622"/>
  <node id="11057851789" version="1" timestamp="2023-07-21T01:58:50Z" uid="12955846" user="JakeEdwardsville" changeset="138789957" lat="38.7927795" lon="-90.0047966"/>
  <node id="11057851790" version="1" timestamp="2023-07-21T01:58:50Z" uid="12955846" user="JakeEdwardsville" changeset="138789957" lat="38.7927186" lon="-90.0048522"/>
  <node id="11057851791" version="1" timestamp="2023-07-21T01:58:50Z" uid="12955846" user="JakeEdwardsville" changeset="138789957" lat="38.7923611" lon="-90.0050356"/>
  <node id="11057851792" version="1" timestamp="2023-07-21T01:58:50Z" uid="12955846" user="JakeEdwardsville" changeset="138789957" lat="38.7923287" lon="-90.0050467"/>
  <node id="11057851793" version="1" timestamp="2023-07-21T01:58:50Z" uid="12955846" user="JakeEdwardsville" changeset="138789957" lat="38.7922036" lon="-90.0050616"/>
  <node id="11057851794" version="1" timestamp="2023-07-21T01:58:50Z" uid="12955846" user="JakeEdwardsville" changeset="138789957" lat="38.792249" lon="-90.0050617"/>
  <node id="11057851795" version="1" timestamp="2023-07-21T01:58:50Z" uid="12955846" user="JakeEdwardsville" changeset="138789957" lat="38.7920411" lon="-90.0050656"/>
  <node id="11057851796" version="1" timestamp="2023-07-21T01:58:50Z" uid="12955846" user="JakeEdwardsville" changeset="138789957" lat="38.7919423" lon="-90.0050654"/>
  <node id="11057851799" version="1" timestamp="2023-07-21T01:58:50Z" uid="12955846" user="JakeEdwardsville" changeset="138789957" lat="38.7919397" lon="-90.0037093"/>
  <node id="11057851800" version="1" timestamp="2023-07-21T01:58:50Z" uid="12955846" user="JakeEdwardsville" changeset="138789957" lat="38.7919653" lon="-90.0036337"/>
  <node id="11057851801" version="1" timestamp="2023-07-21T01:58:50Z" uid="12955846" user="JakeEdwardsville" changeset="138789957" lat="38.7921181" lon="-90.0034227"/>
  <node id="11057851802" version="1" timestamp="2023-07-21T01:58:50Z" uid="12955846" user="JakeEdwardsville" changeset="138789957" lat="38.7921657" lon="-90.0033956"/>
  <node id="11057851803" version="1" timestamp="2023-07-21T01:58:50Z" uid="12955846" user="JakeEdwardsville" changeset="138789957" lat="38.7922078" lon="-90.0033938"/>
  <node id="11057851804" version="1" timestamp="2023-07-21T01:58:50Z" uid="12955846" user="JakeEdwardsville" changeset="138789957" lat="38.7922927" lon="-90.0034367"/>
  <node id="11057851805" version="1" timestamp="2023-07-21T01:58:50Z" uid="12955846" user="JakeEdwardsville" changeset="138789957" lat="38.7923434" lon="-90.0034937"/>
  <node id="11057851813" version="1" timestamp="2023-07-21T01:58:50Z" uid="12955846" user="JakeEdwardsville" changeset="138789957" lat="38.7937218" lon="-90.0039372"/>
  <node id="11057851814" version="1" timestamp="2023-07-21T01:58:50Z" uid="12955846" user="JakeEdwardsville" changeset="138789957" lat="38.7936871" lon="-90.0039144"/>
  <node id="11057851815" version="1" timestamp="2023-07-21T01:58:50Z" uid="12955846" user="JakeEdwardsville" changeset="138789957" lat="38.7936542" lon="-90.0038806"/>
  <node id="11057851816" version="1" timestamp="2023-07-21T01:58:50Z" uid="12955846" user="JakeEdwardsville" changeset="138789957" lat="38.7939178" lon="-90.001027"/>
  <node id="11057851817" version="1" timestamp="2023-07-21T01:58:50Z" uid="12955846" user="JakeEdwardsville" changeset="138789957" lat="38.7940106" lon="-90.0010287"/>
  <node id="11057851818" version="1" timestamp="2023-07-21T01:58:50Z" uid="12955846" user="JakeEdwardsville" changeset="138789957" lat="38.7945137" lon="-90.0002906"/>
  <node id="11057851819" version="1" timestamp="2023-07-21T01:58:50Z" uid="12955846" user="JakeEdwardsville" changeset="138789957" lat="38.7945209" lon="-90.0002664"/>
  <node id="11057851820" version="1" timestamp="2023-07-21T01:58:50Z" uid="12955846" user="JakeEdwardsville" changeset="138789957" lat="38.7944029" lon="-90.0001954"/>
  <node id="11057851871" version="1" timestamp="2023-07-21T01:58:50Z" uid="12955846" user="JakeEdwardsville" changeset="138789957" lat="38.7936746" lon="-89.9998117"/>
  <node id="11057851872" version="1" timestamp="2023-07-21T01:58:50Z" uid="12955846" user="JakeEdwardsville" changeset="138789957" lat="38.7936553" lon="-89.999814"/>
  <node id="11057851873" version="1" timestamp="2023-07-21T01:58:50Z" uid="12955846" user="JakeEdwardsville" changeset="138789957" lat="38.793637" lon="-89.999819"/>
  <node id="11057851874" version="1" timestamp="2023-07-21T01:58:50Z" uid="12955846" user="JakeEdwardsville" changeset="138789957" lat="38.793619" lon="-89.9998267"/>
  <node id="11057851875" version="1" timestamp="2023-07-21T01:58:50Z" uid="12955846" user="JakeEdwardsville" changeset="138789957" lat="38.7935998" lon="-89.9998363"/>
  <node id="11057851876" version="1" timestamp="2023-07-21T01:58:50Z" uid="12955846" user="JakeEdwardsville" changeset="138789957" lat="38.7935857" lon="-89.9998452"/>
  <node id="11057851877" version="1" timestamp="2023-07-21T01:58:50Z" uid="12955846" user="JakeEdwardsville" changeset="138789957" lat="38.7935695" lon="-89.9998575"/>
  <node id="11057851878" version="1" timestamp="2023-07-21T01:58:50Z" uid="12955846" user="JakeEdwardsville" changeset="138789957" lat="38.7935539" lon="-89.9998695"/>
  <node id="11057851879" version="1" timestamp="2023-07-21T01:58:50Z" uid="12955846" user="JakeEdwardsville" changeset="138789957" lat="38.7935413" lon="-89.999881"/>
  <node id="11057851880" version="1" timestamp="2023-07-21T01:58:50Z" uid="12955846" user="JakeEdwardsville" changeset="138789957" lat="38.7935296" lon="-89.9998941"/>
  <node id="11057851881" version="1" timestamp="2023-07-21T01:58:50Z" uid="12955846" user="JakeEdwardsville" changeset="138789957" lat="38.7935146" lon="-89.9999114"/>
  <node id="11057851882" version="1" timestamp="2023-07-21T01:58:50Z" uid="12955846" user="JakeEdwardsville" changeset="138789957" lat="38.7935074" lon="-89.9999226"/>
  <node id="11057851883" version="1" timestamp="2023-07-21T01:58:50Z" uid="12955846" user="JakeEdwardsville" changeset="138789957" lat="38.793611" lon="-89.9999961"/>
  <node id="11057851884" version="1" timestamp="2023-07-21T01:58:50Z" uid="12955846" user="JakeEdwardsville" changeset="138789957" lat="38.7935986" lon="-90.000151"/>
  <node id="11057851885" version="1" timestamp="2023-07-21T01:58:50Z" uid="12955846" user="JakeEdwardsville" changeset="138789957" lat="38.7935954" lon="-90.0001157"/>
  <node id="11057851886" version="1" timestamp="2023-07-21T01:58:50Z" uid="12955846" user="JakeEdwardsville" changeset="138789957" lat="38.7935831" lon="-90.0000715"/>
  <node id="11057851887" version="1" timestamp="2023-07-21T01:58:50Z" uid="12955846" user="JakeEdwardsville" changeset="138789957" lat="38.7935481" lon="-90.0000378"/>
  <node id="11057851888" version="1" timestamp="2023-07-21T01:58:50Z" uid="12955846" user="JakeEdwardsville" changeset="138789957" lat="38.793559" lon="-90.0000431"/>
  <node id="11057851889" version="1" timestamp="2023-07-21T01:58:50Z" uid="12955846" user="JakeEdwardsville" changeset="138789957" lat="38.7935771" lon="-90.0000599"/>
  <node id="11057851890" version="1" timestamp="2023-07-21T01:58:50Z" uid="12955846" user="JakeEdwardsville" changeset="138789957" lat="38.7935886" lon="-90.000087"/>
  <node id="11057851891" version="1" timestamp="2023-07-21T01:58:50Z" uid="12955846" user="JakeEdwardsville" changeset="138789957" lat="38.7935976" lon="-90.0001333"/>
  <node id="11057851892" version="1" timestamp="2023-07-21T01:58:50Z" uid="12955846" user="JakeEdwardsville" changeset="138789957" lat="38.793593" lon="-90.0001037"/>
  <node id="11057851893" version="1" timestamp="2023-07-21T01:58:50Z" uid="12955846" user="JakeEdwardsville" changeset="138789957" lat="38.7935921" lon="-90.0000193"/>
  <node id="11057851894" version="1" timestamp="2023-07-21T01:58:50Z" uid="12955846" user="JakeEdwardsville" changeset="138789957" lat="38.7937621" lon="-89.999843"/>
  <node id="11057851895" version="1" timestamp="2023-07-21T01:58:50Z" uid="12955846" user="JakeEdwardsville" changeset="138789957" lat="38.793487" lon="-89.9999598"/>
  <node id="11057851896" version="1" timestamp="2023-07-21T01:58:50Z" uid="12955846" user="JakeEdwardsville" changeset="138789957" lat="38.7937182" lon="-89.9998229"/>
  <node id="11057851897" version="1" timestamp="2023-07-21T01:58:50Z" uid="12955846" user="JakeEdwardsville" changeset="138789957" lat="38.7936964" lon="-89.9998165"/>
  <node id="11057851898" version="1" timestamp="2023-07-21T01:58:50Z" uid="12955846" user="JakeEdwardsville" changeset="138789957" lat="38.793686" lon="-89.9998134"/>
  <node id="11057851899" version="1" timestamp="2023-07-21T01:58:50Z" uid="12955846" user="JakeEdwardsville" changeset="138789957" lat="38.7937399" lon="-89.9998433"/>
  <node id="11057851900" version="1" timestamp="2023-07-21T01:58:50Z" uid="12955846" user="JakeEdwardsville" changeset="138789957" lat="38.7937303" lon="-89.9998429"/>
  <node id="11057851901" version="1" timestamp="2023-07-21T01:58:50Z" uid="12955846" user="JakeEdwardsville" changeset="138789957" lat="38.7937188" lon="-89.9998327"/>
  <node id="11057851902" version="1" timestamp="2023-07-21T01:58:50Z" uid="12955846" user="JakeEdwardsville" changeset="138789957" lat="38.7937261" lon="-89.9998412"/>
  <node id="11057851903" version="1" timestamp="2023-07-21T01:58:50Z" uid="12955846" user="JakeEdwardsville" changeset="138789957" lat="38.7940143" lon="-89.9992153"/>
  <node id="11057851904" version="1" timestamp="2023-07-21T01:58:50Z" uid="12955846" user="JakeEdwardsville" changeset="138789957" lat="38.7939406" lon="-89.9991924"/>
  <node id="11057851905" version="1" timestamp="2023-07-21T01:58:50Z" uid="12955846" user="JakeEdwardsville" changeset="138789957" lat="38.7937593" lon="-89.9990467"/>
  <node id="11057851906" version="1" timestamp="2023-07-21T01:58:50Z" uid="12955846" user="JakeEdwardsville" changeset="138789957" lat="38.7939183" lon="-89.999112"/>
  <node id="11057851907" version="1" timestamp="2023-07-21T01:58:50Z" uid="12955846" user="JakeEdwardsville" changeset="138789957" lat="38.7938025" lon="-89.9990231"/>
  <node id="11057851908" version="1" timestamp="2023-07-21T01:58:50Z" uid="12955846" user="JakeEdwardsville" changeset="138789957" lat="38.7939092" lon="-89.9992278"/>
  <node id="11057851909" version="1" timestamp="2023-07-21T01:58:50Z" uid="12955846" user="JakeEdwardsville" changeset="138789957" lat="38.7937203" lon="-89.9992277"/>
  <node id="11057851910" version="1" timestamp="2023-07-21T01:58:50Z" uid="12955846" user="JakeEdwardsville" changeset="138789957" lat="38.7939242" lon="-89.9992197"/>
  <node id="11057851911" version="1" timestamp="2023-07-21T01:58:50Z" uid="12955846" user="JakeEdwardsville" changeset="138789957" lat="38.7939428" lon="-89.9991794"/>
  <node id="11057851912" version="1" timestamp="2023-07-21T01:58:50Z" uid="12955846" user="JakeEdwardsville" changeset="138789957" lat="38.7939399" lon="-89.9991495"/>
  <node id="11057851913" version="1" timestamp="2023-07-21T01:58:50Z" uid="12955846" user="JakeEdwardsville" changeset="138789957" lat="38.7939425" lon="-89.9991647"/>
  <node id="11057851914" version="1" timestamp="2023-07-21T01:58:50Z" uid="12955846" user="JakeEdwardsville" changeset="138789957" lat="38.7939355" lon="-89.9991348"/>
  <node id="11057851915" version="1" timestamp="2023-07-21T01:58:50Z" uid="12955846" user="JakeEdwardsville" changeset="138789957" lat="38.7939281" lon="-89.9991231"/>
  <node id="11057851916" version="1" timestamp="2023-07-21T01:58:50Z" uid="12955846" user="JakeEdwardsville" changeset="138789957" lat="38.7939365" lon="-89.9992037"/>
  <node id="11057851917" version="1" timestamp="2023-07-21T01:58:50Z" uid="12955846" user="JakeEdwardsville" changeset="138789957" lat="38.7939179" lon="-89.9992246"/>
  <node id="11057851918" version="1" timestamp="2023-07-21T01:58:50Z" uid="12955846" user="JakeEdwardsville" changeset="138789957" lat="38.7939309" lon="-89.9992126"/>
  <node id="11057851919" version="1" timestamp="2023-07-21T01:58:50Z" uid="12955846" user="JakeEdwardsville" changeset="138789957" lat="38.7937684" lon="-89.9989982"/>
  <node id="11057851920" version="1" timestamp="2023-07-21T01:58:50Z" uid="12955846" user="JakeEdwardsville" changeset="138789957" lat="38.7937646" lon="-89.9990239"/>
  <node id="11057851921" version="1" timestamp="2023-07-21T01:58:50Z" uid="12955846" user="JakeEdwardsville" changeset="138789957" lat="38.7937698" lon="-89.9989718"/>
  <node id="11057851922" version="1" timestamp="2023-07-21T01:58:50Z" uid="12955846" user="JakeEdwardsville" changeset="138789957" lat="38.7937677" lon="-89.9988654"/>
  <node id="11057851923" version="1" timestamp="2023-07-21T01:58:50Z" uid="12955846" user="JakeEdwardsville" changeset="138789957" lat="38.7937527" lon="-89.9986573"/>
  <node id="11057851924" version="1" timestamp="2023-07-21T01:58:50Z" uid="12955846" user="JakeEdwardsville" changeset="138789957" lat="38.7940679" lon="-89.999259"/>
  <node id="11057851925" version="1" timestamp="2023-07-21T01:58:50Z" uid="12955846" user="JakeEdwardsville" changeset="138789957" lat="38.7940423" lon="-89.9992362"/>
  <node id="11057851926" version="2" timestamp="2024-01-21T05:11:05Z" uid="12955846" user="JakeEdwardsville" changeset="146500612" lat="38.7938733" lon="-89.9983951"/>
  <node id="11057851927" version="1" timestamp="2023-07-21T01:58:50Z" uid="12955846" user="JakeEdwardsville" changeset="138789957" lat="38.7937272" lon="-89.9991668"/>
  <node id="11057851928" version="1" timestamp="2023-07-21T01:58:50Z" uid="12955846" user="JakeEdwardsville" changeset="138789957" lat="38.7937208" lon="-89.9992103"/>
  <node id="11057851929" version="1" timestamp="2023-07-21T01:58:50Z" uid="12955846" user="JakeEdwardsville" changeset="138789957" lat="38.7937242" lon="-89.9991804"/>
  <node id="11057851930" version="1" timestamp="2023-07-21T01:58:50Z" uid="12955846" user="JakeEdwardsville" changeset="138789957" lat="38.7937621" lon="-89.9990355"/>
  <node id="11057851931" version="1" timestamp="2023-07-21T01:58:50Z" uid="12955846" user="JakeEdwardsville" changeset="138789957" lat="38.7937669" lon="-89.999011"/>
  <node id="11062494490" version="1" timestamp="2023-07-22T22:53:20Z" uid="12955846" user="JakeEdwardsville" changeset="138873773" lat="38.7937202" lon="-89.999294"/>
  <node id="11062494491" version="1" timestamp="2023-07-22T22:53:20Z" uid="12955846" user="JakeEdwardsville" changeset="138873773" lat="38.7937202" lon="-89.9993234"/>
  <node id="11062494492" version="1" timestamp="2023-07-22T22:53:20Z" uid="12955846" user="JakeEdwardsville" changeset="138873773" lat="38.7937934" lon="-89.9993381"/>
  <node id="11062494493" version="1" timestamp="2023-07-22T22:53:20Z" uid="12955846" user="JakeEdwardsville" changeset="138873773" lat="38.7937202" lon="-89.9993388"/>
  <node id="11062494494" version="1" timestamp="2023-07-22T22:53:20Z" uid="12955846" user="JakeEdwardsville" changeset="138873773" lat="38.7937928" lon="-89.9992743"/>
  <node id="11062494495" version="1" timestamp="2023-07-22T22:53:20Z" uid="12955846" user="JakeEdwardsville" changeset="138873773" lat="38.7937202" lon="-89.9992738"/>
  <node id="11062494496" version="1" timestamp="2023-07-22T22:53:20Z" uid="12955846" user="JakeEdwardsville" changeset="138873773" lat="38.7943296" lon="-89.9985455"/>
  <node id="11062494497" version="1" timestamp="2023-07-22T22:53:20Z" uid="12955846" user="JakeEdwardsville" changeset="138873773" lat="38.7941413" lon="-89.9985438"/>
  <node id="11062510274" version="1" timestamp="2023-07-22T22:53:20Z" uid="12955846" user="JakeEdwardsville" changeset="138873773" lat="38.7965036" lon="-89.999436"/>
  <node id="11536076564" version="1" timestamp="2024-01-21T05:11:05Z" uid="12955846" user="JakeEdwardsville" changeset="146500612" lat="38.7937005" lon="-89.9983918"/>
  <node id="11536076566" version="1" timestamp="2024-01-21T05:11:05Z" uid="12955846" user="JakeEdwardsville" changeset="146500612" lat="38.793827" lon="-89.996974"/>
  <node id="11536076567" version="1" timestamp="2024-01-21T05:11:05Z" uid="12955846" user="JakeEdwardsville" changeset="146500612" lat="38.7937538" lon="-89.9971422"/>
  <node id="11536076568" version="1" timestamp="2024-01-21T05:11:05Z" uid="12955846" user="JakeEdwardsville" changeset="146500612" lat="38.7939145" lon="-89.9971245"/>
  <node id="12010704894" version="1" timestamp="2024-06-25T23:51:26Z" uid="12955846" user="JakeEdwardsville" changeset="153179051" lat="38.7931789" lon="-90.0000178">
    <tag k="crossing" v="uncontrolled"/>
    <tag k="highway" v="crossing"/>
  </node>
  <node id="12010719218" version="1" timestamp="2024-06-25T23:43:52Z" uid="12955846" user="JakeEdwardsville" changeset="153178975" lat="38.7934201" lon="-90.0000371"/>
  <node id="12010729872" version="1" timestamp="2024-06-25T23:43:52Z" uid="12955846" user="JakeEdwardsville" changeset="153178975" lat="38.7933646" lon="-90.000038"/>
  <node id="12010729873" version="1" timestamp="2024-06-25T23:43:52Z" uid="12955846" user="JakeEdwardsville" changeset="153178975" lat="38.7931197" lon="-90.0000258"/>
  <node id="12010729874" version="1" timestamp="2024-06-25T23:43:52Z" uid="12955846" user="JakeEdwardsville" changeset="153178975" lat="38.793107" lon="-89.9999928"/>
  <node id="12010729875" version="1" timestamp="2024-06-25T23:43:52Z" uid="12955846" user="JakeEdwardsville" changeset="153178975" lat="38.7930973" lon="-89.9999758"/>
  <node id="12010729876" version="1" timestamp="2024-06-25T23:43:52Z" uid="12955846" user="JakeEdwardsville" changeset="153178975" lat="38.7930763" lon="-89.9999658"/>
  <node id="12010729877" version="1" timestamp="2024-06-25T23:43:52Z" uid="12955846" user="JakeEdwardsville" changeset="153178975" lat="38.7929326" lon="-89.9999658"/>
  <node id="12010729878" version="1" timestamp="2024-06-25T23:43:52Z" uid="12955846" user="JakeEdwardsville" changeset="153178975" lat="38.7925981" lon="-90.0000035"/>
  <node id="12010729879" version="1" timestamp="2024-06-25T23:43:52Z" uid="12955846" user="JakeEdwardsville" changeset="153178975" lat="38.7925585" lon="-90.0000289"/>
  <node id="12010729880" version="1" timestamp="2024-06-25T23:43:52Z" uid="12955846" user="JakeEdwardsville" changeset="153178975" lat="38.7925981" lon="-89.9999679"/>
  <node id="12010729881" version="1" timestamp="2024-06-25T23:43:52Z" uid="12955846" user="JakeEdwardsville" changeset="153178975" lat="38.7925989" lon="-90.0007845"/>
  <node id="12010736077" version="1" timestamp="2024-06-26T00:04:03Z" uid="12955846" user="JakeEdwardsville" changeset="153179190" lat="38.792706" lon="-89.9996354"/>
  <node id="12010736078" version="1" timestamp="2024-06-26T00:04:03Z" uid="12955846" user="JakeEdwardsville" changeset="153179190" lat="38.7930521" lon="-89.9996346"/>
  <node id="12010736079" version="1" timestamp="2024-06-26T00:04:03Z" uid="12955846" user="JakeEdwardsville" changeset="153179190" lat="38.792664" lon="-89.9996355"/>
  <node id="12010736080" version="1" timestamp="2024-06-26T00:04:03Z" uid="12955846" user="JakeEdwardsville" changeset="153179190" lat="38.7926468" lon="-89.9996385"/>
  <node id="12010736081" version="1" timestamp="2024-06-26T00:04:03Z" uid="12955846" user="JakeEdwardsville" changeset="153179190" lat="38.7926363" lon="-89.9996432"/>
  <node id="12010736082" version="1" timestamp="2024-06-26T00:04:03Z" uid="12955846" user="JakeEdwardsville" changeset="153179190" lat="38.7926251" lon="-89.9996511"/>
  <node id="12010736083" version="1" timestamp="2024-06-26T00:04:03Z" uid="12955846" user="JakeEdwardsville" changeset="153179190" lat="38.7926152" lon="-89.9996599"/>
  <node id="12010736084" version="1" timestamp="2024-06-26T00:04:03Z" uid="12955846" user="JakeEdwardsville" changeset="153179190" lat="38.7926062" lon="-89.9996742"/>
  <node id="12010736085" version="1" timestamp="2024-06-26T00:04:03Z" uid="12955846" user="JakeEdwardsville" changeset="153179190" lat="38.7926002" lon="-89.9996907"/>
  <node id="12010736086" version="1" timestamp="2024-06-26T00:04:03Z" uid="12955846" user="JakeEdwardsville" changeset="153179190" lat="38.7925982" lon="-89.9997177"/>
  <node id="12010736156" version="1" timestamp="2024-06-26T00:04:03Z" uid="12955846" user="JakeEdwardsville" changeset="153179190" lat="38.7936005" lon="-90.0005959"/>
  <node id="12010736157" version="1" timestamp="2024-06-26T00:04:03Z" uid="12955846" user="JakeEdwardsville" changeset="153179190" lat="38.7935634" lon="-90.0005963"/>
  <node id="12010736158" version="1" timestamp="2024-06-26T00:04:03Z" uid="12955846" user="JakeEdwardsville" changeset="153179190" lat="38.7934805" lon="-90.0005984"/>
  <node id="12010736159" version="1" timestamp="2024-06-26T00:04:03Z" uid="12955846" user="JakeEdwardsville" changeset="153179190" lat="38.7934612" lon="-90.0000366"/>
  <node id="12010736160" version="1" timestamp="2024-06-26T00:04:03Z" uid="12955846" user="JakeEdwardsville" changeset="153179190" lat="38.7934776" lon="-90.0001343"/>
  <node id="12010736161" version="1" timestamp="2024-06-26T00:04:03Z" uid="12955846" user="JakeEdwardsville" changeset="153179190" lat="38.7934789" lon="-90.0001831"/>
  <node id="12010736162" version="1" timestamp="2024-06-26T00:04:03Z" uid="12955846" user="JakeEdwardsville" changeset="153179190" lat="38.7934806" lon="-90.0005698"/>
  <node id="12010736163" version="1" timestamp="2024-06-26T00:04:03Z" uid="12955846" user="JakeEdwardsville" changeset="153179190" lat="38.7934799" lon="-90.0007325"/>
  <node id="12010736164" version="1" timestamp="2024-06-26T00:04:03Z" uid="12955846" user="JakeEdwardsville" changeset="153179190" lat="38.7934862" lon="-90.0007817"/>
  <node id="12010736165" version="1" timestamp="2024-06-26T00:04:03Z" uid="12955846" user="JakeEdwardsville" changeset="153179190" lat="38.7935787" lon="-90.0010519"/>
  <node id="12010736166" version="1" timestamp="2024-06-26T00:04:03Z" uid="12955846" user="JakeEdwardsville" changeset="153179190" lat="38.793592" lon="-90.0011054"/>
  <node id="12010736167" version="1" timestamp="2024-06-26T00:04:03Z" uid="12955846" user="JakeEdwardsville" changeset="153179190" lat="38.7931265" lon="-90.0001549"/>
  <node id="12010736168" version="1" timestamp="2024-06-26T00:04:03Z" uid="12955846" user="JakeEdwardsville" changeset="153179190" lat="38.7931248" lon="-90.0009645"/>
  <node id="12010736324" version="1" timestamp="2024-06-26T00:11:03Z" uid="12955846" user="JakeEdwardsville" changeset="153179257" lat="38.7931698" lon="-90.0011538"/>
  <node id="12010736325" version="1" timestamp="2024-06-26T00:11:03Z" uid="12955846" user="JakeEdwardsville" changeset="153179257" lat="38.7931691" lon="-90.0012211">
    <tag k="crossing" v="uncontrolled"/>
    <tag k="highway" v="crossing"/>
  </node>
  <node id="12010736326" version="1" timestamp="2024-06-26T00:11:03Z" uid="12955846" user="JakeEdwardsville" changeset="153179257" lat="38.7936078" lon="-90.0011147"/>
  <node id="12010736327" version="1" timestamp="2024-06-26T00:11:03Z" uid="12955846" user="JakeEdwardsville" changeset="153179257" lat="38.7936865" lon="-90.0010488"/>
  <node id="12010736328" version="1" timestamp="2024-06-26T00:11:03Z" uid="12955846" user="JakeEdwardsville" changeset="153179257" lat="38.7936433" lon="-90.0010906">
    <tag k="crossing" v="uncontrolled"/>
    <tag k="highway" v="crossing"/>
  </node>
  <node id="12010736329" version="1" timestamp="2024-06-26T00:11:03Z" uid="12955846" user="JakeEdwardsville" changeset="153179257" lat="38.7935874" lon="-90.001273"/>
  <node id="12010736330" version="1" timestamp="2024-06-26T00:11:03Z" uid="12955846" user="JakeEdwardsville" changeset="153179257" lat="38.7935877" lon="-90.0012273">
    <tag k="crossing" v="uncontrolled"/>
    <tag k="highway" v="crossing"/>
  </node>
  <node id="12010736331" version="1" timestamp="2024-06-26T00:11:03Z" uid="12955846" user="JakeEdwardsville" changeset="153179257" lat="38.793528" lon="-90.0005972">
    <tag k="crossing" v="uncontrolled"/>
    <tag k="highway" v="crossing"/>
  </node>
  <node id="12010736332" version="1" timestamp="2024-06-26T00:11:03Z" uid="12955846" user="JakeEdwardsville" changeset="153179257" lat="38.7934714" lon="-90.0000973">
    <tag k="crossing" v="uncontrolled"/>
    <tag k="highway" v="crossing"/>
  </node>
  <node id="12010736333" version="1" timestamp="2024-06-26T00:11:03Z" uid="12955846" user="JakeEdwardsville" changeset="153179257" lat="38.7931232" lon="-90.0000918">
    <tag k="crossing" v="uncontrolled"/>
    <tag k="highway" v="crossing"/>
  </node>
  <node id="12010736334" version="1" timestamp="2024-06-26T00:11:03Z" uid="12955846" user="JakeEdwardsville" changeset="153179257" lat="38.7931712" lon="-90.0010668"/>
  <node id="12010736335" version="1" timestamp="2024-06-26T00:11:03Z" uid="12955846" user="JakeEdwardsville" changeset="153179257" lat="38.7931712" lon="-90.0009721"/>
  <node id="12010736336" version="1" timestamp="2024-06-26T00:11:03Z" uid="12955846" user="JakeEdwardsville" changeset="153179257" lat="38.7931712" lon="-90.0010248">
    <tag k="crossing" v="uncontrolled"/>
    <tag k="highway" v="crossing"/>
  </node>
  <node id="12010752369" version="1" timestamp="2024-06-26T00:04:03Z" uid="12955846" user="JakeEdwardsville" changeset="153179190" lat="38.7931712" lon="-90.0009602"/>
  <node id="12010752370" version="1" timestamp="2024-06-26T00:04:03Z" uid="12955846" user="JakeEdwardsville" changeset="153179190" lat="38.7931712" lon="-90.0010784"/>
  <node id="12010752371" version="1" timestamp="2024-06-26T00:04:03Z" uid="12955846" user="JakeEdwardsville" changeset="153179190" lat="38.7931692" lon="-90.0011859"/>
  <node id="12010752372" version="1" timestamp="2024-06-26T00:04:03Z" uid="12955846" user="JakeEdwardsville" changeset="153179190" lat="38.7931689" lon="-90.0012931"/>
  <node id="12010752373" version="1" timestamp="2024-06-26T00:04:03Z" uid="12955846" user="JakeEdwardsville" changeset="153179190" lat="38.7936741" lon="-90.0010696"/>
  <node id="12010752374" version="1" timestamp="2024-06-26T00:04:03Z" uid="12955846" user="JakeEdwardsville" changeset="153179190" lat="38.7935932" lon="-90.0011247"/>
  <node id="12010752375" version="1" timestamp="2024-06-26T00:04:03Z" uid="12955846" user="JakeEdwardsville" changeset="153179190" lat="38.7935874" lon="-90.0011386"/>
  <node id="12010752376" version="1" timestamp="2024-06-26T00:04:03Z" uid="12955846" user="JakeEdwardsville" changeset="153179190" lat="38.7935882" lon="-90.0011636"/>
  <node id="12010752377" version="1" timestamp="2024-06-26T00:04:03Z" uid="12955846" user="JakeEdwardsville" changeset="153179190" lat="38.7935872" lon="-90.0013013"/>
  <node id="12010752378" version="1" timestamp="2024-06-26T00:04:03Z" uid="12955846" user="JakeEdwardsville" changeset="153179190" lat="38.7935617" lon="-90.0012976"/>
  <node id="12010752379" version="1" timestamp="2024-06-26T00:04:03Z" uid="12955846" user="JakeEdwardsville" changeset="153179190" lat="38.793532" lon="-90.0012951"/>
  <node id="12010752380" version="1" timestamp="2024-06-26T00:04:03Z" uid="12955846" user="JakeEdwardsville" changeset="153179190" lat="38.7930167" lon="-90.0012923"/>
  <node id="12010752381" version="1" timestamp="2024-06-26T00:04:03Z" uid="12955846" user="JakeEdwardsville" changeset="153179190" lat="38.7929638" lon="-90.0012917"/>
  <node id="12010752382" version="1" timestamp="2024-06-26T00:04:03Z" uid="12955846" user="JakeEdwardsville" changeset="153179190" lat="38.7929154" lon="-90.0012912"/>
  <node id="12010752383" version="1" timestamp="2024-06-26T00:04:03Z" uid="12955846" user="JakeEdwardsville" changeset="153179190" lat="38.7928824" lon="-90.0012863"/>
  <node id="12010752384" version="1" timestamp="2024-06-26T00:04:03Z" uid="12955846" user="JakeEdwardsville" changeset="153179190" lat="38.7928522" lon="-90.0012743"/>
  <node id="12010752385" version="1" timestamp="2024-06-26T00:04:03Z" uid="12955846" user="JakeEdwardsville" changeset="153179190" lat="38.7928235" lon="-90.0012591"/>
  <node id="12010752386" version="1" timestamp="2024-06-26T00:04:03Z" uid="12955846" user="JakeEdwardsville" changeset="153179190" lat="38.7927958" lon="-90.0012392"/>
  <node id="12010752387" version="1" timestamp="2024-06-26T00:04:03Z" uid="12955846" user="JakeEdwardsville" changeset="153179190" lat="38.7927698" lon="-90.0012122"/>
  <node id="12010752388" version="1" timestamp="2024-06-26T00:04:03Z" uid="12955846" user="JakeEdwardsville" changeset="153179190" lat="38.7927409" lon="-90.001176"/>
  <node id="12010752389" version="1" timestamp="2024-06-26T00:04:03Z" uid="12955846" user="JakeEdwardsville" changeset="153179190" lat="38.792719" lon="-90.0011369"/>
  <node id="12010752390" version="1" timestamp="2024-06-26T00:04:03Z" uid="12955846" user="JakeEdwardsville" changeset="153179190" lat="38.7926955" lon="-90.0010887"/>
  <node id="12010752391" version="1" timestamp="2024-06-26T00:04:03Z" uid="12955846" user="JakeEdwardsville" changeset="153179190" lat="38.7926761" lon="-90.0010465"/>
  <node id="12010752392" version="1" timestamp="2024-06-26T00:04:03Z" uid="12955846" user="JakeEdwardsville" changeset="153179190" lat="38.7926576" lon="-90.0009981"/>
  <node id="12010752393" version="1" timestamp="2024-06-26T00:04:03Z" uid="12955846" user="JakeEdwardsville" changeset="153179190" lat="38.7926469" lon="-90.0009607"/>
  <node id="12011157301" version="2" timestamp="2025-08-08T18:05:26Z" uid="22659674" user="AG1700" changeset="170169414" lat="38.795314" lon="-89.9941265">
    <tag k="crossing" v="marked"/>
    <tag k="crossing:markings" v="yes"/>
    <tag k="highway" v="crossing"/>
  </node>
  <node id="12217294171" version="2" timestamp="2025-05-14T16:45:52Z" uid="22899438" user="THE BEAST 6624" changeset="166266408" lat="38.7889132" lon="-89.9964079">
    <tag k="crossing" v="uncontrolled"/>
    <tag k="crossing:markings" v="zebra"/>
    <tag k="highway" v="crossing"/>
    <tag k="tactile_paving" v="yes"/>
  </node>
  <node id="12217294173" version="3" timestamp="2025-05-14T16:59:06Z" uid="22899438" user="THE BEAST 6624" changeset="166267095" lat="38.7889148" lon="-89.9962984">
    <tag k="barrier" v="kerb"/>
    <tag k="crossing" v="uncontrolled"/>
    <tag k="crossing:markings" v="zebra"/>
    <tag k="highway" v="crossing"/>
    <tag k="kerb" v="lowered"/>
    <tag k="tactile_paving" v="yes"/>
  </node>
  <node id="12217325302" version="1" timestamp="2024-10-03T01:48:08Z" uid="12955846" user="JakeEdwardsville" changeset="157399880" lat="38.7981791" lon="-89.9980077"/>
  <node id="12550164041" version="1" timestamp="2025-02-02T01:10:48Z" uid="22358333" user="Jbensman" changeset="162031160" lat="38.7858" lon="-90.0082707"/>
  <node id="12550164042" version="1" timestamp="2025-02-02T01:10:48Z" uid="22358333" user="Jbensman" changeset="162031160" lat="38.7858387" lon="-90.0081906"/>
  <node id="12550164043" version="1" timestamp="2025-02-02T01:10:48Z" uid="22358333" user="Jbensman" changeset="162031160" lat="38.7858583" lon="-90.0081202"/>
  <node id="12550164044" version="1" timestamp="2025-02-02T01:10:48Z" uid="22358333" user="Jbensman" changeset="162031160" lat="38.785879" lon="-90.0080406"/>
  <node id="12550164045" version="1" timestamp="2025-02-02T01:10:48Z" uid="22358333" user="Jbensman" changeset="162031160" lat="38.7858476" lon="-90.007989"/>
  <node id="12550164046" version="1" timestamp="2025-02-02T01:10:48Z" uid="22358333" user="Jbensman" changeset="162031160" lat="38.7858197" lon="-90.0079804"/>
  <node id="12550164047" version="1" timestamp="2025-02-02T01:10:48Z" uid="22358333" user="Jbensman" changeset="162031160" lat="38.785819" lon="-90.0079502"/>
  <node id="12550164048" version="1" timestamp="2025-02-02T01:10:48Z" uid="22358333" user="Jbensman" changeset="162031160" lat="38.7857899" lon="-90.0078801"/>
  <node id="12550164049" version="1" timestamp="2025-02-02T01:10:48Z" uid="22358333" user="Jbensman" changeset="162031160" lat="38.7858295" lon="-90.007761"/>
  <node id="12550164050" version="1" timestamp="2025-02-02T01:10:48Z" uid="22358333" user="Jbensman" changeset="162031160" lat="38.7857902" lon="-90.0076492"/>
  <node id="12550164051" version="1" timestamp="2025-02-02T01:10:48Z" uid="22358333" user="Jbensman" changeset="162031160" lat="38.7857994" lon="-90.0075915"/>
  <node id="12550164052" version="1" timestamp="2025-02-02T01:10:48Z" uid="22358333" user="Jbensman" changeset="162031160" lat="38.7857696" lon="-90.007463"/>
  <node id="12550164053" version="1" timestamp="2025-02-02T01:10:48Z" uid="22358333" user="Jbensman" changeset="162031160" lat="38.7857409" lon="-90.0073387"/>
  <node id="12550164054" version="1" timestamp="2025-02-02T01:10:48Z" uid="22358333" user="Jbensman" changeset="162031160" lat="38.7857787" lon="-90.0073002"/>
  <node id="12550164055" version="1" timestamp="2025-02-02T01:10:48Z" uid="22358333" user="Jbensman" changeset="162031160" lat="38.7858299" lon="-90.0073288"/>
  <node id="12550164056" version="1" timestamp="2025-02-02T01:10:48Z" uid="22358333" user="Jbensman" changeset="162031160" lat="38.7858599" lon="-90.0072993"/>
  <node id="12550164057" version="1" timestamp="2025-02-02T01:10:48Z" uid="22358333" user="Jbensman" changeset="162031160" lat="38.7858606" lon="-90.0072331"/>
  <node id="12550164058" version="1" timestamp="2025-02-02T01:10:48Z" uid="22358333" user="Jbensman" changeset="162031160" lat="38.7858604" lon="-90.007138"/>
  <node id="12550164059" version="1" timestamp="2025-02-02T01:10:48Z" uid="22358333" user="Jbensman" changeset="162031160" lat="38.7858504" lon="-90.0070528"/>
  <node id="12550164060" version="1" timestamp="2025-02-02T01:10:48Z" uid="22358333" user="Jbensman" changeset="162031160" lat="38.785908" lon="-90.0069609"/>
  <node id="12550164061" version="1" timestamp="2025-02-02T01:10:48Z" uid="22358333" user="Jbensman" changeset="162031160" lat="38.7859724" lon="-90.00696"/>
  <node id="12550164062" version="1" timestamp="2025-02-02T01:10:48Z" uid="22358333" user="Jbensman" changeset="162031160" lat="38.7860584" lon="-90.0069597"/>
  <node id="12550164063" version="1" timestamp="2025-02-02T01:10:48Z" uid="22358333" user="Jbensman" changeset="162031160" lat="38.7861096" lon="-90.0069101"/>
  <node id="12550164064" version="1" timestamp="2025-02-02T01:10:48Z" uid="22358333" user="Jbensman" changeset="162031160" lat="38.7860793" lon="-90.0067613"/>
  <node id="12550164065" version="1" timestamp="2025-02-02T01:10:48Z" uid="22358333" user="Jbensman" changeset="162031160" lat="38.7860208" lon="-90.0067201"/>
  <node id="12550164066" version="1" timestamp="2025-02-02T01:10:48Z" uid="22358333" user="Jbensman" changeset="162031160" lat="38.7859926" lon="-90.0067206"/>
  <node id="12550164067" version="1" timestamp="2025-02-02T01:10:48Z" uid="22358333" user="Jbensman" changeset="162031160" lat="38.7859498" lon="-90.0066897"/>
  <node id="12550164068" version="1" timestamp="2025-02-02T01:10:48Z" uid="22358333" user="Jbensman" changeset="162031160" lat="38.78592" lon="-90.0065916"/>
  <node id="12550164069" version="1" timestamp="2025-02-02T01:10:48Z" uid="22358333" user="Jbensman" changeset="162031160" lat="38.7858005" lon="-90.0065408"/>
  <node id="12550164070" version="1" timestamp="2025-02-02T01:10:48Z" uid="22358333" user="Jbensman" changeset="162031160" lat="38.7857009" lon="-90.0065108"/>
  <node id="12550164071" version="1" timestamp="2025-02-02T01:10:48Z" uid="22358333" user="Jbensman" changeset="162031160" lat="38.7855548" lon="-90.0065053"/>
  <node id="12550164072" version="1" timestamp="2025-02-02T01:10:48Z" uid="22358333" user="Jbensman" changeset="162031160" lat="38.7854987" lon="-90.0065"/>
  <node id="12550164073" version="1" timestamp="2025-02-02T01:10:48Z" uid="22358333" user="Jbensman" changeset="162031160" lat="38.785432" lon="-90.0064519"/>
  <node id="12550164074" version="1" timestamp="2025-02-02T01:10:48Z" uid="22358333" user="Jbensman" changeset="162031160" lat="38.7853805" lon="-90.0064211"/>
  <node id="12550164075" version="1" timestamp="2025-02-02T01:10:48Z" uid="22358333" user="Jbensman" changeset="162031160" lat="38.7853268" lon="-90.0064056"/>
  <node id="12550164076" version="1" timestamp="2025-02-02T01:10:48Z" uid="22358333" user="Jbensman" changeset="162031160" lat="38.7853007" lon="-90.0064004"/>
  <node id="12550164077" version="1" timestamp="2025-02-02T01:10:48Z" uid="22358333" user="Jbensman" changeset="162031160" lat="38.7852716" lon="-90.0063507"/>
  <node id="12550164078" version="1" timestamp="2025-02-02T01:10:48Z" uid="22358333" user="Jbensman" changeset="162031160" lat="38.7852206" lon="-90.00618"/>
  <node id="12550164079" version="1" timestamp="2025-02-02T01:10:48Z" uid="22358333" user="Jbensman" changeset="162031160" lat="38.785191" lon="-90.0061438"/>
  <node id="12550164080" version="1" timestamp="2025-02-02T01:10:48Z" uid="22358333" user="Jbensman" changeset="162031160" lat="38.7851399" lon="-90.00608"/>
  <node id="12550164081" version="1" timestamp="2025-02-02T01:10:48Z" uid="22358333" user="Jbensman" changeset="162031160" lat="38.7851501" lon="-90.0060353"/>
  <node id="12550164082" version="1" timestamp="2025-02-02T01:10:48Z" uid="22358333" user="Jbensman" changeset="162031160" lat="38.7851606" lon="-90.0059887"/>
  <node id="12550164083" version="1" timestamp="2025-02-02T01:10:48Z" uid="22358333" user="Jbensman" changeset="162031160" lat="38.7852482" lon="-90.0059601"/>
  <node id="12550164084" version="1" timestamp="2025-02-02T01:10:48Z" uid="22358333" user="Jbensman" changeset="162031160" lat="38.7853658" lon="-90.0059531"/>
  <node id="12550164085" version="1" timestamp="2025-02-02T01:10:48Z" uid="22358333" user="Jbensman" changeset="162031160" lat="38.7854097" lon="-90.0059499"/>
  <node id="12550164086" version="1" timestamp="2025-02-02T01:10:48Z" uid="22358333" user="Jbensman" changeset="162031160" lat="38.7854593" lon="-90.0058804"/>
  <node id="12550164087" version="1" timestamp="2025-02-02T01:10:48Z" uid="22358333" user="Jbensman" changeset="162031160" lat="38.7855509" lon="-90.0058701"/>
  <node id="12550164088" version="1" timestamp="2025-02-02T01:10:48Z" uid="22358333" user="Jbensman" changeset="162031160" lat="38.7856001" lon="-90.00588"/>
  <node id="12550164089" version="1" timestamp="2025-02-02T01:10:48Z" uid="22358333" user="Jbensman" changeset="162031160" lat="38.7856895" lon="-90.0058605"/>
  <node id="12550164090" version="1" timestamp="2025-02-02T01:10:48Z" uid="22358333" user="Jbensman" changeset="162031160" lat="38.7857711" lon="-90.0058692"/>
  <node id="12550164091" version="1" timestamp="2025-02-02T01:10:48Z" uid="22358333" user="Jbensman" changeset="162031160" lat="38.7857996" lon="-90.0058307"/>
  <node id="12550164092" version="1" timestamp="2025-02-02T01:10:48Z" uid="22358333" user="Jbensman" changeset="162031160" lat="38.7858296" lon="-90.0057897"/>
  <node id="12550164093" version="1" timestamp="2025-02-02T01:10:48Z" uid="22358333" user="Jbensman" changeset="162031160" lat="38.7859497" lon="-90.0057903"/>
  <node id="12550164094" version="1" timestamp="2025-02-02T01:10:48Z" uid="22358333" user="Jbensman" changeset="162031160" lat="38.7861392" lon="-90.0057985"/>
  <node id="12550164095" version="1" timestamp="2025-02-02T01:10:48Z" uid="22358333" user="Jbensman" changeset="162031160" lat="38.78627" lon="-90.0057715"/>
  <node id="12550164096" version="1" timestamp="2025-02-02T01:10:48Z" uid="22358333" user="Jbensman" changeset="162031160" lat="38.7863596" lon="-90.005773"/>
  <node id="12550164097" version="1" timestamp="2025-02-02T01:10:48Z" uid="22358333" user="Jbensman" changeset="162031160" lat="38.7863926" lon="-90.0057299"/>
  <node id="12550164098" version="1" timestamp="2025-02-02T01:10:48Z" uid="22358333" user="Jbensman" changeset="162031160" lat="38.7865247" lon="-90.0056783"/>
  <node id="12550164099" version="1" timestamp="2025-02-02T01:10:48Z" uid="22358333" user="Jbensman" changeset="162031160" lat="38.7867921" lon="-90.0056583"/>
  <node id="12550164100" version="1" timestamp="2025-02-02T01:10:48Z" uid="22358333" user="Jbensman" changeset="162031160" lat="38.7870367" lon="-90.0057584"/>
  <node id="12550164101" version="1" timestamp="2025-02-02T01:10:48Z" uid="22358333" user="Jbensman" changeset="162031160" lat="38.7871369" lon="-90.0057291"/>
  <node id="12550164102" version="1" timestamp="2025-02-02T01:10:48Z" uid="22358333" user="Jbensman" changeset="162031160" lat="38.7872284" lon="-90.005642"/>
  <node id="12550164103" version="1" timestamp="2025-02-02T01:10:48Z" uid="22358333" user="Jbensman" changeset="162031160" lat="38.7872507" lon="-90.005407"/>
  <node id="12550164104" version="1" timestamp="2025-02-02T01:10:48Z" uid="22358333" user="Jbensman" changeset="162031160" lat="38.7872375" lon="-90.0053608"/>
  <node id="12550164105" version="1" timestamp="2025-02-02T01:10:48Z" uid="22358333" user="Jbensman" changeset="162031160" lat="38.78722" lon="-90.0052584"/>
  <node id="12550164106" version="1" timestamp="2025-02-02T01:10:48Z" uid="22358333" user="Jbensman" changeset="162031160" lat="38.7872056" lon="-90.0052314"/>
  <node id="12550164107" version="1" timestamp="2025-02-02T01:10:48Z" uid="22358333" user="Jbensman" changeset="162031160" lat="38.7871726" lon="-90.0051478"/>
  <node id="12550164108" version="1" timestamp="2025-02-02T01:10:48Z" uid="22358333" user="Jbensman" changeset="162031160" lat="38.7871786" lon="-90.0050377"/>
  <node id="12550164109" version="1" timestamp="2025-02-02T01:10:48Z" uid="22358333" user="Jbensman" changeset="162031160" lat="38.7870892" lon="-90.0048459"/>
  <node id="12550164110" version="1" timestamp="2025-02-02T01:10:48Z" uid="22358333" user="Jbensman" changeset="162031160" lat="38.787088" lon="-90.004702"/>
  <node id="12550164111" version="1" timestamp="2025-02-02T01:10:48Z" uid="22358333" user="Jbensman" changeset="162031160" lat="38.7870693" lon="-90.0045795"/>
  <node id="12550164112" version="1" timestamp="2025-02-02T01:10:48Z" uid="22358333" user="Jbensman" changeset="162031160" lat="38.7869715" lon="-90.0045302"/>
  <node id="12550164113" version="1" timestamp="2025-02-02T01:10:48Z" uid="22358333" user="Jbensman" changeset="162031160" lat="38.7869631" lon="-90.0044417"/>
  <node id="12550164114" version="1" timestamp="2025-02-02T01:10:48Z" uid="22358333" user="Jbensman" changeset="162031160" lat="38.7869585" lon="-90.0042799"/>
  <node id="12550164115" version="1" timestamp="2025-02-02T01:10:48Z" uid="22358333" user="Jbensman" changeset="162031160" lat="38.7868624" lon="-90.0042129"/>
  <node id="12550164116" version="1" timestamp="2025-02-02T01:10:48Z" uid="22358333" user="Jbensman" changeset="162031160" lat="38.7868372" lon="-90.004229"/>
  <node id="12550164117" version="1" timestamp="2025-02-02T01:10:48Z" uid="22358333" user="Jbensman" changeset="162031160" lat="38.7867405" lon="-90.0041597"/>
  <node id="12550164118" version="1" timestamp="2025-02-02T01:10:48Z" uid="22358333" user="Jbensman" changeset="162031160" lat="38.7867225" lon="-90.0040904"/>
  <node id="12550164119" version="1" timestamp="2025-02-02T01:10:48Z" uid="22358333" user="Jbensman" changeset="162031160" lat="38.786618" lon="-90.0040203"/>
  <node id="12550164120" version="1" timestamp="2025-02-02T01:10:48Z" uid="22358333" user="Jbensman" changeset="162031160" lat="38.7865508" lon="-90.003903"/>
  <node id="12550164121" version="1" timestamp="2025-02-02T01:10:48Z" uid="22358333" user="Jbensman" changeset="162031160" lat="38.7865135" lon="-90.0038283"/>
  <node id="12550164122" version="1" timestamp="2025-02-02T01:10:48Z" uid="22358333" user="Jbensman" changeset="162031160" lat="38.7865091" lon="-90.0038181"/>
  <node id="12550164123" version="1" timestamp="2025-02-02T01:10:48Z" uid="22358333" user="Jbensman" changeset="162031160" lat="38.7864693" lon="-90.0037792"/>
  <node id="12550164124" version="1" timestamp="2025-02-02T01:10:48Z" uid="22358333" user="Jbensman" changeset="162031160" lat="38.78649" lon="-90.0036987"/>
  <node id="12550164125" version="1" timestamp="2025-02-02T01:10:48Z" uid="22358333" user="Jbensman" changeset="162031160" lat="38.7865317" lon="-90.0036288"/>
  <node id="12550164126" version="1" timestamp="2025-02-02T01:10:48Z" uid="22358333" user="Jbensman" changeset="162031160" lat="38.786546" lon="-90.0036007"/>
  <node id="12550164127" version="1" timestamp="2025-02-02T01:10:48Z" uid="22358333" user="Jbensman" changeset="162031160" lat="38.7865994" lon="-90.0035004"/>
  <node id="12550164128" version="1" timestamp="2025-02-02T01:10:48Z" uid="22358333" user="Jbensman" changeset="162031160" lat="38.786669" lon="-90.0034491"/>
  <node id="12550164129" version="1" timestamp="2025-02-02T01:10:48Z" uid="22358333" user="Jbensman" changeset="162031160" lat="38.7867193" lon="-90.0034099"/>
  <node id="12550164130" version="1" timestamp="2025-02-02T01:10:48Z" uid="22358333" user="Jbensman" changeset="162031160" lat="38.7867957" lon="-90.0032972"/>
  <node id="12550164131" version="1" timestamp="2025-02-02T01:10:48Z" uid="22358333" user="Jbensman" changeset="162031160" lat="38.7868626" lon="-90.0031997"/>
  <node id="12550164132" version="1" timestamp="2025-02-02T01:10:48Z" uid="22358333" user="Jbensman" changeset="162031160" lat="38.7868824" lon="-90.0030452"/>
  <node id="12550164133" version="1" timestamp="2025-02-02T01:10:48Z" uid="22358333" user="Jbensman" changeset="162031160" lat="38.7869267" lon="-90.0029139"/>
  <node id="12550164134" version="1" timestamp="2025-02-02T01:10:48Z" uid="22358333" user="Jbensman" changeset="162031160" lat="38.7870163" lon="-90.0028569"/>
  <node id="12550164135" version="1" timestamp="2025-02-02T01:10:48Z" uid="22358333" user="Jbensman" changeset="162031160" lat="38.7870091" lon="-90.0027645"/>
  <node id="12550164136" version="1" timestamp="2025-02-02T01:10:48Z" uid="22358333" user="Jbensman" changeset="162031160" lat="38.7869592" lon="-90.0025825"/>
  <node id="12550164137" version="1" timestamp="2025-02-02T01:10:48Z" uid="22358333" user="Jbensman" changeset="162031160" lat="38.787048" lon="-90.0023782"/>
  <node id="12550164138" version="1" timestamp="2025-02-02T01:10:48Z" uid="22358333" user="Jbensman" changeset="162031160" lat="38.7870583" lon="-90.0022227"/>
  <node id="12550164139" version="1" timestamp="2025-02-02T01:10:48Z" uid="22358333" user="Jbensman" changeset="162031160" lat="38.7870408" lon="-90.0021648"/>
  <node id="12550164140" version="1" timestamp="2025-02-02T01:10:48Z" uid="22358333" user="Jbensman" changeset="162031160" lat="38.7871785" lon="-90.0017459"/>
  <node id="12550164141" version="1" timestamp="2025-02-02T01:10:48Z" uid="22358333" user="Jbensman" changeset="162031160" lat="38.7872364" lon="-90.0016459"/>
  <node id="12550164142" version="1" timestamp="2025-02-02T01:10:48Z" uid="22358333" user="Jbensman" changeset="162031160" lat="38.7872395" lon="-90.0014873"/>
  <node id="12550164143" version="1" timestamp="2025-02-02T01:10:48Z" uid="22358333" user="Jbensman" changeset="162031160" lat="38.7872863" lon="-90.0014141"/>
  <node id="12550164144" version="1" timestamp="2025-02-02T01:10:48Z" uid="22358333" user="Jbensman" changeset="162031160" lat="38.7872332" lon="-90.0012942"/>
  <node id="12550164145" version="1" timestamp="2025-02-02T01:10:48Z" uid="22358333" user="Jbensman" changeset="162031160" lat="38.7871722" lon="-90.0012214"/>
  <node id="12550164146" version="1" timestamp="2025-02-02T01:10:48Z" uid="22358333" user="Jbensman" changeset="162031160" lat="38.7871215" lon="-90.0011878"/>
  <node id="12550164147" version="1" timestamp="2025-02-02T01:10:48Z" uid="22358333" user="Jbensman" changeset="162031160" lat="38.7871318" lon="-90.0011177"/>
  <node id="12550164148" version="1" timestamp="2025-02-02T01:10:48Z" uid="22358333" user="Jbensman" changeset="162031160" lat="38.7871318" lon="-90.0010567"/>
  <node id="12550164149" version="1" timestamp="2025-02-02T01:10:48Z" uid="22358333" user="Jbensman" changeset="162031160" lat="38.7871619" lon="-90.0009673"/>
  <node id="12550164150" version="1" timestamp="2025-02-02T01:10:48Z" uid="22358333" user="Jbensman" changeset="162031160" lat="38.7872696" lon="-90.0008362"/>
  <node id="12550164151" version="1" timestamp="2025-02-02T01:10:48Z" uid="22358333" user="Jbensman" changeset="162031160" lat="38.7872918" lon="-90.0007666"/>
  <node id="12550164152" version="1" timestamp="2025-02-02T01:10:48Z" uid="22358333" user="Jbensman" changeset="162031160" lat="38.7872483" lon="-90.0006121"/>
  <node id="12550164153" version="1" timestamp="2025-02-02T01:10:48Z" uid="22358333" user="Jbensman" changeset="162031160" lat="38.7872119" lon="-90.0004601"/>
  <node id="12550164154" version="1" timestamp="2025-02-02T01:10:48Z" uid="22358333" user="Jbensman" changeset="162031160" lat="38.7872746" lon="-90.0002463"/>
  <node id="12550164155" version="1" timestamp="2025-02-02T01:10:48Z" uid="22358333" user="Jbensman" changeset="162031160" lat="38.7873347" lon="-90.0000397"/>
  <node id="12550164156" version="1" timestamp="2025-02-02T01:10:48Z" uid="22358333" user="Jbensman" changeset="162031160" lat="38.7873584" lon="-89.9996685"/>
  <node id="12550164157" version="1" timestamp="2025-02-02T01:10:48Z" uid="22358333" user="Jbensman" changeset="162031160" lat="38.787413" lon="-89.9996113"/>
  <node id="12550164158" version="1" timestamp="2025-02-02T01:10:48Z" uid="22358333" user="Jbensman" changeset="162031160" lat="38.7874879" lon="-89.9996428"/>
  <node id="12550164159" version="1" timestamp="2025-02-02T01:10:48Z" uid="22358333" user="Jbensman" changeset="162031160" lat="38.7875161" lon="-89.9997362"/>
  <node id="12550164160" version="1" timestamp="2025-02-02T01:10:48Z" uid="22358333" user="Jbensman" changeset="162031160" lat="38.7875816" lon="-89.999846"/>
  <node id="12550164161" version="1" timestamp="2025-02-02T01:10:48Z" uid="22358333" user="Jbensman" changeset="162031160" lat="38.7876044" lon="-90.0000981"/>
  <node id="12550164162" version="1" timestamp="2025-02-02T01:10:48Z" uid="22358333" user="Jbensman" changeset="162031160" lat="38.7877199" lon="-90.0002919"/>
  <node id="12550164163" version="1" timestamp="2025-02-02T01:10:48Z" uid="22358333" user="Jbensman" changeset="162031160" lat="38.7877946" lon="-90.000384"/>
  <node id="12550164164" version="1" timestamp="2025-02-02T01:10:48Z" uid="22358333" user="Jbensman" changeset="162031160" lat="38.7878828" lon="-90.0005708"/>
  <node id="12550164165" version="1" timestamp="2025-02-02T01:10:48Z" uid="22358333" user="Jbensman" changeset="162031160" lat="38.7879629" lon="-90.0006047"/>
  <node id="12550164166" version="1" timestamp="2025-02-02T01:10:48Z" uid="22358333" user="Jbensman" changeset="162031160" lat="38.7880427" lon="-90.0005428"/>
  <node id="12550164167" version="1" timestamp="2025-02-02T01:10:48Z" uid="22358333" user="Jbensman" changeset="162031160" lat="38.7881037" lon="-90.0005113"/>
  <node id="12550164168" version="1" timestamp="2025-02-02T01:10:48Z" uid="22358333" user="Jbensman" changeset="162031160" lat="38.788181" lon="-90.0002404"/>
  <node id="12550164169" version="1" timestamp="2025-02-02T01:10:48Z" uid="22358333" user="Jbensman" changeset="162031160" lat="38.7882029" lon="-90.0001377"/>
  <node id="12550164170" version="1" timestamp="2025-02-02T01:10:48Z" uid="22358333" user="Jbensman" changeset="162031160" lat="38.7883084" lon="-89.9997769"/>
  <node id="12550164171" version="1" timestamp="2025-02-02T01:10:48Z" uid="22358333" user="Jbensman" changeset="162031160" lat="38.7883239" lon="-89.9996719"/>
  <node id="12550164172" version="1" timestamp="2025-02-02T01:10:48Z" uid="22358333" user="Jbensman" changeset="162031160" lat="38.7884163" lon="-89.9995853"/>
  <node id="12550164173" version="1" timestamp="2025-02-02T01:10:48Z" uid="22358333" user="Jbensman" changeset="162031160" lat="38.788632" lon="-89.9994499"/>
  <node id="12550164174" version="1" timestamp="2025-02-02T01:10:48Z" uid="22358333" user="Jbensman" changeset="162031160" lat="38.7887531" lon="-89.9991119"/>
  <node id="12550164175" version="1" timestamp="2025-02-02T01:10:48Z" uid="22358333" user="Jbensman" changeset="162031160" lat="38.7887995" lon="-89.9989274"/>
  <node id="12550164176" version="1" timestamp="2025-02-02T01:10:48Z" uid="22358333" user="Jbensman" changeset="162031160" lat="38.7888977" lon="-89.9987371"/>
  <node id="12550164177" version="1" timestamp="2025-02-02T01:10:48Z" uid="22358333" user="Jbensman" changeset="162031160" lat="38.7889131" lon="-89.9986823"/>
  <node id="12550164178" version="1" timestamp="2025-02-02T01:10:48Z" uid="22358333" user="Jbensman" changeset="162031160" lat="38.7889241" lon="-89.9982511"/>
  <node id="12550164179" version="1" timestamp="2025-02-02T01:10:48Z" uid="22358333" user="Jbensman" changeset="162031160" lat="38.7889514" lon="-89.9981588"/>
  <node id="12550164180" version="1" timestamp="2025-02-02T01:10:48Z" uid="22358333" user="Jbensman" changeset="162031160" lat="38.7889404" lon="-89.9980211"/>
  <node id="12550164181" version="1" timestamp="2025-02-02T01:10:48Z" uid="22358333" user="Jbensman" changeset="162031160" lat="38.7889787" lon="-89.9979744"/>
  <node id="12550164182" version="1" timestamp="2025-02-02T01:10:48Z" uid="22358333" user="Jbensman" changeset="162031160" lat="38.7889432" lon="-89.9978366"/>
  <node id="12550164183" version="1" timestamp="2025-02-02T01:10:48Z" uid="22358333" user="Jbensman" changeset="162031160" lat="38.788743" lon="-89.9975994"/>
  <node id="12550164184" version="1" timestamp="2025-02-02T01:10:48Z" uid="22358333" user="Jbensman" changeset="162031160" lat="38.7886137" lon="-89.9972643"/>
  <node id="12550164185" version="1" timestamp="2025-02-02T01:10:48Z" uid="22358333" user="Jbensman" changeset="162031160" lat="38.7885955" lon="-89.9971843"/>
  <node id="12550164186" version="2" timestamp="2025-05-14T16:45:52Z" uid="22899438" user="THE BEAST 6624" changeset="166266408" lat="38.7885884" lon="-89.9971303"/>
  <node id="12550164187" version="1" timestamp="2025-02-02T01:10:48Z" uid="22358333" user="Jbensman" changeset="162031160" lat="38.7885645" lon="-89.9994923">
    <tag k="ford" v="yes"/>
  </node>
  <node id="12550164188" version="1" timestamp="2025-02-02T01:10:48Z" uid="22358333" user="Jbensman" changeset="162031160" lat="38.7871501" lon="-90.0010024">
    <tag k="ford" v="yes"/>
  </node>
  <node id="12550164189" version="1" timestamp="2025-02-02T01:10:48Z" uid="22358333" user="Jbensman" changeset="162031160" lat="38.7866768" lon="-90.003443">
    <tag k="ford" v="yes"/>
  </node>
  <node id="12550164190" version="1" timestamp="2025-02-02T01:10:48Z" uid="22358333" user="Jbensman" changeset="162031160" lat="38.7857889" lon="-90.0058451">
    <tag k="ford" v="yes"/>
  </node>
  <node id="12550164210" version="1" timestamp="2025-02-02T01:10:48Z" uid="22358333" user="Jbensman" changeset="162031160" lat="38.7865101" lon="-90.0038204"/>
  <node id="12837270662" version="1" timestamp="2025-05-14T16:45:52Z" uid="22899438" user="THE BEAST 6624" changeset="166266408" lat="38.7887838" lon="-89.9967715"/>
  <node id="12837270663" version="1" timestamp="2025-05-14T16:45:52Z" uid="22899438" user="THE BEAST 6624" changeset="166266408" lat="38.7888985" lon="-89.996744"/>
  <node id="12837270664" version="2" timestamp="2025-05-14T16:59:06Z" uid="22899438" user="THE BEAST 6624" changeset="166267095" lat="38.7889198" lon="-89.9967384">
    <tag k="barrier" v="kerb"/>
    <tag k="kerb" v="lowered"/>
    <tag k="tactile_paving" v="yes"/>
  </node>
  <node id="12837270665" version="1" timestamp="2025-05-14T16:45:52Z" uid="22899438" user="THE BEAST 6624" changeset="166266408" lat="38.7889292" lon="-89.9969888"/>
  <node id="12837270666" version="2" timestamp="2025-05-14T16:59:06Z" uid="22899438" user="THE BEAST 6624" changeset="166267095" lat="38.7889226" lon="-89.9968138">
    <tag k="crossing" v="uncontrolled;marked"/>
    <tag k="crossing:markings" v="zebra"/>
    <tag k="highway" v="crossing"/>
    <tag k="tactile_paving" v="yes"/>
  </node>
  <node id="12837270668" version="1" timestamp="2025-05-14T16:45:52Z" uid="22899438" user="THE BEAST 6624" changeset="166266408" lat="38.7885841" lon="-89.9969604"/>
  <node id="12837270670" version="1" timestamp="2025-05-14T16:45:52Z" uid="22899438" user="THE BEAST 6624" changeset="166266408" lat="38.7886089" lon="-89.9969643"/>
  <node id="12837270671" version="1" timestamp="2025-05-14T16:45:52Z" uid="22899438" user="THE BEAST 6624" changeset="166266408" lat="38.7889103" lon="-89.9961289"/>
  <node id="12837270672" version="1" timestamp="2025-05-14T16:45:52Z" uid="22899438" user="THE BEAST 6624" changeset="166266408" lat="38.7889115" lon="-89.9959741"/>
  <node id="12837270673" version="1" timestamp="2025-05-14T16:45:52Z" uid="22899438" user="THE BEAST 6624" changeset="166266408" lat="38.7889177" lon="-89.9958447"/>
  <node id="12837270674" version="1" timestamp="2025-05-14T16:45:52Z" uid="22899438" user="THE BEAST 6624" changeset="166266408" lat="38.7889546" lon="-89.9956852"/>
  <node id="12837270675" version="1" timestamp="2025-05-14T16:45:52Z" uid="22899438" user="THE BEAST 6624" changeset="166266408" lat="38.7890137" lon="-89.9955384"/>
  <node id="12837270676" version="1" timestamp="2025-05-14T16:45:52Z" uid="22899438" user="THE BEAST 6624" changeset="166266408" lat="38.7890863" lon="-89.99536"/>
  <node id="12837270677" version="1" timestamp="2025-05-14T16:45:52Z" uid="22899438" user="THE BEAST 6624" changeset="166266408" lat="38.7891564" lon="-89.9952021"/>
  <node id="12837270678" version="2" timestamp="2025-05-14T16:59:06Z" uid="22899438" user="THE BEAST 6624" changeset="166267095" lat="38.788914" lon="-89.9963537">
    <tag k="crossing" v="uncontrolled;marked"/>
    <tag k="crossing:markings" v="zebra"/>
    <tag k="highway" v="crossing"/>
    <tag k="tactile_paving" v="yes"/>
  </node>
  <node id="12837307525" version="1" timestamp="2025-05-14T16:52:34Z" uid="22899438" user="THE BEAST 6624" changeset="166266748" lat="38.7897317" lon="-89.9954512"/>
  <node id="12837307526" version="1" timestamp="2025-05-14T16:52:34Z" uid="22899438" user="THE BEAST 6624" changeset="166266748" lat="38.7896916" lon="-89.9954189"/>
  <node id="12837307527" version="1" timestamp="2025-05-14T16:52:34Z" uid="22899438" user="THE BEAST 6624" changeset="166266748" lat="38.7897196" lon="-89.9953507"/>
  <node id="12837307528" version="1" timestamp="2025-05-14T16:52:34Z" uid="22899438" user="THE BEAST 6624" changeset="166266748" lat="38.7896795" lon="-89.9953184"/>
  <node id="12837307529" version="1" timestamp="2025-05-14T16:52:34Z" uid="22899438" user="THE BEAST 6624" changeset="166266748" lat="38.7896347" lon="-89.9953004"/>
  <node id="12837307530" version="1" timestamp="2025-05-14T16:52:34Z" uid="22899438" user="THE BEAST 6624" changeset="166266748" lat="38.7896058" lon="-89.9952693"/>
  <node id="12837307531" version="1" timestamp="2025-05-14T16:52:34Z" uid="22899438" user="THE BEAST 6624" changeset="166266748" lat="38.7895918" lon="-89.995231"/>
  <node id="12837307532" version="1" timestamp="2025-05-14T16:52:34Z" uid="22899438" user="THE BEAST 6624" changeset="166266748" lat="38.7895862" lon="-89.9951963"/>
  <node id="12837307533" version="1" timestamp="2025-05-14T16:52:34Z" uid="22899438" user="THE BEAST 6624" changeset="166266748" lat="38.7895825" lon="-89.9951544"/>
  <node id="12837307534" version="1" timestamp="2025-05-14T16:52:34Z" uid="22899438" user="THE BEAST 6624" changeset="166266748" lat="38.7895713" lon="-89.9951125"/>
  <node id="12837307535" version="1" timestamp="2025-05-14T16:52:34Z" uid="22899438" user="THE BEAST 6624" changeset="166266748" lat="38.7895583" lon="-89.9950886"/>
  <node id="12837307536" version="1" timestamp="2025-05-14T16:52:34Z" uid="22899438" user="THE BEAST 6624" changeset="166266748" lat="38.7895321" lon="-89.9950731"/>
  <node id="12837307537" version="1" timestamp="2025-05-14T16:52:34Z" uid="22899438" user="THE BEAST 6624" changeset="166266748" lat="38.7895014" lon="-89.9950719"/>
  <node id="12837307538" version="2" timestamp="2025-05-14T16:59:06Z" uid="22899438" user="THE BEAST 6624" changeset="166267095" lat="38.7894141" lon="-89.9950608"/>
  <node id="12837307540" version="1" timestamp="2025-05-14T16:52:34Z" uid="22899438" user="THE BEAST 6624" changeset="166266748" lat="38.78976" lon="-89.9953082"/>
  <node id="12837307541" version="1" timestamp="2025-05-14T16:52:34Z" uid="22899438" user="THE BEAST 6624" changeset="166266748" lat="38.7898029" lon="-89.9952642"/>
  <node id="12837307542" version="1" timestamp="2025-05-14T16:52:34Z" uid="22899438" user="THE BEAST 6624" changeset="166266748" lat="38.7898264" lon="-89.9952037"/>
  <node id="12837307543" version="1" timestamp="2025-05-14T16:52:34Z" uid="22899438" user="THE BEAST 6624" changeset="166266748" lat="38.7898393" lon="-89.995146"/>
  <node id="12837307544" version="1" timestamp="2025-05-14T16:52:34Z" uid="22899438" user="THE BEAST 6624" changeset="166266748" lat="38.7898661" lon="-89.99508"/>
  <node id="12837307545" version="1" timestamp="2025-05-14T16:52:34Z" uid="22899438" user="THE BEAST 6624" changeset="166266748" lat="38.7899036" lon="-89.9950045"/>
  <node id="12837307546" version="1" timestamp="2025-05-14T16:52:34Z" uid="22899438" user="THE BEAST 6624" changeset="166266748" lat="38.7901521" lon="-89.995579"/>
  <node id="12837307547" version="1" timestamp="2025-05-14T16:52:34Z" uid="22899438" user="THE BEAST 6624" changeset="166266748" lat="38.7900707" lon="-89.9955584"/>
  <node id="12837307548" version="1" timestamp="2025-05-14T16:52:34Z" uid="22899438" user="THE BEAST 6624" changeset="166266748" lat="38.7900171" lon="-89.995568"/>
  <node id="12837307549" version="1" timestamp="2025-05-14T16:52:34Z" uid="22899438" user="THE BEAST 6624" changeset="166266748" lat="38.7899775" lon="-89.9955405"/>
  <node id="12837307550" version="1" timestamp="2025-05-14T16:52:34Z" uid="22899438" user="THE BEAST 6624" changeset="166266748" lat="38.7899121" lon="-89.9954965"/>
  <node id="12837326580" version="1" timestamp="2025-05-14T16:59:06Z" uid="22899438" user="THE BEAST 6624" changeset="166267095" lat="38.789399" lon="-89.9950576"/>
  <node id="12837326581" version="1" timestamp="2025-05-14T16:59:06Z" uid="22899438" user="THE BEAST 6624" changeset="166267095" lat="38.7893378" lon="-89.9949766">
    <tag k="barrier" v="kerb"/>
    <tag k="kerb" v="lowered"/>
    <tag k="tactile_paving" v="yes"/>
  </node>
  <node id="12837326582" version="1" timestamp="2025-05-14T16:59:06Z" uid="22899438" user="THE BEAST 6624" changeset="166267095" lat="38.7889253" lon="-89.996886"/>
  <node id="12837326583" version="1" timestamp="2025-05-14T16:59:06Z" uid="22899438" user="THE BEAST 6624" changeset="166267095" lat="38.7889616" lon="-89.9969882">
    <tag k="barrier" v="kerb"/>
    <tag k="kerb" v="lowered"/>
    <tag k="tactile_paving" v="yes"/>
  </node>
  <node id="12837341746" version="1" timestamp="2025-05-14T17:13:44Z" uid="22899438" user="THE BEAST 6624" changeset="166267734" lat="38.7877895" lon="-89.9959833">
    <tag k="door" v="automatic"/>
    <tag k="entrance" v="main"/>
  </node>
  <node id="12837360016" version="1" timestamp="2025-05-14T17:19:45Z" uid="22899438" user="THE BEAST 6624" changeset="166268024" lat="38.7889185" lon="-89.9966753"/>
  <node id="12837360017" version="1" timestamp="2025-05-14T17:19:45Z" uid="22899438" user="THE BEAST 6624" changeset="166268024" lat="38.7888505" lon="-89.9966732"/>
  <node id="12837360018" version="1" timestamp="2025-05-14T17:19:45Z" uid="22899438" user="THE BEAST 6624" changeset="166268024" lat="38.7889155" lon="-89.9958896"/>
  <node id="12837360019" version="1" timestamp="2025-05-14T17:19:45Z" uid="22899438" user="THE BEAST 6624" changeset="166268024" lat="38.7888533" lon="-89.9958769"/>
  <node id="12837360020" version="1" timestamp="2025-05-14T17:19:45Z" uid="22899438" user="THE BEAST 6624" changeset="166268024" lat="38.7891367" lon="-89.9952464"/>
  <node id="12837360021" version="1" timestamp="2025-05-14T17:19:45Z" uid="22899438" user="THE BEAST 6624" changeset="166268024" lat="38.7891124" lon="-89.9952312"/>
  <node id="13260664816" version="3" timestamp="2025-11-07T00:05:01Z" uid="19598846" user="wesleyote" changeset="174311755" lat="38.7934234" lon="-89.9953">
    <tag k="barrier" v="kerb"/>
    <tag k="kerb" v="lowered"/>
    <tag k="tactile_paving" v="yes"/>
  </node>
  <node id="13260664817" version="1" timestamp="2025-10-27T03:02:43Z" uid="22570471" user="seateaeye" changeset="173818637" lat="38.7934121" lon="-89.9952146"/>
  <node id="13260664818" version="1" timestamp="2025-10-27T03:02:43Z" uid="22570471" user="seateaeye" changeset="173818637" lat="38.793474" lon="-89.9951878"/>
  <node id="13260664819" version="1" timestamp="2025-10-27T03:02:43Z" uid="22570471" user="seateaeye" changeset="173818637" lat="38.7939121" lon="-89.993842"/>
  <node id="13260664820" version="1" timestamp="2025-10-27T03:02:43Z" uid="22570471" user="seateaeye" changeset="173818637" lat="38.793979" lon="-89.993894"/>
  <node id="13260664821" version="1" timestamp="2025-10-27T03:02:43Z" uid="22570471" user="seateaeye" changeset="173818637" lat="38.794057" lon="-89.9939814"/>
  <node id="13260664822" version="1" timestamp="2025-10-27T03:02:43Z" uid="22570471" user="seateaeye" changeset="173818637" lat="38.794043" lon="-89.9940857"/>
  <node id="13260664823" version="1" timestamp="2025-10-27T03:02:43Z" uid="22570471" user="seateaeye" changeset="173818637" lat="38.7939993" lon="-89.9943903"/>
  <node id="13260664824" version="1" timestamp="2025-10-27T03:02:43Z" uid="22570471" user="seateaeye" changeset="173818637" lat="38.7939733" lon="-89.9946037"/>
  <node id="13260664825" version="1" timestamp="2025-10-27T03:02:43Z" uid="22570471" user="seateaeye" changeset="173818637" lat="38.794018" lon="-89.9942552"/>
  <node id="13260664826" version="1" timestamp="2025-10-27T03:02:43Z" uid="22570471" user="seateaeye" changeset="173818637" lat="38.794116" lon="-89.9940846"/>
  <node id="13260664827" version="1" timestamp="2025-10-27T03:02:43Z" uid="22570471" user="seateaeye" changeset="173818637" lat="38.7940374" lon="-89.9938011"/>
  <node id="13260664828" version="1" timestamp="2025-10-27T03:02:43Z" uid="22570471" user="seateaeye" changeset="173818637" lat="38.7940816" lon="-89.9938271"/>
  <node id="13260664846" version="1" timestamp="2025-10-27T03:02:43Z" uid="22570471" user="seateaeye" changeset="173818637" lat="38.7944287" lon="-89.994615"/>
  <node id="13260664847" version="1" timestamp="2025-10-27T03:02:43Z" uid="22570471" user="seateaeye" changeset="173818637" lat="38.7941664" lon="-89.9948509"/>
  <node id="13260664848" version="1" timestamp="2025-10-27T03:02:43Z" uid="22570471" user="seateaeye" changeset="173818637" lat="38.793956" lon="-89.9948978"/>
  <node id="13260664849" version="1" timestamp="2025-10-27T03:02:43Z" uid="22570471" user="seateaeye" changeset="173818637" lat="38.7939476" lon="-89.9948805"/>
  <node id="13260664850" version="1" timestamp="2025-10-27T03:02:43Z" uid="22570471" user="seateaeye" changeset="173818637" lat="38.7939729" lon="-89.9939023"/>
  <node id="13260664851" version="1" timestamp="2025-10-27T03:02:43Z" uid="22570471" user="seateaeye" changeset="173818637" lat="38.7946868" lon="-89.9944325"/>
  <node id="13260664852" version="1" timestamp="2025-10-27T03:02:43Z" uid="22570471" user="seateaeye" changeset="173818637" lat="38.7959541" lon="-89.9932734"/>
  <node id="13281461756" version="1" timestamp="2025-11-04T21:21:43Z" uid="19598846" user="wesleyote" changeset="174214048" lat="38.7916087" lon="-90.0005412"/>
  <way id="246089216" version="3" timestamp="2022-11-10T22:24:13Z" uid="17481238" user="TetragnathaPlanata" changeset="128753435">
    <nd ref="2531713305"/>
    <nd ref="2531713307"/>
    <nd ref="2531713306"/>
    <tag k="highway" v="footway"/>
    <tag k="smoothness" v="excellent"/>
    <tag k="surface" v="asphalt"/>
  </way>
  <way id="246089217" version="3" timestamp="2022-11-09T17:29:21Z" uid="17481238" user="TetragnathaPlanata" changeset="128697263">
    <nd ref="2531713307"/>
    <nd ref="2531713308"/>
    <tag k="highway" v="footway"/>
    <tag k="smoothness" v="excellent"/>
    <tag k="surface" v="asphalt"/>
  </way>
  <way id="246089218" version="6" timestamp="2022-11-10T22:24:20Z" uid="17481238" user="TetragnathaPlanata" changeset="128753435">
    <nd ref="2531713307"/>
    <nd ref="5465127273"/>
    <nd ref="10143519570"/>
    <nd ref="10143519571"/>
    <nd ref="5465127272"/>
    <nd ref="10143360598"/>
    <tag k="highway" v="footway"/>
    <tag k="smoothness" v="excellent"/>
    <tag k="surface" v="asphalt"/>
  </way>
  <way id="246089219" version="5" timestamp="2025-11-07T00:05:10Z" uid="19598846" user="wesleyote" changeset="174311648">
    <nd ref="2531713310"/>
    <nd ref="10143519577"/>
    <nd ref="2531713311"/>
    <nd ref="10143360598"/>
    <nd ref="13260664817"/>
    <tag k="highway" v="footway"/>
    <tag k="surface" v="asphalt"/>
  </way>
  <way id="246089220" version="3" timestamp="2025-11-07T00:05:32Z" uid="19598846" user="wesleyote" changeset="174311648">
    <nd ref="2531713311"/>
    <nd ref="13260664850"/>
    <nd ref="13260664820"/>
    <tag k="highway" v="footway"/>
    <tag k="surface" v="asphalt"/>
  </way>
  <way id="246089221" version="3" timestamp="2025-11-07T01:25:25Z" uid="19598846" user="wesleyote" changeset="174312866">
    <nd ref="13260664848"/>
    <nd ref="2531713313"/>
    <nd ref="13260664849"/>
    <nd ref="13260664824"/>
    <nd ref="13260664823"/>
    <nd ref="13260664825"/>
    <nd ref="13260664822"/>
    <nd ref="2531713314"/>
    <nd ref="13260664821"/>
    <tag k="highway" v="footway"/>
    <tag k="surface" v="asphalt"/>
  </way>
  <way id="246089222" version="6" timestamp="2025-10-27T03:02:43Z" uid="22570471" user="seateaeye" changeset="173818637">
    <nd ref="2531715653"/>
    <nd ref="2531715652"/>
    <nd ref="8988514727"/>
    <nd ref="8669915530"/>
    <nd ref="8988514726"/>
    <nd ref="2531715651"/>
    <nd ref="8988514725"/>
    <nd ref="2531715650"/>
    <nd ref="8988514724"/>
    <nd ref="2531715649"/>
    <nd ref="8988514722"/>
    <nd ref="8988514723"/>
    <nd ref="2531715648"/>
    <nd ref="8988514721"/>
    <nd ref="2531715647"/>
    <nd ref="2531715646"/>
    <nd ref="8669915542"/>
    <nd ref="13260664851"/>
    <nd ref="2531715645"/>
    <nd ref="2531715644"/>
    <nd ref="13260664846"/>
    <nd ref="2531715643"/>
    <nd ref="13260664847"/>
    <nd ref="2531715642"/>
    <nd ref="8988514730"/>
    <nd ref="2531715660"/>
    <nd ref="2531715640"/>
    <nd ref="2531715639"/>
    <nd ref="2531715638"/>
    <nd ref="2531713315"/>
    <nd ref="2531715626"/>
    <nd ref="5305859916"/>
    <nd ref="5305859915"/>
    <nd ref="2699981344"/>
    <nd ref="5305859911"/>
    <nd ref="2531713316"/>
    <tag k="footway" v="sidewalk"/>
    <tag k="highway" v="footway"/>
    <tag k="surface" v="concrete"/>
  </way>
  <way id="246089223" version="4" timestamp="2024-01-21T05:11:05Z" uid="12955846" user="JakeEdwardsville" changeset="146500612">
    <nd ref="2531713317"/>
    <nd ref="8943000528"/>
    <nd ref="8943000530"/>
    <nd ref="11536076567"/>
    <nd ref="2531713318"/>
    <nd ref="8943000533"/>
    <nd ref="8943000531"/>
    <nd ref="11536076568"/>
    <nd ref="8943000517"/>
    <nd ref="2531713319"/>
    <nd ref="8943000535"/>
    <nd ref="2531713320"/>
    <tag k="highway" v="footway"/>
    <tag k="surface" v="concrete"/>
  </way>
  <way id="246089224" version="4" timestamp="2023-09-20T20:49:11Z" uid="19598846" user="wesleyote" changeset="141531302">
    <nd ref="2531713320"/>
    <nd ref="2531713332"/>
    <nd ref="2531713321"/>
    <nd ref="8943000534"/>
    <nd ref="2531713323"/>
    <nd ref="2531713322"/>
    <tag k="highway" v="footway"/>
    <tag k="surface" v="concrete"/>
  </way>
  <way id="246089225" version="1" timestamp="2013-11-14T03:51:40Z" uid="1805424" user="mkeller3" changeset="18887413">
    <nd ref="2531713323"/>
    <nd ref="2531713324"/>
    <tag k="highway" v="footway"/>
  </way>
  <way id="246089226" version="1" timestamp="2013-11-14T03:51:40Z" uid="1805424" user="mkeller3" changeset="18887413">
    <nd ref="2531713325"/>
    <nd ref="2531713324"/>
    <nd ref="2531713326"/>
    <nd ref="2531713327"/>
    <nd ref="2531713322"/>
    <tag k="highway" v="footway"/>
  </way>
  <way id="246089227" version="3" timestamp="2021-08-10T19:41:43Z" uid="12955846" user="JakeEdwardsville" changeset="109481746">
    <nd ref="2531713327"/>
    <nd ref="2531713328"/>
    <nd ref="2699949344"/>
    <nd ref="2699936020"/>
    <tag k="highway" v="footway"/>
  </way>
  <way id="246089228" version="4" timestamp="2023-09-20T20:49:19Z" uid="19598846" user="wesleyote" changeset="141531302">
    <nd ref="2531713321"/>
    <nd ref="2531713330"/>
    <nd ref="2699934710"/>
    <nd ref="2699932617"/>
    <nd ref="2531713331"/>
    <tag k="highway" v="footway"/>
    <tag k="surface" v="asphalt"/>
  </way>
  <way id="246089229" version="2" timestamp="2023-09-20T20:49:31Z" uid="19598846" user="wesleyote" changeset="141531302">
    <nd ref="2531713332"/>
    <nd ref="2531713333"/>
    <nd ref="2531713331"/>
    <tag k="highway" v="footway"/>
    <tag k="surface" v="asphalt"/>
  </way>
  <way id="246089230" version="3" timestamp="2023-09-20T20:50:00Z" uid="19598846" user="wesleyote" changeset="141531302">
    <nd ref="8943000571"/>
    <nd ref="2531713335"/>
    <nd ref="2531713331"/>
    <tag k="highway" v="footway"/>
    <tag k="surface" v="asphalt"/>
  </way>
  <way id="246089231" version="2" timestamp="2023-09-20T20:49:36Z" uid="19598846" user="wesleyote" changeset="141531302">
    <nd ref="2531713335"/>
    <nd ref="2531713333"/>
    <tag k="highway" v="footway"/>
    <tag k="surface" v="asphalt"/>
  </way>
  <way id="246089232" version="3" timestamp="2023-09-20T20:54:26Z" uid="19598846" user="wesleyote" changeset="141531302">
    <nd ref="8943000538"/>
    <nd ref="2531713338"/>
    <nd ref="8943000537"/>
    <nd ref="2531713320"/>
    <tag k="highway" v="footway"/>
    <tag k="surface" v="concrete"/>
  </way>
  <way id="246089233" version="4" timestamp="2023-09-20T20:54:30Z" uid="19598846" user="wesleyote" changeset="141531302">
    <nd ref="2531713338"/>
    <nd ref="8943000540"/>
    <nd ref="8943000539"/>
    <nd ref="2531713339"/>
    <nd ref="2531713344"/>
    <nd ref="2531713342"/>
    <tag k="highway" v="footway"/>
    <tag k="surface" v="concrete"/>
  </way>
  <way id="246089234" version="2" timestamp="2021-04-29T18:04:18Z" uid="12955846" user="JakeEdwardsville" changeset="103863083">
    <nd ref="2531713342"/>
    <nd ref="2531713343"/>
    <tag k="highway" v="footway"/>
  </way>
  <way id="246089235" version="4" timestamp="2023-09-20T20:54:23Z" uid="19598846" user="wesleyote" changeset="141531302">
    <nd ref="2531713344"/>
    <nd ref="2531713345"/>
    <nd ref="2531713346"/>
    <nd ref="2531713320"/>
    <tag k="highway" v="footway"/>
    <tag k="surface" v="concrete"/>
  </way>
  <way id="246089236" version="3" timestamp="2021-08-07T19:14:02Z" uid="12955846" user="JakeEdwardsville" changeset="109322874">
    <nd ref="2531713345"/>
    <nd ref="2531713343"/>
    <nd ref="2531713349"/>
    <tag k="highway" v="footway"/>
  </way>
  <way id="246089237" version="6" timestamp="2021-08-07T19:14:02Z" uid="12955846" user="JakeEdwardsville" changeset="109322874">
    <nd ref="8988514732"/>
    <nd ref="2531713359"/>
    <nd ref="2531713352"/>
    <nd ref="6967680629"/>
    <nd ref="2531713358"/>
    <tag k="highway" v="footway"/>
  </way>
  <way id="246089238" version="1" timestamp="2013-11-14T03:51:41Z" uid="1805424" user="mkeller3" changeset="18887413">
    <nd ref="2531713359"/>
    <nd ref="2531713360"/>
    <tag k="highway" v="footway"/>
  </way>
  <way id="246089240" version="13" timestamp="2022-10-31T19:45:26Z" uid="17481238" user="TetragnathaPlanata" changeset="128314426">
    <nd ref="2531713371"/>
    <nd ref="2531713372"/>
    <nd ref="2531713373"/>
    <nd ref="2531713374"/>
    <nd ref="2531718099"/>
    <nd ref="2531713375"/>
    <nd ref="2531713376"/>
    <nd ref="2531713377"/>
    <nd ref="2531713378"/>
    <nd ref="10143384160"/>
    <nd ref="2531713379"/>
    <nd ref="2531713380"/>
    <nd ref="2531715691"/>
    <nd ref="2531713381"/>
    <nd ref="2531718067"/>
    <nd ref="2531713382"/>
    <nd ref="5305859910"/>
    <nd ref="2531713316"/>
    <nd ref="8943000549"/>
    <nd ref="2531713317"/>
    <nd ref="5465127383"/>
    <nd ref="8976131801"/>
    <nd ref="5305859908"/>
    <nd ref="2531713385"/>
    <nd ref="2531713386"/>
    <nd ref="2531713371"/>
    <tag k="highway" v="footway"/>
    <tag k="surface" v="concrete"/>
  </way>
  <way id="246089241" version="3" timestamp="2021-08-07T19:14:02Z" uid="12955846" user="JakeEdwardsville" changeset="109322874">
    <nd ref="2531713388"/>
    <nd ref="2531713389"/>
    <nd ref="8988514731"/>
    <tag k="highway" v="footway"/>
  </way>
  <way id="246089702" version="4" timestamp="2023-07-22T22:53:20Z" uid="12955846" user="JakeEdwardsville" changeset="138873773">
    <nd ref="2531715615"/>
    <nd ref="11057851923"/>
    <nd ref="2531715617"/>
    <nd ref="11057851922"/>
    <nd ref="6967680655"/>
    <nd ref="11057851921"/>
    <nd ref="11057851919"/>
    <nd ref="11057851931"/>
    <nd ref="11057851920"/>
    <nd ref="11057851930"/>
    <nd ref="11057851905"/>
    <nd ref="11057851927"/>
    <nd ref="11057851929"/>
    <nd ref="6967680636"/>
    <nd ref="11057851928"/>
    <nd ref="11057851909"/>
    <nd ref="11062494495"/>
    <nd ref="11062494490"/>
    <tag k="highway" v="footway"/>
  </way>
  <way id="246089703" version="4" timestamp="2022-11-10T22:27:00Z" uid="17481238" user="TetragnathaPlanata" changeset="128753435">
    <nd ref="2531715626"/>
    <nd ref="2531715628"/>
    <nd ref="2531715630"/>
    <nd ref="2531715634"/>
    <tag k="highway" v="footway"/>
    <tag k="smoothness" v="excellent"/>
    <tag k="surface" v="concrete"/>
  </way>
  <way id="246089704" version="3" timestamp="2022-11-10T22:26:51Z" uid="17481238" user="TetragnathaPlanata" changeset="128753435">
    <nd ref="2531715630"/>
    <nd ref="2531715636"/>
    <tag k="highway" v="footway"/>
    <tag k="smoothness" v="excellent"/>
    <tag k="surface" v="concrete"/>
  </way>
  <way id="246089706" version="3" timestamp="2021-08-07T19:14:02Z" uid="12955846" user="JakeEdwardsville" changeset="109322874">
    <nd ref="2531715645"/>
    <nd ref="2531715655"/>
    <nd ref="2531715656"/>
    <nd ref="2531715657"/>
    <nd ref="2531715658"/>
    <nd ref="2531715659"/>
    <nd ref="8988514718"/>
    <nd ref="8988514717"/>
    <nd ref="8988514719"/>
    <nd ref="3343186857"/>
    <tag k="highway" v="footway"/>
  </way>
  <way id="246089707" version="3" timestamp="2021-08-07T19:14:02Z" uid="12955846" user="JakeEdwardsville" changeset="109322874">
    <nd ref="2531715660"/>
    <nd ref="2531715664"/>
    <nd ref="2531715661"/>
    <nd ref="2531715662"/>
    <nd ref="2531715663"/>
    <nd ref="3343186857"/>
    <tag k="highway" v="footway"/>
  </way>
  <way id="246089708" version="3" timestamp="2021-08-07T19:14:02Z" uid="12955846" user="JakeEdwardsville" changeset="109322874">
    <nd ref="2531715664"/>
    <nd ref="2531715665"/>
    <nd ref="2531715666"/>
    <nd ref="2531715667"/>
    <tag k="highway" v="footway"/>
  </way>
  <way id="246089709" version="6" timestamp="2022-11-09T17:30:23Z" uid="17481238" user="TetragnathaPlanata" changeset="128697263">
    <nd ref="2531715668"/>
    <nd ref="2531715669"/>
    <nd ref="2531715670"/>
    <nd ref="2531715671"/>
    <nd ref="2531715672"/>
    <nd ref="2531715673"/>
    <nd ref="2531715674"/>
    <nd ref="2531715675"/>
    <nd ref="2531715676"/>
    <nd ref="2531715677"/>
    <nd ref="2531715678"/>
    <nd ref="8988514240"/>
    <nd ref="2531715679"/>
    <nd ref="2531715680"/>
    <nd ref="2531715681"/>
    <nd ref="2531715682"/>
    <nd ref="2531715683"/>
    <nd ref="2531715684"/>
    <nd ref="8988514657"/>
    <tag k="highway" v="footway"/>
    <tag k="smoothness" v="excellent"/>
    <tag k="surface" v="asphalt"/>
  </way>
  <way id="246089710" version="7" timestamp="2022-11-09T17:31:32Z" uid="17481238" user="TetragnathaPlanata" changeset="128697263">
    <nd ref="2531715673"/>
    <nd ref="10143360599"/>
    <nd ref="2531715685"/>
    <nd ref="2531715686"/>
    <nd ref="2531715687"/>
    <nd ref="2531715688"/>
    <nd ref="2531715689"/>
    <nd ref="2531715690"/>
    <tag k="highway" v="footway"/>
    <tag k="smoothness" v="good"/>
    <tag k="surface" v="asphalt"/>
  </way>
  <way id="246089711" version="3" timestamp="2024-02-12T22:30:35Z" uid="19598846" user="wesleyote" changeset="147387135">
    <nd ref="2531715691"/>
    <nd ref="2531715692"/>
    <nd ref="2531715693"/>
    <nd ref="2531715694"/>
    <nd ref="2531715695"/>
    <nd ref="2531715696"/>
    <nd ref="8670010139"/>
    <nd ref="2531715697"/>
    <nd ref="2531715698"/>
    <nd ref="2531715699"/>
    <nd ref="2531715700"/>
    <nd ref="2531715741"/>
    <nd ref="2531715701"/>
    <nd ref="2531715702"/>
    <nd ref="2531715703"/>
    <nd ref="2531715704"/>
    <nd ref="2531715705"/>
    <nd ref="2531715706"/>
    <nd ref="2531715707"/>
    <nd ref="2531715708"/>
    <nd ref="2531715709"/>
    <nd ref="2531715710"/>
    <nd ref="2531715711"/>
    <nd ref="2531715712"/>
    <nd ref="2531715713"/>
    <tag k="highway" v="footway"/>
    <tag k="surface" v="asphalt"/>
  </way>
  <way id="246089712" version="4" timestamp="2024-02-12T22:30:35Z" uid="19598846" user="wesleyote" changeset="147387135">
    <nd ref="2531715706"/>
    <nd ref="2531715715"/>
    <nd ref="2531715716"/>
    <nd ref="2531715717"/>
    <nd ref="2531715718"/>
    <nd ref="2531715719"/>
    <nd ref="2531715720"/>
    <nd ref="2531715722"/>
    <nd ref="2531715743"/>
    <nd ref="2531715726"/>
    <nd ref="2531715727"/>
    <nd ref="2531715729"/>
    <tag k="highway" v="footway"/>
    <tag k="surface" v="concrete"/>
  </way>
  <way id="246089713" version="3" timestamp="2024-02-12T22:30:35Z" uid="19598846" user="wesleyote" changeset="147387135">
    <nd ref="2531715743"/>
    <nd ref="2531715731"/>
    <nd ref="2531715733"/>
    <nd ref="2531715735"/>
    <nd ref="2531715737"/>
    <nd ref="8670000538"/>
    <nd ref="2531715739"/>
    <nd ref="2531715741"/>
    <tag k="highway" v="footway"/>
    <tag k="surface" v="concrete"/>
  </way>
  <way id="246089714" version="2" timestamp="2024-02-12T22:30:34Z" uid="19598846" user="wesleyote" changeset="147387135">
    <nd ref="2531715743"/>
    <nd ref="2531715745"/>
    <tag k="highway" v="footway"/>
    <tag k="surface" v="concrete"/>
  </way>
  <way id="246089715" version="2" timestamp="2024-02-12T22:30:35Z" uid="19598846" user="wesleyote" changeset="147387135">
    <nd ref="2531715746"/>
    <nd ref="2531715743"/>
    <tag k="highway" v="footway"/>
    <tag k="surface" v="asphalt"/>
  </way>
  <way id="246089716" version="3" timestamp="2024-02-21T22:59:34Z" uid="19598846" user="wesleyote" changeset="147752652">
    <nd ref="2531715743"/>
    <nd ref="8670000537"/>
    <nd ref="2531715776"/>
    <nd ref="2531715748"/>
    <nd ref="2531715751"/>
    <nd ref="2531715754"/>
    <nd ref="2531715756"/>
    <nd ref="2531715758"/>
    <nd ref="2531715760"/>
    <nd ref="2531715762"/>
    <nd ref="2531715763"/>
    <nd ref="2531715764"/>
    <nd ref="2531715772"/>
    <nd ref="2531715774"/>
    <tag k="highway" v="footway"/>
    <tag k="surface" v="concrete"/>
  </way>
  <way id="246089717" version="3" timestamp="2024-02-21T22:59:34Z" uid="19598846" user="wesleyote" changeset="147752652">
    <nd ref="2531715776"/>
    <nd ref="2531715778"/>
    <nd ref="2531715779"/>
    <nd ref="2531715781"/>
    <nd ref="2531715783"/>
    <nd ref="2531715785"/>
    <nd ref="2531715788"/>
    <nd ref="2531715790"/>
    <nd ref="8981472622"/>
    <nd ref="2531715792"/>
    <tag k="highway" v="footway"/>
    <tag k="surface" v="concrete"/>
  </way>
  <way id="246089718" version="1" timestamp="2013-11-14T03:55:43Z" uid="1805424" user="mkeller3" changeset="18887441">
    <nd ref="2531715783"/>
    <nd ref="2531715794"/>
    <nd ref="2531715796"/>
    <nd ref="2531715798"/>
    <nd ref="2531715800"/>
    <nd ref="2531715802"/>
    <nd ref="2531715804"/>
    <nd ref="2531715806"/>
    <nd ref="2531715807"/>
    <tag k="highway" v="footway"/>
  </way>
  <way id="246090065" version="8" timestamp="2022-11-02T17:02:26Z" uid="17481238" user="TetragnathaPlanata" changeset="128402599">
    <nd ref="2531718067"/>
    <nd ref="5305859913"/>
    <nd ref="2531718068"/>
    <nd ref="2531718069"/>
    <nd ref="8670750712"/>
    <nd ref="10128288413"/>
    <nd ref="5305859917"/>
    <nd ref="8944478957"/>
    <nd ref="2531718071"/>
    <nd ref="2531715668"/>
    <nd ref="8944478958"/>
    <tag k="highway" v="footway"/>
    <tag k="surface" v="concrete"/>
  </way>
  <way id="246090066" version="3" timestamp="2022-10-31T19:44:42Z" uid="17481238" user="TetragnathaPlanata" changeset="128314426">
    <nd ref="2531713376"/>
    <nd ref="8976136381"/>
    <nd ref="2531718073"/>
    <nd ref="2531718074"/>
    <nd ref="2531718077"/>
    <nd ref="2531718078"/>
    <tag k="highway" v="footway"/>
    <tag k="surface" v="asphalt"/>
  </way>
  <way id="246090067" version="4" timestamp="2022-11-09T17:36:17Z" uid="17481238" user="TetragnathaPlanata" changeset="128697263">
    <nd ref="2531718074"/>
    <nd ref="2531718081"/>
    <tag k="highway" v="footway"/>
    <tag k="smoothness" v="excellent"/>
    <tag k="surface" v="asphalt"/>
  </way>
  <way id="246090068" version="3" timestamp="2022-11-09T17:36:08Z" uid="17481238" user="TetragnathaPlanata" changeset="128697263">
    <nd ref="2531718081"/>
    <nd ref="2531718077"/>
    <tag k="highway" v="footway"/>
    <tag k="smoothness" v="excellent"/>
    <tag k="surface" v="asphalt"/>
  </way>
  <way id="246090069" version="4" timestamp="2022-11-09T17:36:26Z" uid="17481238" user="TetragnathaPlanata" changeset="128697263">
    <nd ref="2531718081"/>
    <nd ref="2531718083"/>
    <nd ref="2531718084"/>
    <nd ref="2531718085"/>
    <tag k="highway" v="footway"/>
    <tag k="smoothness" v="excellent"/>
    <tag k="surface" v="asphalt"/>
  </way>
  <way id="246090070" version="6" timestamp="2025-05-14T17:24:58Z" uid="22899438" user="THE BEAST 6624" changeset="166268301">
    <nd ref="2531718088"/>
    <nd ref="2531718090"/>
    <nd ref="2531718092"/>
    <tag k="highway" v="footway"/>
    <tag k="surface" v="concrete"/>
  </way>
  <way id="246090071" version="3" timestamp="2022-10-31T19:44:29Z" uid="17481238" user="TetragnathaPlanata" changeset="128314426">
    <nd ref="2531718088"/>
    <nd ref="2531718096"/>
    <nd ref="8976136379"/>
    <nd ref="2531718097"/>
    <nd ref="8976136380"/>
    <nd ref="2531718098"/>
    <nd ref="2531718099"/>
    <tag k="highway" v="footway"/>
    <tag k="surface" v="asphalt"/>
  </way>
  <way id="246090072" version="4" timestamp="2022-11-09T17:36:54Z" uid="17481238" user="TetragnathaPlanata" changeset="128697263">
    <nd ref="2531718083"/>
    <nd ref="8976136354"/>
    <nd ref="2531718101"/>
    <tag k="highway" v="footway"/>
    <tag k="smoothness" v="excellent"/>
    <tag k="surface" v="asphalt"/>
  </way>
  <way id="246090073" version="7" timestamp="2024-01-17T22:22:03Z" uid="19598846" user="wesleyote" changeset="146383197">
    <nd ref="2531718095"/>
    <nd ref="2531718101"/>
    <nd ref="8976136350"/>
    <nd ref="8976136352"/>
    <nd ref="8976136353"/>
    <nd ref="2531718085"/>
    <nd ref="2531718109"/>
    <nd ref="7122387480"/>
    <nd ref="2531718102"/>
    <nd ref="8976136392"/>
    <nd ref="2531718103"/>
    <nd ref="8976136399"/>
    <nd ref="2531718104"/>
    <nd ref="8976136397"/>
    <nd ref="2531718105"/>
    <nd ref="8713368113"/>
    <nd ref="8713368114"/>
    <nd ref="8713368115"/>
    <nd ref="8713368116"/>
    <nd ref="8713395317"/>
    <nd ref="2531718123"/>
    <tag k="highway" v="footway"/>
    <tag k="surface" v="asphalt"/>
  </way>
  <way id="246090074" version="6" timestamp="2024-02-12T22:30:34Z" uid="19598846" user="wesleyote" changeset="147387135">
    <nd ref="8988514653"/>
    <nd ref="8988514654"/>
    <tag k="highway" v="footway"/>
    <tag k="surface" v="asphalt"/>
  </way>
  <way id="246090076" version="3" timestamp="2022-11-02T17:07:23Z" uid="17481238" user="TetragnathaPlanata" changeset="128402599">
    <nd ref="8669979620"/>
    <nd ref="2531718110"/>
    <nd ref="2531718109"/>
    <tag k="highway" v="footway"/>
    <tag k="surface" v="asphalt"/>
  </way>
  <way id="246090077" version="3" timestamp="2022-10-31T18:10:25Z" uid="17481238" user="TetragnathaPlanata" changeset="128311226">
    <nd ref="2531718110"/>
    <nd ref="2531718111"/>
    <nd ref="8976136405"/>
    <nd ref="2531718112"/>
    <nd ref="2531718113"/>
    <nd ref="8976136400"/>
    <nd ref="8976136401"/>
    <nd ref="2531718104"/>
    <tag k="highway" v="footway"/>
    <tag k="surface" v="asphalt"/>
  </way>
  <way id="246090078" version="3" timestamp="2022-10-31T18:10:26Z" uid="17481238" user="TetragnathaPlanata" changeset="128311226">
    <nd ref="2531718104"/>
    <nd ref="8976136395"/>
    <nd ref="8976136396"/>
    <nd ref="8976136393"/>
    <nd ref="8976136404"/>
    <nd ref="8976136394"/>
    <nd ref="2531718114"/>
    <tag k="highway" v="footway"/>
    <tag k="surface" v="asphalt"/>
  </way>
  <way id="246090079" version="3" timestamp="2022-10-31T18:10:26Z" uid="17481238" user="TetragnathaPlanata" changeset="128311226">
    <nd ref="2531718104"/>
    <nd ref="2531718115"/>
    <nd ref="2531718116"/>
    <nd ref="8976136406"/>
    <nd ref="2531718117"/>
    <nd ref="2531718118"/>
    <nd ref="8976136407"/>
    <nd ref="2531718119"/>
    <nd ref="8976136408"/>
    <nd ref="2531718120"/>
    <tag k="highway" v="footway"/>
    <tag k="surface" v="asphalt"/>
  </way>
  <way id="246090080" version="2" timestamp="2021-08-03T05:37:02Z" uid="12955846" user="JakeEdwardsville" changeset="109064617">
    <nd ref="2531718119"/>
    <nd ref="8976136409"/>
    <nd ref="2531718121"/>
    <nd ref="8976136412"/>
    <nd ref="8976136411"/>
    <nd ref="8976136413"/>
    <nd ref="8976136410"/>
    <nd ref="2531718122"/>
    <nd ref="2531718123"/>
    <tag k="highway" v="footway"/>
  </way>
  <way id="246090082" version="5" timestamp="2021-08-03T05:37:02Z" uid="12955846" user="JakeEdwardsville" changeset="109064617">
    <nd ref="2531718135"/>
    <nd ref="8976136325"/>
    <nd ref="2531718136"/>
    <nd ref="2531718137"/>
    <nd ref="8642041854"/>
    <nd ref="8976136328"/>
    <nd ref="8976136327"/>
    <nd ref="8976136326"/>
    <nd ref="8976136329"/>
    <nd ref="8976136330"/>
    <nd ref="8642041853"/>
    <nd ref="2531718138"/>
    <tag k="highway" v="footway"/>
  </way>
  <way id="246090083" version="4" timestamp="2021-08-03T05:37:02Z" uid="12955846" user="JakeEdwardsville" changeset="109064617">
    <nd ref="2531718136"/>
    <nd ref="8976136324"/>
    <nd ref="2531718140"/>
    <nd ref="8976136323"/>
    <nd ref="2531718141"/>
    <nd ref="8976136322"/>
    <nd ref="8976136321"/>
    <nd ref="2531718142"/>
    <nd ref="8976136335"/>
    <nd ref="8642076084"/>
    <tag k="highway" v="footway"/>
  </way>
  <way id="246090085" version="4" timestamp="2022-10-31T19:42:51Z" uid="17481238" user="TetragnathaPlanata" changeset="128314426">
    <nd ref="8976136350"/>
    <nd ref="8976136351"/>
    <nd ref="8976136349"/>
    <nd ref="2531718152"/>
    <nd ref="8976136348"/>
    <nd ref="8976136347"/>
    <nd ref="2531718125"/>
    <tag k="highway" v="footway"/>
    <tag k="surface" v="asphalt"/>
  </way>
  <way id="246090086" version="6" timestamp="2022-10-31T19:42:47Z" uid="17481238" user="TetragnathaPlanata" changeset="128314426">
    <nd ref="8642041825"/>
    <nd ref="8642007307"/>
    <nd ref="8642007308"/>
    <nd ref="8976136345"/>
    <nd ref="8976136344"/>
    <nd ref="8976136346"/>
    <nd ref="2531718125"/>
    <nd ref="8976136355"/>
    <nd ref="8642007306"/>
    <nd ref="2531718095"/>
    <tag k="highway" v="footway"/>
    <tag k="surface" v="asphalt"/>
  </way>
  <way id="246090088" version="4" timestamp="2022-10-31T19:44:24Z" uid="17481238" user="TetragnathaPlanata" changeset="128314426">
    <nd ref="8571940766"/>
    <nd ref="8976136374"/>
    <nd ref="8976136365"/>
    <nd ref="8976136364"/>
    <nd ref="2531718160"/>
    <nd ref="8976136363"/>
    <nd ref="8976136361"/>
    <nd ref="8976136362"/>
    <nd ref="2531718161"/>
    <nd ref="2531718092"/>
    <tag k="highway" v="footway"/>
    <tag k="surface" v="asphalt"/>
  </way>
  <way id="246090089" version="3" timestamp="2023-07-21T01:58:50Z" uid="12955846" user="JakeEdwardsville" changeset="138789957">
    <nd ref="2531718162"/>
    <nd ref="11057851805"/>
    <nd ref="2531718163"/>
    <nd ref="11057851804"/>
    <nd ref="8988514584"/>
    <nd ref="2531718164"/>
    <nd ref="11057851803"/>
    <nd ref="8988514583"/>
    <nd ref="11057851802"/>
    <nd ref="2531718165"/>
    <nd ref="11057851801"/>
    <nd ref="8988514585"/>
    <nd ref="2531718166"/>
    <nd ref="8988514586"/>
    <nd ref="2531718167"/>
    <nd ref="11057851800"/>
    <nd ref="8988514587"/>
    <nd ref="11057851799"/>
    <nd ref="2531718168"/>
    <nd ref="2531718169"/>
    <nd ref="2531718170"/>
    <nd ref="2531718171"/>
    <nd ref="2531718172"/>
    <nd ref="2531718173"/>
    <tag k="highway" v="footway"/>
  </way>
  <way id="246090092" version="3" timestamp="2023-07-21T01:58:50Z" uid="12955846" user="JakeEdwardsville" changeset="138789957">
    <nd ref="2531718175"/>
    <nd ref="8988514589"/>
    <nd ref="8988514588"/>
    <nd ref="11057851796"/>
    <nd ref="2531718178"/>
    <nd ref="11057851795"/>
    <nd ref="2531718179"/>
    <nd ref="11057851793"/>
    <nd ref="11057851794"/>
    <nd ref="2531718180"/>
    <nd ref="11057851792"/>
    <nd ref="11057851791"/>
    <nd ref="2531718181"/>
    <nd ref="2531718182"/>
    <nd ref="2531718183"/>
    <nd ref="11057851790"/>
    <nd ref="2531718184"/>
    <nd ref="11057851789"/>
    <nd ref="11057851788"/>
    <nd ref="2531718185"/>
    <nd ref="2531718186"/>
    <nd ref="11057851786"/>
    <nd ref="11057851787"/>
    <nd ref="2531718187"/>
    <nd ref="2531718188"/>
    <nd ref="11057851775"/>
    <nd ref="2531718189"/>
    <nd ref="11057851776"/>
    <nd ref="11057851774"/>
    <nd ref="2531718190"/>
    <nd ref="2531718191"/>
    <nd ref="2531718201"/>
    <nd ref="11057851777"/>
    <nd ref="2531718192"/>
    <nd ref="11057851773"/>
    <nd ref="2531718193"/>
    <nd ref="11057851772"/>
    <nd ref="2531718194"/>
    <nd ref="11057851771"/>
    <nd ref="11057851769"/>
    <nd ref="11057851770"/>
    <nd ref="2531718195"/>
    <nd ref="11057851768"/>
    <nd ref="2531718196"/>
    <nd ref="2531718197"/>
    <nd ref="11057851767"/>
    <nd ref="11057851815"/>
    <nd ref="2531718198"/>
    <nd ref="11057851814"/>
    <nd ref="11057851766"/>
    <nd ref="11057851813"/>
    <nd ref="2531718199"/>
    <nd ref="2531718200"/>
    <tag k="highway" v="footway"/>
  </way>
  <way id="246090093" version="3" timestamp="2023-07-21T01:58:50Z" uid="12955846" user="JakeEdwardsville" changeset="138789957">
    <nd ref="2531718201"/>
    <nd ref="2531718202"/>
    <nd ref="2531718204"/>
    <nd ref="11057851778"/>
    <nd ref="2531718205"/>
    <nd ref="11057851780"/>
    <nd ref="11057851779"/>
    <nd ref="11057851781"/>
    <nd ref="2531718206"/>
    <nd ref="11057851782"/>
    <nd ref="2531718207"/>
    <nd ref="11057851783"/>
    <nd ref="11057851784"/>
    <nd ref="2531718208"/>
    <nd ref="11057851785"/>
    <nd ref="2531718209"/>
    <nd ref="8988514576"/>
    <nd ref="2531718210"/>
    <tag k="highway" v="footway"/>
  </way>
  <way id="246090094" version="2" timestamp="2021-04-01T02:54:17Z" uid="12955846" user="JakeEdwardsville" changeset="102085860">
    <nd ref="2531718211"/>
    <nd ref="8581251022"/>
    <nd ref="8581250940"/>
    <nd ref="2531718212"/>
    <nd ref="2531718213"/>
    <nd ref="2531718214"/>
    <nd ref="8581250941"/>
    <nd ref="2531718215"/>
    <nd ref="8581250942"/>
    <nd ref="2531718216"/>
    <nd ref="8581250943"/>
    <nd ref="2531718217"/>
    <nd ref="8581250944"/>
    <nd ref="2531718218"/>
    <nd ref="2531718219"/>
    <nd ref="8581250945"/>
    <nd ref="2531718220"/>
    <nd ref="2531718221"/>
    <nd ref="8581250946"/>
    <nd ref="8581250959"/>
    <nd ref="2531718222"/>
    <nd ref="8581250947"/>
    <nd ref="2531718223"/>
    <nd ref="8581250948"/>
    <nd ref="8581250975"/>
    <nd ref="2531718224"/>
    <nd ref="2531718225"/>
    <nd ref="2531718226"/>
    <nd ref="2531718227"/>
    <tag k="highway" v="footway"/>
  </way>
  <way id="246090113" version="7" timestamp="2024-06-25T23:43:52Z" uid="12955846" user="JakeEdwardsville" changeset="153178975">
    <nd ref="8988514649"/>
    <nd ref="8670947193"/>
    <nd ref="8670947194"/>
    <nd ref="8670947195"/>
    <nd ref="12010729872"/>
    <nd ref="12010719218"/>
    <nd ref="2531718387"/>
    <nd ref="2531718388"/>
    <nd ref="8976136366"/>
    <nd ref="8571940766"/>
    <tag k="highway" v="footway"/>
  </way>
  <way id="246090114" version="9" timestamp="2023-07-21T01:58:50Z" uid="12955846" user="JakeEdwardsville" changeset="138789957">
    <nd ref="8713443412"/>
    <nd ref="2531718390"/>
    <nd ref="2531718391"/>
    <nd ref="2531718392"/>
    <nd ref="11057851759"/>
    <nd ref="2531718393"/>
    <nd ref="11057851758"/>
    <nd ref="2531718394"/>
    <nd ref="11057851757"/>
    <nd ref="2531718395"/>
    <nd ref="11057851760"/>
    <nd ref="2531718396"/>
    <nd ref="2531718397"/>
    <nd ref="11057851761"/>
    <nd ref="2531718398"/>
    <nd ref="11057851762"/>
    <nd ref="2531718399"/>
    <nd ref="11057851765"/>
    <nd ref="11057851763"/>
    <nd ref="11057851764"/>
    <nd ref="2531718400"/>
    <nd ref="2531718401"/>
    <nd ref="8988514596"/>
    <nd ref="8988514397"/>
    <tag k="highway" v="footway"/>
  </way>
  <way id="246090115" version="3" timestamp="2021-08-07T19:14:02Z" uid="12955846" user="JakeEdwardsville" changeset="109322874">
    <nd ref="8713395915"/>
    <nd ref="8713395914"/>
    <nd ref="8713395913"/>
    <nd ref="2531718402"/>
    <nd ref="2531718403"/>
    <nd ref="2531718404"/>
    <nd ref="8988514396"/>
    <nd ref="2531718405"/>
    <tag k="highway" v="footway"/>
  </way>
  <way id="246090116" version="3" timestamp="2021-07-26T18:20:28Z" uid="12955846" user="JakeEdwardsville" changeset="108640828">
    <nd ref="8713439123"/>
    <nd ref="8713395884"/>
    <nd ref="2531718407"/>
    <nd ref="8952052379"/>
    <nd ref="2531718408"/>
    <nd ref="8952052380"/>
    <nd ref="2531718409"/>
    <nd ref="2531718410"/>
    <tag k="highway" v="footway"/>
  </way>
  <way id="246090118" version="2" timestamp="2021-05-08T23:28:54Z" uid="12955846" user="JakeEdwardsville" changeset="104381189">
    <nd ref="2531718524"/>
    <nd ref="2531718525"/>
    <nd ref="2531718526"/>
    <nd ref="8713439173"/>
    <nd ref="2531718527"/>
    <nd ref="8713439172"/>
    <nd ref="2531718528"/>
    <nd ref="8713439171"/>
    <nd ref="8713439170"/>
    <nd ref="8713439149"/>
    <tag k="highway" v="footway"/>
  </way>
  <way id="246090205" version="5" timestamp="2025-05-14T16:59:06Z" uid="22899438" user="THE BEAST 6624" changeset="166267095">
    <nd ref="12837270665"/>
    <nd ref="12837326582"/>
    <nd ref="12837270666"/>
    <nd ref="12837270664"/>
    <nd ref="12837270663"/>
    <nd ref="12837270662"/>
    <nd ref="2531719175"/>
    <nd ref="8645401227"/>
    <nd ref="2531719176"/>
    <nd ref="2531719177"/>
    <nd ref="2531719178"/>
    <tag k="highway" v="footway"/>
  </way>
  <way id="246090206" version="4" timestamp="2025-05-14T17:13:44Z" uid="22899438" user="THE BEAST 6624" changeset="166267734">
    <nd ref="12837341746"/>
    <nd ref="2531719179"/>
    <nd ref="2531719180"/>
    <nd ref="8581251189"/>
    <nd ref="2531719181"/>
    <nd ref="8581251190"/>
    <nd ref="2531719182"/>
    <nd ref="8581251191"/>
    <nd ref="2531719183"/>
    <nd ref="8581251192"/>
    <nd ref="2531719184"/>
    <nd ref="8581251193"/>
    <nd ref="8581251194"/>
    <nd ref="2531719185"/>
    <nd ref="8581251195"/>
    <nd ref="2531719186"/>
    <nd ref="8581251196"/>
    <nd ref="2531719187"/>
    <nd ref="8581251197"/>
    <nd ref="2531719188"/>
    <nd ref="8581251198"/>
    <nd ref="2531719189"/>
    <nd ref="2531719190"/>
    <nd ref="8581251199"/>
    <nd ref="2531719191"/>
    <nd ref="12837326581"/>
    <nd ref="2531719192"/>
    <nd ref="8581251201"/>
    <nd ref="2531719193"/>
    <nd ref="2531719194"/>
    <nd ref="2531719195"/>
    <nd ref="2531719196"/>
    <nd ref="2531719197"/>
    <nd ref="2531719198"/>
    <nd ref="8581251206"/>
    <nd ref="8581251207"/>
    <nd ref="2531719199"/>
    <nd ref="8581251208"/>
    <nd ref="2531719200"/>
    <nd ref="2531719201"/>
    <tag k="highway" v="footway"/>
  </way>
  <way id="246090207" version="5" timestamp="2025-11-05T21:36:02Z" uid="19598846" user="wesleyote" changeset="174259861">
    <nd ref="2531719197"/>
    <nd ref="2531719202"/>
    <nd ref="2531719203"/>
    <nd ref="8581251202"/>
    <nd ref="2531719204"/>
    <nd ref="8581251203"/>
    <nd ref="2531719205"/>
    <nd ref="8581251204"/>
    <nd ref="2531719206"/>
    <nd ref="8581251205"/>
    <nd ref="2531719207"/>
    <nd ref="2531719208"/>
    <nd ref="2531719209"/>
    <nd ref="2531719210"/>
    <nd ref="10699927466"/>
    <nd ref="2531719211"/>
    <nd ref="8988514422"/>
    <nd ref="2531719212"/>
    <tag k="highway" v="footway"/>
    <tag k="surface" v="asphalt"/>
  </way>
  <way id="264302739" version="13" timestamp="2025-11-07T00:02:10Z" uid="19598846" user="wesleyote" changeset="174311688">
    <nd ref="368067054"/>
    <nd ref="8942987211"/>
    <nd ref="8942987210"/>
    <nd ref="2699923477"/>
    <nd ref="2699923478"/>
    <nd ref="2699923479"/>
    <nd ref="2699923480"/>
    <nd ref="2699923481"/>
    <nd ref="2699923482"/>
    <nd ref="2699923483"/>
    <nd ref="2699923484"/>
    <nd ref="8942987216"/>
    <nd ref="2699923485"/>
    <nd ref="8944405382"/>
    <nd ref="2699923486"/>
    <nd ref="2699923487"/>
    <nd ref="8943019858"/>
    <nd ref="2699923488"/>
    <nd ref="8943000529"/>
    <nd ref="8944435437"/>
    <nd ref="2699923489"/>
    <nd ref="8944435438"/>
    <nd ref="2699923490"/>
    <nd ref="8944435440"/>
    <nd ref="8944435441"/>
    <nd ref="8944435446"/>
    <nd ref="8944435449"/>
    <nd ref="2699923491"/>
    <nd ref="2699923492"/>
    <nd ref="2699923493"/>
    <nd ref="8976131800"/>
    <nd ref="2699923494"/>
    <nd ref="2699923495"/>
    <nd ref="2699923496"/>
    <nd ref="8945186720"/>
    <nd ref="8945186719"/>
    <nd ref="2699923497"/>
    <nd ref="8945186717"/>
    <nd ref="2699923498"/>
    <nd ref="2699923499"/>
    <nd ref="2699923500"/>
    <nd ref="2699923501"/>
    <nd ref="8946944357"/>
    <nd ref="2699923502"/>
    <nd ref="8945186716"/>
    <nd ref="2699923503"/>
    <nd ref="8942987209"/>
    <nd ref="368067054"/>
    <tag k="addr:city" v="Edwardville"/>
    <tag k="addr:housenumber" v="30"/>
    <tag k="addr:postcode" v="62026"/>
    <tag k="addr:state" v="IL"/>
    <tag k="addr:street" v="Hairpin Drive"/>
    <tag k="amenity" v="library"/>
    <tag k="building" v="university"/>
    <tag k="building:levels" v="3"/>
    <tag k="building:levels:underground" v="1"/>
    <tag k="name" v="Elijah P Lovejoy Library"/>
    <tag k="opening_hours" v="Mo-We 07:30-22:00; Th 07:30-20:00; Fr 07:30-18:00; Sa 10:00-14:00; Su 12:00-20:00"/>
    <tag k="operator:type" v="university"/>
    <tag k="website" v="https://www.siue.edu/lovejoy-library/"/>
  </way>
  <way id="264303965" version="5" timestamp="2021-08-10T19:11:00Z" uid="12955846" user="JakeEdwardsville" changeset="109480713">
    <nd ref="2699932621"/>
    <nd ref="2699933266"/>
    <nd ref="2699933077"/>
    <nd ref="3664900525"/>
    <nd ref="2699934097"/>
    <nd ref="8996842119"/>
    <nd ref="3664850424"/>
    <nd ref="2699933078"/>
    <tag k="highway" v="footway"/>
  </way>
  <way id="264303996" version="3" timestamp="2021-08-10T19:41:43Z" uid="12955846" user="JakeEdwardsville" changeset="109481746">
    <nd ref="3664900525"/>
    <nd ref="2699933268"/>
    <nd ref="2699932622"/>
    <tag k="highway" v="footway"/>
  </way>
  <way id="264304107" version="3" timestamp="2021-08-10T19:41:43Z" uid="12955846" user="JakeEdwardsville" changeset="109481746">
    <nd ref="2699934097"/>
    <nd ref="2699934098"/>
    <tag k="highway" v="footway"/>
  </way>
  <way id="264304176" version="5" timestamp="2021-08-10T19:50:22Z" uid="12955846" user="JakeEdwardsville" changeset="109482033">
    <nd ref="2699934609"/>
    <nd ref="8996857204"/>
    <nd ref="8996857203"/>
    <nd ref="8996857202"/>
    <nd ref="2699934610"/>
    <nd ref="2699934709"/>
    <nd ref="8996842151"/>
    <nd ref="2699933078"/>
    <tag k="highway" v="footway"/>
  </way>
  <way id="264304182" version="3" timestamp="2023-09-20T20:50:02Z" uid="19598846" user="wesleyote" changeset="141531302">
    <nd ref="8996857205"/>
    <nd ref="2699934709"/>
    <nd ref="2699934710"/>
    <tag k="highway" v="footway"/>
    <tag k="surface" v="concrete"/>
  </way>
  <way id="264304246" version="4" timestamp="2021-08-10T19:41:43Z" uid="12955846" user="JakeEdwardsville" changeset="109481746">
    <nd ref="236695366"/>
    <nd ref="2699934975"/>
    <nd ref="2699936019"/>
    <nd ref="2699934978"/>
    <nd ref="8996882983"/>
    <nd ref="8996882984"/>
    <nd ref="8996882985"/>
    <tag k="highway" v="footway"/>
  </way>
  <way id="264304415" version="1" timestamp="2014-03-03T14:20:49Z" uid="1961433" user="mwrigley83" changeset="20889332">
    <nd ref="2699936019"/>
    <nd ref="2699936020"/>
    <tag k="highway" v="footway"/>
  </way>
  <way id="264304419" version="2" timestamp="2021-08-07T19:14:02Z" uid="12955846" user="JakeEdwardsville" changeset="109322874">
    <nd ref="2699936108"/>
    <nd ref="2699936109"/>
    <tag k="highway" v="footway"/>
  </way>
  <way id="264304738" version="10" timestamp="2023-07-22T22:53:20Z" uid="12955846" user="JakeEdwardsville" changeset="138873773">
    <nd ref="2699939149"/>
    <nd ref="2699939151"/>
    <nd ref="2699939153"/>
    <nd ref="2699939155"/>
    <nd ref="2699939158"/>
    <nd ref="2699939160"/>
    <nd ref="2699939161"/>
    <nd ref="2699939163"/>
    <nd ref="8944461251"/>
    <nd ref="2699939166"/>
    <nd ref="2699939168"/>
    <nd ref="8943000566"/>
    <nd ref="2699939170"/>
    <nd ref="2699939172"/>
    <nd ref="11062494496"/>
    <nd ref="2699939174"/>
    <nd ref="8946944406"/>
    <nd ref="8946944407"/>
    <nd ref="2699939176"/>
    <nd ref="11062494497"/>
    <nd ref="2699939178"/>
    <nd ref="2699939180"/>
    <nd ref="8943000562"/>
    <nd ref="2699939182"/>
    <nd ref="8946928877"/>
    <nd ref="2699939185"/>
    <nd ref="2699939187"/>
    <nd ref="2699939189"/>
    <nd ref="2699939191"/>
    <nd ref="2699939192"/>
    <nd ref="2699939194"/>
    <nd ref="2699939196"/>
    <nd ref="2699939198"/>
    <nd ref="2699939200"/>
    <nd ref="8946928878"/>
    <nd ref="2699939202"/>
    <nd ref="8848831811"/>
    <nd ref="8848831812"/>
    <nd ref="2699939203"/>
    <nd ref="2699939205"/>
    <nd ref="2699939207"/>
    <nd ref="8571987147"/>
    <nd ref="2699939209"/>
    <nd ref="2699939211"/>
    <nd ref="2699939213"/>
    <nd ref="8952058930"/>
    <nd ref="2699939215"/>
    <nd ref="8952052416"/>
    <nd ref="2699939217"/>
    <nd ref="2699939219"/>
    <nd ref="2699939220"/>
    <nd ref="2699939222"/>
    <nd ref="2699939224"/>
    <nd ref="8952052411"/>
    <nd ref="8848886537"/>
    <nd ref="8848886536"/>
    <nd ref="2699939226"/>
    <nd ref="2699939228"/>
    <nd ref="2699939230"/>
    <nd ref="2699939232"/>
    <nd ref="2699939234"/>
    <nd ref="2531713358"/>
    <nd ref="2699939236"/>
    <nd ref="2699939238"/>
    <nd ref="8848831810"/>
    <nd ref="8848831809"/>
    <nd ref="2699939240"/>
    <nd ref="2699939242"/>
    <nd ref="2699939149"/>
    <tag k="addr:city" v="Edwardville"/>
    <tag k="addr:housenumber" v="40"/>
    <tag k="addr:postcode" v="62026"/>
    <tag k="addr:state" v="IL"/>
    <tag k="addr:street" v="Hairpin Drive"/>
    <tag k="building" v="university"/>
    <tag k="building:levels" v="3"/>
    <tag k="building:levels:underground" v="1"/>
    <tag k="name" v="Science Building East"/>
  </way>
  <way id="264305080" version="6" timestamp="2021-08-07T19:14:02Z" uid="12955846" user="JakeEdwardsville" changeset="109322874">
    <nd ref="368073650"/>
    <nd ref="2699943178"/>
    <nd ref="2699943179"/>
    <nd ref="2699943180"/>
    <nd ref="2699943181"/>
    <nd ref="2699943182"/>
    <nd ref="2699943183"/>
    <nd ref="2699943184"/>
    <nd ref="2699943185"/>
    <nd ref="2699943186"/>
    <nd ref="2699943187"/>
    <nd ref="2699943188"/>
    <nd ref="2699943189"/>
    <nd ref="2699954843"/>
    <nd ref="2699943190"/>
    <nd ref="2699943191"/>
    <nd ref="2699943192"/>
    <nd ref="2699943193"/>
    <nd ref="2699943194"/>
    <nd ref="2699943195"/>
    <nd ref="2699943196"/>
    <nd ref="2699943197"/>
    <nd ref="2699943198"/>
    <nd ref="8988514716"/>
    <nd ref="2699943199"/>
    <nd ref="2699943200"/>
    <nd ref="2699943201"/>
    <nd ref="8943019928"/>
    <nd ref="2699943202"/>
    <nd ref="2699943203"/>
    <nd ref="2699943204"/>
    <nd ref="2699943205"/>
    <nd ref="2699943206"/>
    <nd ref="2699943207"/>
    <nd ref="2699943208"/>
    <nd ref="2699943209"/>
    <nd ref="2699943210"/>
    <nd ref="2699943211"/>
    <nd ref="2699943212"/>
    <nd ref="8943019995"/>
    <nd ref="2699943213"/>
    <nd ref="2699943214"/>
    <nd ref="2699943215"/>
    <nd ref="2699943216"/>
    <nd ref="2699943217"/>
    <nd ref="2699943218"/>
    <nd ref="2699943219"/>
    <nd ref="8943019961"/>
    <nd ref="2699943221"/>
    <nd ref="2699943222"/>
    <nd ref="2699943224"/>
    <nd ref="8943000532"/>
    <nd ref="2699943226"/>
    <nd ref="2699943228"/>
    <nd ref="2699943230"/>
    <nd ref="8943019827"/>
    <nd ref="2699943232"/>
    <nd ref="368073650"/>
    <tag k="addr:city" v="Edwardville"/>
    <tag k="addr:housenumber" v="20"/>
    <tag k="addr:postcode" v="62026"/>
    <tag k="addr:state" v="IL"/>
    <tag k="addr:street" v="Hairpin Drive"/>
    <tag k="building" v="university"/>
    <tag k="building:levels" v="3"/>
    <tag k="building:levels:underground" v="1"/>
    <tag k="name" v="Peck Hall"/>
  </way>
  <way id="264306003" version="5" timestamp="2021-08-10T19:41:43Z" uid="12955846" user="JakeEdwardsville" changeset="109481746">
    <nd ref="368073574"/>
    <nd ref="2699949349"/>
    <nd ref="8848886653"/>
    <nd ref="2699949351"/>
    <nd ref="2699949353"/>
    <nd ref="2699949355"/>
    <nd ref="2699949357"/>
    <nd ref="2699949359"/>
    <nd ref="2699949362"/>
    <nd ref="2699949364"/>
    <nd ref="8996883003"/>
    <nd ref="2699950504"/>
    <nd ref="2699950502"/>
    <nd ref="2699949366"/>
    <nd ref="2699949368"/>
    <nd ref="2699949370"/>
    <nd ref="2699949372"/>
    <nd ref="2699949374"/>
    <nd ref="2699949377"/>
    <nd ref="2699949379"/>
    <nd ref="2699949381"/>
    <nd ref="2699949383"/>
    <nd ref="2699949385"/>
    <nd ref="2699949392"/>
    <nd ref="2699949395"/>
    <nd ref="2699949397"/>
    <nd ref="2699949399"/>
    <nd ref="2699949401"/>
    <nd ref="8996883002"/>
    <nd ref="8848886655"/>
    <nd ref="8848886654"/>
    <nd ref="2699949403"/>
    <nd ref="368073574"/>
    <tag k="addr:city" v="Edwardville"/>
    <tag k="addr:housenumber" v="115"/>
    <tag k="addr:postcode" v="62026"/>
    <tag k="addr:state" v="IL"/>
    <tag k="addr:street" v="Peck Service Road"/>
    <tag k="building" v="university"/>
    <tag k="building:levels" v="3"/>
    <tag k="building:levels:underground" v="1"/>
    <tag k="name" v="Founders Hall"/>
  </way>
  <way id="264306055" version="4" timestamp="2021-07-23T21:38:03Z" uid="12955846" user="JakeEdwardsville" changeset="108514065">
    <nd ref="2699950500"/>
    <nd ref="2699950502"/>
    <nd ref="2699950504"/>
    <nd ref="8848886652"/>
    <nd ref="8848886651"/>
    <nd ref="8848886650"/>
    <nd ref="8848886649"/>
    <nd ref="8945186723"/>
    <nd ref="8848886646"/>
    <nd ref="8848886647"/>
    <nd ref="8848886648"/>
    <nd ref="8848886645"/>
    <nd ref="2699950506"/>
    <nd ref="2699950500"/>
    <tag k="building" v="university"/>
    <tag k="name" v="SkyWalk"/>
  </way>
  <way id="264306265" version="5" timestamp="2021-07-23T21:38:03Z" uid="12955846" user="JakeEdwardsville" changeset="108514065">
    <nd ref="368073605"/>
    <nd ref="8945186821"/>
    <nd ref="2699952773"/>
    <nd ref="2699952774"/>
    <nd ref="2699952775"/>
    <nd ref="2699952776"/>
    <nd ref="8945186818"/>
    <nd ref="8945186817"/>
    <nd ref="2699952777"/>
    <nd ref="2699952778"/>
    <nd ref="2699952779"/>
    <nd ref="2699952780"/>
    <nd ref="8945186814"/>
    <nd ref="2699952781"/>
    <nd ref="8945186813"/>
    <nd ref="8848886644"/>
    <nd ref="8848886643"/>
    <nd ref="2699952782"/>
    <nd ref="2699952783"/>
    <nd ref="2699952784"/>
    <nd ref="2699952785"/>
    <nd ref="2699952786"/>
    <nd ref="2699952787"/>
    <nd ref="2699952788"/>
    <nd ref="2699952789"/>
    <nd ref="2699952790"/>
    <nd ref="2699934098"/>
    <nd ref="2699952791"/>
    <nd ref="2699952792"/>
    <nd ref="2699952793"/>
    <nd ref="2699952794"/>
    <nd ref="2699952795"/>
    <nd ref="2699952796"/>
    <nd ref="2699952797"/>
    <nd ref="2699950500"/>
    <nd ref="2699950506"/>
    <nd ref="368073605"/>
    <tag k="addr:city" v="Edwardville"/>
    <tag k="addr:housenumber" v="125"/>
    <tag k="addr:postcode" v="62026"/>
    <tag k="addr:state" v="IL"/>
    <tag k="addr:street" v="Peck Service Road"/>
    <tag k="building" v="university"/>
    <tag k="building:levels" v="3"/>
    <tag k="building:levels:underground" v="1"/>
    <tag k="ele" v="171"/>
    <tag k="name" v="Alumni Hall"/>
  </way>
  <way id="264306456" version="3" timestamp="2023-09-20T20:48:22Z" uid="19598846" user="wesleyote" changeset="141531302">
    <nd ref="2531713321"/>
    <nd ref="8952058949"/>
    <nd ref="2699954843"/>
    <tag k="highway" v="footway"/>
    <tag k="surface" v="concrete"/>
  </way>
  <way id="264308443" version="7" timestamp="2022-11-09T17:32:11Z" uid="17481238" user="TetragnathaPlanata" changeset="128697381">
    <nd ref="368070571"/>
    <nd ref="10130930273"/>
    <nd ref="2699980117"/>
    <nd ref="2699980118"/>
    <nd ref="10130930279"/>
    <nd ref="10130930282"/>
    <nd ref="10130930280"/>
    <nd ref="2699980121"/>
    <nd ref="2699980122"/>
    <nd ref="2699980124"/>
    <nd ref="2699980125"/>
    <nd ref="2699980127"/>
    <nd ref="8670750711"/>
    <nd ref="2699980129"/>
    <nd ref="2699980134"/>
    <nd ref="6967748099"/>
    <nd ref="2699980136"/>
    <nd ref="8670750709"/>
    <nd ref="2699980138"/>
    <nd ref="8670750707"/>
    <nd ref="2699980139"/>
    <nd ref="8848886539"/>
    <nd ref="8848886542"/>
    <nd ref="8848886541"/>
    <nd ref="8848886540"/>
    <nd ref="2699980141"/>
    <nd ref="2699980143"/>
    <nd ref="368070571"/>
    <tag k="addr:city" v="Edwardville"/>
    <tag k="addr:housenumber" v="70"/>
    <tag k="addr:postcode" v="62026"/>
    <tag k="addr:state" v="IL"/>
    <tag k="addr:street" v="Hairpin Drive"/>
    <tag k="building" v="university"/>
    <tag k="building:levels" v="3"/>
    <tag k="building:levels:underground" v="1"/>
    <tag k="name" v="John S. Rendleman Hall"/>
    <tag k="roof:shape" v="flat"/>
  </way>
  <way id="264308701" version="9" timestamp="2022-11-09T17:36:39Z" uid="17481238" user="TetragnathaPlanata" changeset="128697381">
    <nd ref="368073556"/>
    <nd ref="2699984926"/>
    <nd ref="2699984928"/>
    <nd ref="2699984929"/>
    <nd ref="2699984931"/>
    <nd ref="2699984932"/>
    <nd ref="2699984934"/>
    <nd ref="2699984936"/>
    <nd ref="2699984937"/>
    <nd ref="8848886518"/>
    <nd ref="8848886521"/>
    <nd ref="8848886520"/>
    <nd ref="8848886519"/>
    <nd ref="2699984939"/>
    <nd ref="2699984941"/>
    <nd ref="8976086780"/>
    <nd ref="2699984942"/>
    <nd ref="2699984944"/>
    <nd ref="2699984945"/>
    <nd ref="2699984947"/>
    <nd ref="2699984952"/>
    <nd ref="2699984954"/>
    <nd ref="2699984956"/>
    <nd ref="2699984957"/>
    <nd ref="2699984959"/>
    <nd ref="2699984960"/>
    <nd ref="6967680654"/>
    <nd ref="2699984962"/>
    <nd ref="2699984964"/>
    <nd ref="2699984965"/>
    <nd ref="368073556"/>
    <tag k="addr:city" v="Edwardville"/>
    <tag k="addr:housenumber" v="50"/>
    <tag k="addr:postcode" v="62026"/>
    <tag k="addr:state" v="IL"/>
    <tag k="addr:street" v="Hairpin Drive"/>
    <tag k="amenity" v="arts_centre"/>
    <tag k="building" v="university"/>
    <tag k="building:levels" v="2"/>
    <tag k="building:levels:underground" v="1"/>
    <tag k="ele" v="172"/>
    <tag k="name" v="Katherine Dunham Hall"/>
    <tag k="roof:shape" v="flat"/>
    <tag k="wheelchair" v="yes"/>
  </way>
  <way id="264308908" version="6" timestamp="2021-05-08T23:12:03Z" uid="12955846" user="JakeEdwardsville" changeset="104380992">
    <nd ref="8571987160"/>
    <nd ref="2699993731"/>
    <nd ref="6967733065"/>
    <nd ref="2699993735"/>
    <nd ref="2699993738"/>
    <nd ref="8713426853"/>
    <nd ref="3343199746"/>
    <tag k="highway" v="footway"/>
  </way>
  <way id="264309261" version="9" timestamp="2023-07-22T22:53:20Z" uid="12955846" user="JakeEdwardsville" changeset="138873773">
    <nd ref="2700000713"/>
    <nd ref="2700000715"/>
    <nd ref="8990511462"/>
    <nd ref="8571987172"/>
    <nd ref="2700000718"/>
    <nd ref="8571987156"/>
    <nd ref="8848886612"/>
    <nd ref="8848886608"/>
    <nd ref="8848886611"/>
    <nd ref="8848886607"/>
    <nd ref="8848886610"/>
    <nd ref="8848886609"/>
    <nd ref="8571987157"/>
    <nd ref="8848886615"/>
    <nd ref="8848886614"/>
    <nd ref="8848886616"/>
    <nd ref="8848886613"/>
    <nd ref="8848886619"/>
    <nd ref="8848886617"/>
    <nd ref="8848886618"/>
    <nd ref="8571987158"/>
    <nd ref="8848886621"/>
    <nd ref="8848886620"/>
    <nd ref="8848886622"/>
    <nd ref="8571987159"/>
    <nd ref="8848886624"/>
    <nd ref="8848886623"/>
    <nd ref="8848886625"/>
    <nd ref="2700000746"/>
    <nd ref="8571987179"/>
    <nd ref="2700000748"/>
    <nd ref="2700000750"/>
    <nd ref="8848886635"/>
    <nd ref="8848886634"/>
    <nd ref="8848886636"/>
    <nd ref="8848886633"/>
    <nd ref="8848886639"/>
    <nd ref="8848886637"/>
    <nd ref="8848886638"/>
    <nd ref="8848886627"/>
    <nd ref="8848886632"/>
    <nd ref="8848886631"/>
    <nd ref="8848886642"/>
    <nd ref="8848886628"/>
    <nd ref="8848886630"/>
    <nd ref="8848886641"/>
    <nd ref="8848886629"/>
    <nd ref="8848886640"/>
    <nd ref="8848886626"/>
    <nd ref="2700000753"/>
    <nd ref="2700000754"/>
    <nd ref="2700000756"/>
    <nd ref="2700000757"/>
    <nd ref="2700000758"/>
    <nd ref="2700000760"/>
    <nd ref="2700000761"/>
    <nd ref="6967733054"/>
    <nd ref="6967733055"/>
    <nd ref="6967733056"/>
    <nd ref="6967733057"/>
    <nd ref="6967733058"/>
    <nd ref="6967733027"/>
    <nd ref="6967733059"/>
    <nd ref="6967733060"/>
    <nd ref="6967733061"/>
    <nd ref="6967733062"/>
    <nd ref="6967733063"/>
    <nd ref="6967733064"/>
    <nd ref="2700004069"/>
    <nd ref="4631801695"/>
    <nd ref="2700000771"/>
    <nd ref="2700000773"/>
    <nd ref="2700000776"/>
    <nd ref="2700000778"/>
    <nd ref="6967733070"/>
    <nd ref="2700000779"/>
    <nd ref="6967733071"/>
    <nd ref="6967733072"/>
    <nd ref="6967733073"/>
    <nd ref="6967733074"/>
    <nd ref="6967733075"/>
    <nd ref="6967733076"/>
    <nd ref="8952059128"/>
    <nd ref="6967733077"/>
    <nd ref="6967733078"/>
    <nd ref="6967733079"/>
    <nd ref="8571987148"/>
    <nd ref="8848886605"/>
    <nd ref="8848886606"/>
    <nd ref="8571987149"/>
    <nd ref="8571987150"/>
    <nd ref="8571987151"/>
    <nd ref="8571987152"/>
    <nd ref="8571987153"/>
    <nd ref="8571987154"/>
    <nd ref="11062510274"/>
    <nd ref="8571987155"/>
    <nd ref="2700000713"/>
    <tag k="addr:city" v="Edwardville"/>
    <tag k="addr:housenumber" v="35"/>
    <tag k="addr:postcode" v="62026"/>
    <tag k="addr:state" v="IL"/>
    <tag k="addr:street" v="Circle Drive"/>
    <tag k="building" v="university"/>
    <tag k="building:levels" v="2"/>
    <tag k="name" v="Vadalabene Center"/>
  </way>
  <way id="264309376" version="6" timestamp="2021-07-26T18:20:28Z" uid="12955846" user="JakeEdwardsville" changeset="108640828">
    <nd ref="4631801695"/>
    <nd ref="4631801694"/>
    <nd ref="4631801696"/>
    <nd ref="8713426864"/>
    <nd ref="2700004052"/>
    <nd ref="2700004054"/>
    <nd ref="2700004055"/>
    <nd ref="2700004057"/>
    <nd ref="8952059268"/>
    <nd ref="8952059269"/>
    <nd ref="8952059264"/>
    <nd ref="8952059267"/>
    <nd ref="2700004060"/>
    <nd ref="8952059265"/>
    <nd ref="2700004063"/>
    <nd ref="2700004065"/>
    <nd ref="2700004067"/>
    <nd ref="6967733064"/>
    <nd ref="2700004069"/>
    <nd ref="4631801695"/>
    <tag k="addr:city" v="Edwardville"/>
    <tag k="addr:housenumber" v="35"/>
    <tag k="addr:postcode" v="62026"/>
    <tag k="addr:state" v="IL"/>
    <tag k="addr:street" v="Circle Drive"/>
    <tag k="building" v="university"/>
    <tag k="building:levels" v="2"/>
    <tag k="name" v="Student Fitness Center"/>
  </way>
  <way id="264341537" version="2" timestamp="2021-08-07T19:14:02Z" uid="12955846" user="JakeEdwardsville" changeset="109322874">
    <nd ref="2700291347"/>
    <nd ref="2700291348"/>
    <nd ref="2700291349"/>
    <nd ref="2700291350"/>
    <nd ref="8988514647"/>
    <nd ref="2700291351"/>
    <nd ref="8988514645"/>
    <nd ref="8988514644"/>
    <nd ref="8988514646"/>
    <nd ref="2700291352"/>
    <nd ref="2700291353"/>
    <tag k="highway" v="footway"/>
  </way>
  <way id="264371996" version="4" timestamp="2021-08-04T22:58:55Z" uid="12955846" user="JakeEdwardsville" changeset="109167131">
    <nd ref="368069126"/>
    <nd ref="2700578407"/>
    <nd ref="2700578408"/>
    <nd ref="8848886554"/>
    <nd ref="8848886550"/>
    <nd ref="8848886553"/>
    <nd ref="8848886549"/>
    <nd ref="8848886552"/>
    <nd ref="8848886551"/>
    <nd ref="8848886555"/>
    <nd ref="2700578410"/>
    <nd ref="8981472894"/>
    <nd ref="8981472888"/>
    <nd ref="2700578411"/>
    <nd ref="8848886559"/>
    <nd ref="8848886557"/>
    <nd ref="8848886560"/>
    <nd ref="8848886556"/>
    <nd ref="8848886561"/>
    <nd ref="8848886558"/>
    <nd ref="8848886562"/>
    <nd ref="2700578413"/>
    <nd ref="2700578414"/>
    <nd ref="8848886569"/>
    <nd ref="8848886565"/>
    <nd ref="8848886566"/>
    <nd ref="8848886563"/>
    <nd ref="8848886567"/>
    <nd ref="8848886564"/>
    <nd ref="8848886568"/>
    <nd ref="2700578416"/>
    <nd ref="2700578417"/>
    <nd ref="8981472887"/>
    <nd ref="2700578419"/>
    <nd ref="8848886571"/>
    <nd ref="8848886570"/>
    <nd ref="8848886572"/>
    <nd ref="2700578420"/>
    <nd ref="2700578422"/>
    <nd ref="8848886575"/>
    <nd ref="8848886577"/>
    <nd ref="8848886573"/>
    <nd ref="8848886576"/>
    <nd ref="8848886574"/>
    <nd ref="2700578423"/>
    <nd ref="8981472853"/>
    <nd ref="2700578425"/>
    <nd ref="8848886581"/>
    <nd ref="8848886580"/>
    <nd ref="8848886582"/>
    <nd ref="8848886578"/>
    <nd ref="8848886583"/>
    <nd ref="8848886579"/>
    <nd ref="8848886584"/>
    <nd ref="2700578426"/>
    <nd ref="2700578428"/>
    <nd ref="2700578429"/>
    <nd ref="8848886590"/>
    <nd ref="8848886586"/>
    <nd ref="8848886589"/>
    <nd ref="8848886585"/>
    <nd ref="8848886588"/>
    <nd ref="8848886587"/>
    <nd ref="8848886591"/>
    <nd ref="2700578431"/>
    <nd ref="8981472852"/>
    <nd ref="2700578432"/>
    <nd ref="8848886598"/>
    <nd ref="8848886593"/>
    <nd ref="8848886597"/>
    <nd ref="8848886592"/>
    <nd ref="8848886596"/>
    <nd ref="8848886594"/>
    <nd ref="8848886595"/>
    <nd ref="368069126"/>
    <tag k="addr:city" v="Edwardville"/>
    <tag k="addr:housenumber" v="47"/>
    <tag k="addr:postcode" v="62026"/>
    <tag k="addr:state" v="IL"/>
    <tag k="addr:street" v="Circle Drive"/>
    <tag k="amenity" v="theatre"/>
    <tag k="building" v="university"/>
    <tag k="building:levels" v="1"/>
    <tag k="ele" v="166"/>
    <tag k="name" v="James F Metcalf Student Experimental Theater"/>
  </way>
  <way id="264372642" version="9" timestamp="2024-08-19T11:56:56Z" uid="3199858" user="Mateusz Konieczny - bot account" changeset="155456500">
    <nd ref="368073580"/>
    <nd ref="8581250949"/>
    <nd ref="8581221924"/>
    <nd ref="8581221925"/>
    <nd ref="8581221928"/>
    <nd ref="8581221927"/>
    <nd ref="8581221929"/>
    <nd ref="8581221926"/>
    <nd ref="8581221923"/>
    <nd ref="2700590322"/>
    <nd ref="8581221919"/>
    <nd ref="8581221921"/>
    <nd ref="8581221922"/>
    <nd ref="8581221920"/>
    <nd ref="2700590324"/>
    <nd ref="2700590326"/>
    <nd ref="8581250960"/>
    <nd ref="8581221914"/>
    <nd ref="8581221909"/>
    <nd ref="8581221974"/>
    <nd ref="8581221976"/>
    <nd ref="8581221975"/>
    <nd ref="8581221915"/>
    <nd ref="8581221917"/>
    <nd ref="8581221918"/>
    <nd ref="8581221916"/>
    <nd ref="2700590328"/>
    <nd ref="8581221912"/>
    <nd ref="8581221911"/>
    <nd ref="8581221910"/>
    <nd ref="8581221913"/>
    <nd ref="8581221958"/>
    <nd ref="8581221961"/>
    <nd ref="8581221962"/>
    <nd ref="8581221960"/>
    <nd ref="8581221964"/>
    <nd ref="8581221963"/>
    <nd ref="8581221965"/>
    <nd ref="8581221959"/>
    <nd ref="8581221967"/>
    <nd ref="8581221968"/>
    <nd ref="8581221966"/>
    <nd ref="2700590330"/>
    <nd ref="8581221978"/>
    <nd ref="8581221977"/>
    <nd ref="8581221981"/>
    <nd ref="8581221982"/>
    <nd ref="8581221980"/>
    <nd ref="8581221979"/>
    <nd ref="8581221983"/>
    <nd ref="2700590332"/>
    <nd ref="8581221984"/>
    <nd ref="8581221985"/>
    <nd ref="2700590338"/>
    <nd ref="8581221986"/>
    <nd ref="8581221987"/>
    <nd ref="2700590340"/>
    <nd ref="8581221989"/>
    <nd ref="8581221991"/>
    <nd ref="8581221994"/>
    <nd ref="8581221990"/>
    <nd ref="8581221993"/>
    <nd ref="8581221992"/>
    <nd ref="8581221988"/>
    <nd ref="2700590343"/>
    <nd ref="8581221997"/>
    <nd ref="8581221995"/>
    <nd ref="8581221996"/>
    <nd ref="8581221998"/>
    <nd ref="2700590344"/>
    <nd ref="8581250977"/>
    <nd ref="8581221999"/>
    <nd ref="8581222000"/>
    <nd ref="2700590345"/>
    <nd ref="8581222002"/>
    <nd ref="8581222004"/>
    <nd ref="8581222003"/>
    <nd ref="8581222001"/>
    <nd ref="8581222006"/>
    <nd ref="8581222005"/>
    <nd ref="2700590347"/>
    <nd ref="8581222008"/>
    <nd ref="8581222009"/>
    <nd ref="8581222007"/>
    <nd ref="8581222027"/>
    <nd ref="8581222028"/>
    <nd ref="8581222029"/>
    <nd ref="8581222026"/>
    <nd ref="8581222030"/>
    <nd ref="8581222031"/>
    <nd ref="2700590348"/>
    <nd ref="8581222049"/>
    <nd ref="8581222048"/>
    <nd ref="8581222039"/>
    <nd ref="8581222044"/>
    <nd ref="8581222043"/>
    <nd ref="8581222042"/>
    <nd ref="8581222045"/>
    <nd ref="8581222047"/>
    <nd ref="8581222046"/>
    <nd ref="8581222040"/>
    <nd ref="8581222041"/>
    <nd ref="8581251126"/>
    <nd ref="2700590350"/>
    <nd ref="2700590351"/>
    <nd ref="8581222069"/>
    <nd ref="8581222068"/>
    <nd ref="8581222067"/>
    <nd ref="8581222066"/>
    <nd ref="2700590352"/>
    <nd ref="8581222065"/>
    <nd ref="8581222071"/>
    <nd ref="8581222074"/>
    <nd ref="8581222070"/>
    <nd ref="8581222073"/>
    <nd ref="8581222072"/>
    <nd ref="8581222064"/>
    <nd ref="10131052125"/>
    <nd ref="8581251148"/>
    <nd ref="2700590354"/>
    <nd ref="8581222063"/>
    <nd ref="8581222062"/>
    <nd ref="2700590355"/>
    <nd ref="8581222061"/>
    <nd ref="8581222060"/>
    <nd ref="2700590356"/>
    <nd ref="8581222059"/>
    <nd ref="8581222055"/>
    <nd ref="8581222056"/>
    <nd ref="8581222058"/>
    <nd ref="8581222057"/>
    <nd ref="8581222054"/>
    <nd ref="8581179072"/>
    <nd ref="8581179073"/>
    <nd ref="8581222050"/>
    <nd ref="8581222051"/>
    <nd ref="8581222053"/>
    <nd ref="8581222052"/>
    <nd ref="2700590358"/>
    <nd ref="8581222038"/>
    <nd ref="8581222037"/>
    <nd ref="8581222036"/>
    <nd ref="8581222035"/>
    <nd ref="8581222034"/>
    <nd ref="8581222032"/>
    <nd ref="8581222033"/>
    <nd ref="8581222022"/>
    <nd ref="8581222023"/>
    <nd ref="8581222025"/>
    <nd ref="8581222024"/>
    <nd ref="8581222021"/>
    <nd ref="8581222017"/>
    <nd ref="8581222020"/>
    <nd ref="8581222019"/>
    <nd ref="8581222018"/>
    <nd ref="2700590359"/>
    <nd ref="2700590362"/>
    <nd ref="8581222015"/>
    <nd ref="8581222016"/>
    <nd ref="2700590363"/>
    <nd ref="2700590365"/>
    <nd ref="10155345104"/>
    <nd ref="2700590367"/>
    <nd ref="2700590369"/>
    <nd ref="2700590371"/>
    <nd ref="8581222014"/>
    <nd ref="8581222013"/>
    <nd ref="8581222012"/>
    <nd ref="8581222011"/>
    <nd ref="8581222010"/>
    <nd ref="2700590372"/>
    <nd ref="8581221969"/>
    <nd ref="8581221970"/>
    <nd ref="8581221972"/>
    <nd ref="8581221973"/>
    <nd ref="8581221971"/>
    <nd ref="8581221954"/>
    <nd ref="8581221957"/>
    <nd ref="8581221956"/>
    <nd ref="8581221955"/>
    <nd ref="8581221952"/>
    <nd ref="8581221953"/>
    <nd ref="8581221946"/>
    <nd ref="8581221951"/>
    <nd ref="8581221950"/>
    <nd ref="8581221947"/>
    <nd ref="8581221949"/>
    <nd ref="8581221948"/>
    <nd ref="2700590374"/>
    <nd ref="8581221944"/>
    <nd ref="8581221945"/>
    <nd ref="8581221943"/>
    <nd ref="8581221936"/>
    <nd ref="8581221942"/>
    <nd ref="8581221941"/>
    <nd ref="8581221937"/>
    <nd ref="8581221940"/>
    <nd ref="8581221938"/>
    <nd ref="8581221939"/>
    <nd ref="2701277840"/>
    <nd ref="8581221935"/>
    <nd ref="8581221934"/>
    <nd ref="2701277836"/>
    <nd ref="8581221930"/>
    <nd ref="8581221933"/>
    <nd ref="8581221932"/>
    <nd ref="8581221931"/>
    <nd ref="368073580"/>
    <tag k="addr:state" v="IL"/>
    <tag k="building" v="dormitory"/>
    <tag k="ele" v="164"/>
    <tag k="gnis:feature_id" v="2467954"/>
    <tag k="name" v="Evergreen Residence Hall"/>
    <tag k="source" v="USGS Geonames"/>
  </way>
  <way id="327529004" version="9" timestamp="2024-06-26T00:04:03Z" uid="12955846" user="JakeEdwardsville" changeset="153179190">
    <nd ref="11057851816"/>
    <nd ref="6967680631"/>
    <nd ref="6967680632"/>
    <nd ref="12010736156"/>
    <nd ref="11057851884"/>
    <nd ref="11057851891"/>
    <nd ref="11057851885"/>
    <nd ref="11057851892"/>
    <nd ref="11057851890"/>
    <nd ref="11057851886"/>
    <nd ref="11057851889"/>
    <nd ref="6967680633"/>
    <nd ref="11057851888"/>
    <nd ref="11057851887"/>
    <nd ref="8670947175"/>
    <nd ref="12010736159"/>
    <nd ref="2531718387"/>
    <tag k="highway" v="footway"/>
    <tag k="surface" v="concrete"/>
  </way>
  <way id="327529006" version="3" timestamp="2021-08-04T23:09:44Z" uid="12955846" user="JakeEdwardsville" changeset="109167274">
    <nd ref="3343199739"/>
    <nd ref="3343199734"/>
    <tag k="highway" v="footway"/>
  </way>
  <way id="327529007" version="4" timestamp="2021-08-04T23:09:44Z" uid="12955846" user="JakeEdwardsville" changeset="109167274">
    <nd ref="3343199734"/>
    <nd ref="8981474201"/>
    <nd ref="5748988800"/>
    <nd ref="3343199735"/>
    <tag k="bridge" v="yes"/>
    <tag k="highway" v="footway"/>
  </way>
  <way id="327529008" version="4" timestamp="2021-08-10T19:41:43Z" uid="12955846" user="JakeEdwardsville" changeset="109481746">
    <nd ref="3343199735"/>
    <nd ref="8996883046"/>
    <nd ref="3343199736"/>
    <nd ref="6967680630"/>
    <tag k="highway" v="footway"/>
  </way>
  <way id="327529011" version="5" timestamp="2023-07-21T03:15:06Z" uid="12955846" user="JakeEdwardsville" changeset="138791090">
    <nd ref="8713426826"/>
    <nd ref="3343199748"/>
    <nd ref="3343199749"/>
    <nd ref="3343199750"/>
    <nd ref="3343199751"/>
    <nd ref="8981474203"/>
    <nd ref="8981474205"/>
    <nd ref="8981474204"/>
    <nd ref="8981474202"/>
    <nd ref="3343199734"/>
    <nd ref="8981482091"/>
    <nd ref="3343199752"/>
    <nd ref="3343199753"/>
    <tag k="highway" v="footway"/>
  </way>
  <way id="437063197" version="4" timestamp="2021-08-07T19:14:02Z" uid="12955846" user="JakeEdwardsville" changeset="109322874">
    <nd ref="8988514394"/>
    <nd ref="2699932625"/>
    <nd ref="8944461258"/>
    <nd ref="8944461259"/>
    <nd ref="8944461260"/>
    <nd ref="2699932621"/>
    <nd ref="2699932623"/>
    <nd ref="2699932622"/>
    <tag k="highway" v="footway"/>
  </way>
  <way id="446773963" version="7" timestamp="2022-10-31T02:55:08Z" uid="17481238" user="TetragnathaPlanata" changeset="128272175">
    <nd ref="4440096896"/>
    <nd ref="4440096897"/>
    <nd ref="4440096898"/>
    <nd ref="8990440714"/>
    <nd ref="4440096899"/>
    <nd ref="4440096900"/>
    <nd ref="4440096901"/>
    <nd ref="4440096902"/>
    <nd ref="4440096903"/>
    <nd ref="4440096904"/>
    <nd ref="4440096905"/>
    <nd ref="4440096906"/>
    <nd ref="4440096907"/>
    <nd ref="8623776527"/>
    <nd ref="8623776528"/>
    <nd ref="8623776526"/>
    <nd ref="4440096908"/>
    <nd ref="4440096896"/>
    <tag k="addr:city" v="Edwardville"/>
    <tag k="addr:housenumber" v="81"/>
    <tag k="addr:postcode" v="62026"/>
    <tag k="addr:state" v="IL"/>
    <tag k="addr:street" v="Circle Drive"/>
    <tag k="amenity" v="community_centre"/>
    <tag k="building" v="yes"/>
    <tag k="name" v="The Center for Spirituality &amp; Sustainability"/>
    <tag k="website" v="https://www.fullerdome.org/"/>
  </way>
  <way id="468370992" version="8" timestamp="2024-03-20T19:39:10Z" uid="19598846" user="wesleyote" changeset="148931113">
    <nd ref="6967748017"/>
    <nd ref="8623729714"/>
    <nd ref="6967748021"/>
    <nd ref="8623729715"/>
    <nd ref="6967748019"/>
    <nd ref="6967748020"/>
    <nd ref="8623776517"/>
    <nd ref="8623729716"/>
    <nd ref="6967748022"/>
    <nd ref="6967748018"/>
    <nd ref="6967748013"/>
    <nd ref="8623776519"/>
    <nd ref="8623776518"/>
    <nd ref="8623776520"/>
    <nd ref="6967748028"/>
    <nd ref="6967748029"/>
    <nd ref="8623776521"/>
    <nd ref="6967748030"/>
    <nd ref="8623776522"/>
    <nd ref="6967748031"/>
    <nd ref="6967748032"/>
    <nd ref="6967748033"/>
    <nd ref="6967748034"/>
    <nd ref="6967748035"/>
    <nd ref="6967748036"/>
    <nd ref="8642099922"/>
    <nd ref="6967748037"/>
    <nd ref="6967748038"/>
    <nd ref="6967748039"/>
    <nd ref="6967748040"/>
    <nd ref="6967748041"/>
    <nd ref="6967748042"/>
    <nd ref="6967748043"/>
    <nd ref="6967748046"/>
    <nd ref="6967748045"/>
    <nd ref="6967748044"/>
    <nd ref="6967748048"/>
    <nd ref="6967748047"/>
    <nd ref="4629050587"/>
    <nd ref="6967748012"/>
    <nd ref="8623776523"/>
    <nd ref="8990440683"/>
    <nd ref="8990440688"/>
    <nd ref="8990440689"/>
    <nd ref="8990440692"/>
    <nd ref="4629051689"/>
    <nd ref="4629051693"/>
    <nd ref="4629051692"/>
    <nd ref="6967748000"/>
    <nd ref="8623776524"/>
    <nd ref="8623776525"/>
    <nd ref="6967748001"/>
    <nd ref="8623729706"/>
    <nd ref="8848886543"/>
    <nd ref="8848886544"/>
    <nd ref="8848886547"/>
    <nd ref="6967748017"/>
    <tag k="addr:city" v="Edwardville"/>
    <tag k="addr:housenumber" v="75"/>
    <tag k="addr:postcode" v="62026"/>
    <tag k="addr:state" v="IL"/>
    <tag k="addr:street" v="Circle Drive"/>
    <tag k="building" v="university"/>
    <tag k="building:levels" v="2"/>
    <tag k="check_date" v="2024-03-20"/>
    <tag k="name" v="Art and Design East"/>
  </way>
  <way id="468372019" version="7" timestamp="2025-11-04T21:21:48Z" uid="19598846" user="wesleyote" changeset="174214048">
    <nd ref="4629056884"/>
    <nd ref="4629056040"/>
    <nd ref="4629056885"/>
    <nd ref="4629056038"/>
    <nd ref="6967748025"/>
    <nd ref="6150132474"/>
    <nd ref="4629056886"/>
    <nd ref="4629056041"/>
    <nd ref="2531718114"/>
    <nd ref="13281461756"/>
    <tag k="highway" v="footway"/>
    <tag k="surface" v="concrete"/>
  </way>
  <way id="468372243" version="5" timestamp="2024-01-17T22:21:10Z" uid="19598846" user="wesleyote" changeset="146383197">
    <nd ref="4629056044"/>
    <nd ref="8976136415"/>
    <nd ref="8642041842"/>
    <nd ref="6150132473"/>
    <nd ref="4629056038"/>
    <tag k="highway" v="footway"/>
    <tag k="surface" v="concrete"/>
  </way>
  <way id="468373315" version="5" timestamp="2021-08-03T16:44:04Z" uid="12955846" user="JakeEdwardsville" changeset="109104970">
    <nd ref="4629069613"/>
    <nd ref="8977694862"/>
    <nd ref="4629069614"/>
    <nd ref="6967680641"/>
    <nd ref="6967680640"/>
    <nd ref="6967680639"/>
    <nd ref="4629069625"/>
    <nd ref="8848886535"/>
    <nd ref="8848886538"/>
    <nd ref="4629069623"/>
    <nd ref="4629069622"/>
    <nd ref="4629069621"/>
    <nd ref="6967680638"/>
    <nd ref="8848886534"/>
    <nd ref="6967680647"/>
    <nd ref="8848886532"/>
    <nd ref="8848886533"/>
    <nd ref="6967680649"/>
    <nd ref="8848886531"/>
    <nd ref="8848886529"/>
    <nd ref="8848886530"/>
    <nd ref="4629069618"/>
    <nd ref="8848886528"/>
    <nd ref="6967680648"/>
    <nd ref="4629069615"/>
    <nd ref="6967680652"/>
    <nd ref="6967680651"/>
    <nd ref="4629069616"/>
    <nd ref="4629069624"/>
    <nd ref="6967680646"/>
    <nd ref="8977694861"/>
    <nd ref="4629069617"/>
    <nd ref="8848886527"/>
    <nd ref="6967680645"/>
    <nd ref="8848886526"/>
    <nd ref="8848886525"/>
    <nd ref="6967680644"/>
    <nd ref="8848886524"/>
    <nd ref="8848886522"/>
    <nd ref="8848886523"/>
    <nd ref="6967680642"/>
    <nd ref="6967680643"/>
    <nd ref="4629069613"/>
    <tag k="addr:city" v="Edwardville"/>
    <tag k="addr:housenumber" v="44"/>
    <tag k="addr:postcode" v="62026"/>
    <tag k="addr:state" v="IL"/>
    <tag k="addr:street" v="Circle Drive"/>
    <tag k="building" v="university"/>
    <tag k="name" v="Science Building West"/>
  </way>
  <way id="468699696" version="5" timestamp="2023-06-03T16:22:44Z" uid="12955846" user="JakeEdwardsville" changeset="136908382">
    <nd ref="4631801499"/>
    <nd ref="4631801500"/>
    <nd ref="8713443375"/>
    <nd ref="8713443378"/>
    <nd ref="8713443377"/>
    <nd ref="8713443376"/>
    <nd ref="4631801501"/>
    <nd ref="4631801502"/>
    <nd ref="8713443379"/>
    <nd ref="8713443380"/>
    <nd ref="4631801503"/>
    <nd ref="8713443381"/>
    <nd ref="8713443384"/>
    <nd ref="8713443383"/>
    <nd ref="8713443382"/>
    <nd ref="4631801504"/>
    <nd ref="8713443385"/>
    <nd ref="8713443386"/>
    <nd ref="8713443387"/>
    <nd ref="4631801505"/>
    <nd ref="8713443388"/>
    <nd ref="8713443390"/>
    <nd ref="8713443391"/>
    <nd ref="8713443389"/>
    <nd ref="4631801499"/>
    <tag k="addr:city" v="Edwardsville"/>
    <tag k="addr:housenumber" v="795"/>
    <tag k="addr:postcode" v="62026"/>
    <tag k="addr:state" v="IL"/>
    <tag k="addr:street" v="Northwest University Drive"/>
    <tag k="building" v="university"/>
    <tag k="building:levels" v="1"/>
    <tag k="name" v="Early Childhood Center"/>
  </way>
  <way id="468699705" version="4" timestamp="2021-08-07T20:11:04Z" uid="12955846" user="JakeEdwardsville" changeset="109324325">
    <nd ref="4631801515"/>
    <nd ref="4631801516"/>
    <nd ref="8881535933"/>
    <nd ref="8881535934"/>
    <nd ref="8881535935"/>
    <nd ref="8881535936"/>
    <nd ref="8881535937"/>
    <nd ref="8881535931"/>
    <nd ref="8881535930"/>
    <nd ref="8670810382"/>
    <nd ref="8881535929"/>
    <nd ref="8881535932"/>
    <nd ref="4631801519"/>
    <nd ref="8881535947"/>
    <nd ref="8881535946"/>
    <nd ref="4631801520"/>
    <nd ref="4631801521"/>
    <nd ref="8881535945"/>
    <nd ref="8881535944"/>
    <nd ref="4631801522"/>
    <nd ref="8881535943"/>
    <nd ref="8881535942"/>
    <nd ref="8881535941"/>
    <nd ref="8881535940"/>
    <nd ref="4631801523"/>
    <nd ref="8881535939"/>
    <nd ref="8881535948"/>
    <nd ref="8881535949"/>
    <nd ref="8881535938"/>
    <nd ref="4631801515"/>
    <tag k="addr:city" v="Edwardsville"/>
    <tag k="addr:housenumber" v="200"/>
    <tag k="addr:postcode" v="62026"/>
    <tag k="addr:state" v="IL"/>
    <tag k="addr:street" v="North Research Drive"/>
    <tag k="building" v="university"/>
    <tag k="building:levels" v="2"/>
  </way>
  <way id="468699709" version="5" timestamp="2022-11-03T19:26:48Z" uid="7261026" user="Falkner09" changeset="128452874">
    <nd ref="4631801524"/>
    <nd ref="4631801525"/>
    <nd ref="4631801526"/>
    <nd ref="8571918435"/>
    <nd ref="10155361336"/>
    <nd ref="4631801527"/>
    <nd ref="8881535953"/>
    <nd ref="4631801528"/>
    <nd ref="4631801529"/>
    <nd ref="4631801530"/>
    <nd ref="8571918429"/>
    <nd ref="8881535955"/>
    <nd ref="8881535954"/>
    <nd ref="4631801531"/>
    <nd ref="4631801532"/>
    <nd ref="10155361337"/>
    <nd ref="8881535952"/>
    <nd ref="8881535951"/>
    <nd ref="4631801533"/>
    <nd ref="8881535950"/>
    <nd ref="4631801534"/>
    <nd ref="4631801524"/>
    <tag k="addr:city" v="Edd"/>
    <tag k="addr:housenumber" v="220"/>
    <tag k="addr:postcode" v="62026"/>
    <tag k="addr:state" v="IL"/>
    <tag k="addr:street" v="North Research Drive"/>
    <tag k="building" v="university"/>
    <tag k="building:levels" v="1"/>
    <tag k="name" v="School of Pharmacy Lab"/>
  </way>
  <way id="543895414" version="7" timestamp="2024-03-20T19:39:10Z" uid="19598846" user="wesleyote" changeset="148931113">
    <nd ref="8641988379"/>
    <nd ref="8641988380"/>
    <nd ref="5257718662"/>
    <nd ref="8641988381"/>
    <nd ref="8641988382"/>
    <nd ref="8641988387"/>
    <nd ref="8641988386"/>
    <nd ref="8642041827"/>
    <nd ref="2700590251"/>
    <nd ref="4627096695"/>
    <nd ref="2700590256"/>
    <nd ref="2700590258"/>
    <nd ref="2531718124"/>
    <nd ref="2700590262"/>
    <nd ref="2700590264"/>
    <nd ref="2700590265"/>
    <nd ref="2700590317"/>
    <nd ref="2700590266"/>
    <nd ref="2700590316"/>
    <nd ref="2700590268"/>
    <nd ref="2700590269"/>
    <nd ref="2700590270"/>
    <nd ref="8642041840"/>
    <nd ref="5465127364"/>
    <nd ref="5465127361"/>
    <nd ref="8977645051"/>
    <nd ref="5465127360"/>
    <nd ref="8641988393"/>
    <nd ref="8641988392"/>
    <nd ref="8641988391"/>
    <nd ref="8641988390"/>
    <nd ref="8641988389"/>
    <nd ref="8641988388"/>
    <nd ref="5465127359"/>
    <nd ref="2700590277"/>
    <nd ref="2700590279"/>
    <nd ref="2700590280"/>
    <nd ref="2700590281"/>
    <nd ref="2700590284"/>
    <nd ref="2700590286"/>
    <nd ref="2700590296"/>
    <nd ref="2700590299"/>
    <nd ref="4629056044"/>
    <nd ref="8642076074"/>
    <nd ref="8976086633"/>
    <nd ref="8976086617"/>
    <nd ref="2700590300"/>
    <nd ref="2700590301"/>
    <nd ref="2700590303"/>
    <nd ref="5465125916"/>
    <nd ref="8642041836"/>
    <nd ref="2700590304"/>
    <nd ref="8976086684"/>
    <nd ref="2700590305"/>
    <nd ref="2700590307"/>
    <nd ref="8641988397"/>
    <nd ref="8641988398"/>
    <nd ref="5465125919"/>
    <nd ref="8976086663"/>
    <nd ref="4633269817"/>
    <nd ref="4633269814"/>
    <nd ref="8642041830"/>
    <nd ref="8641988402"/>
    <nd ref="5465125888"/>
    <nd ref="8641988404"/>
    <nd ref="8641988405"/>
    <nd ref="8641988394"/>
    <nd ref="4633269815"/>
    <nd ref="4633269816"/>
    <nd ref="8641988395"/>
    <nd ref="8642041838"/>
    <nd ref="8641988396"/>
    <nd ref="2700590308"/>
    <nd ref="8642041846"/>
    <nd ref="8642041845"/>
    <nd ref="8642041851"/>
    <nd ref="2700590309"/>
    <nd ref="2700590311"/>
    <nd ref="8642041852"/>
    <nd ref="2700590315"/>
    <nd ref="8641988385"/>
    <nd ref="8641988383"/>
    <nd ref="8641988384"/>
    <nd ref="5257718660"/>
    <nd ref="5257718661"/>
    <nd ref="8641988378"/>
    <nd ref="8641988379"/>
    <tag k="addr:city" v="Edwardville"/>
    <tag k="addr:housenumber" v="61"/>
    <tag k="addr:postcode" v="62026"/>
    <tag k="addr:state" v="IL"/>
    <tag k="addr:street" v="Circle Drive"/>
    <tag k="building" v="university"/>
    <tag k="building:levels" v="3"/>
    <tag k="building:levels:underground" v="1"/>
    <tag k="check_date" v="2024-03-20"/>
    <tag k="name" v="Engineering Building"/>
  </way>
  <way id="549268875" version="2" timestamp="2022-10-31T19:45:45Z" uid="17481238" user="TetragnathaPlanata" changeset="128314426">
    <nd ref="2531713378"/>
    <nd ref="5305859907"/>
    <nd ref="2531713373"/>
    <tag k="highway" v="footway"/>
    <tag k="surface" v="paving_stones"/>
  </way>
  <way id="549268876" version="2" timestamp="2022-10-31T19:45:47Z" uid="17481238" user="TetragnathaPlanata" changeset="128314426">
    <nd ref="5305859907"/>
    <nd ref="5305859909"/>
    <nd ref="5305859908"/>
    <tag k="highway" v="footway"/>
    <tag k="surface" v="paving_stones"/>
  </way>
  <way id="549268877" version="4" timestamp="2022-10-31T19:45:42Z" uid="17481238" user="TetragnathaPlanata" changeset="128314426">
    <nd ref="5305859909"/>
    <nd ref="5371181991"/>
    <nd ref="6967747931"/>
    <nd ref="5305859910"/>
    <tag k="highway" v="footway"/>
    <tag k="surface" v="paving_stones"/>
  </way>
  <way id="549268878" version="4" timestamp="2022-11-02T17:03:40Z" uid="17481238" user="TetragnathaPlanata" changeset="128402599">
    <nd ref="5305859911"/>
    <nd ref="5465127184"/>
    <nd ref="5465127241"/>
    <nd ref="5305859914"/>
    <nd ref="5465127256"/>
    <nd ref="5465127152"/>
    <nd ref="8670750712"/>
    <tag k="highway" v="footway"/>
    <tag k="surface" v="paving_stones"/>
  </way>
  <way id="549268879" version="3" timestamp="2022-11-02T17:03:30Z" uid="17481238" user="TetragnathaPlanata" changeset="128402599">
    <nd ref="5305859913"/>
    <nd ref="5465127232"/>
    <nd ref="5305859914"/>
    <nd ref="5465127248"/>
    <nd ref="5465127182"/>
    <nd ref="5305859915"/>
    <tag k="highway" v="footway"/>
    <tag k="surface" v="paving_stones"/>
  </way>
  <way id="549268880" version="3" timestamp="2022-11-10T22:26:27Z" uid="17481238" user="TetragnathaPlanata" changeset="128753435">
    <nd ref="5305859916"/>
    <nd ref="5305859917"/>
    <tag k="highway" v="footway"/>
    <tag k="smoothness" v="excellent"/>
    <tag k="surface" v="concrete"/>
  </way>
  <way id="567906480" version="4" timestamp="2023-07-21T01:58:50Z" uid="12955846" user="JakeEdwardsville" changeset="138789957">
    <nd ref="5465127123"/>
    <nd ref="5465127124"/>
    <nd ref="8981473039"/>
    <nd ref="5465127125"/>
    <nd ref="11057851818"/>
    <nd ref="5465127126"/>
    <nd ref="8981473040"/>
    <nd ref="5465127123"/>
    <tag k="addr:city" v="Edwardville"/>
    <tag k="addr:housenumber" v="40"/>
    <tag k="addr:postcode" v="62026"/>
    <tag k="addr:state" v="IL"/>
    <tag k="addr:street" v="Hairpin Drive"/>
    <tag k="building" v="greenhouse"/>
  </way>
  <way id="567906489" version="3" timestamp="2022-11-02T17:03:45Z" uid="17481238" user="TetragnathaPlanata" changeset="128402599">
    <nd ref="5465127232"/>
    <nd ref="5465127233"/>
    <nd ref="5465127234"/>
    <nd ref="5465127235"/>
    <nd ref="8943000626"/>
    <nd ref="5465127236"/>
    <nd ref="8943000625"/>
    <nd ref="5465127237"/>
    <nd ref="8943000627"/>
    <nd ref="5465127238"/>
    <nd ref="5465127239"/>
    <nd ref="5465127240"/>
    <nd ref="5465127241"/>
    <nd ref="5465127243"/>
    <nd ref="5465127244"/>
    <nd ref="5465127245"/>
    <nd ref="5465127246"/>
    <nd ref="5465127247"/>
    <nd ref="5465127248"/>
    <nd ref="5465127249"/>
    <nd ref="5465127250"/>
    <nd ref="5465127264"/>
    <nd ref="5465127251"/>
    <nd ref="5465127252"/>
    <nd ref="5465127253"/>
    <nd ref="5465127254"/>
    <nd ref="5465127255"/>
    <nd ref="8943000628"/>
    <nd ref="5465127256"/>
    <nd ref="5465127257"/>
    <nd ref="5465127258"/>
    <tag k="highway" v="footway"/>
    <tag k="surface" v="paving_stones"/>
  </way>
  <way id="567906490" version="2" timestamp="2022-11-02T17:03:36Z" uid="17481238" user="TetragnathaPlanata" changeset="128402599">
    <nd ref="5465127258"/>
    <nd ref="5465127259"/>
    <nd ref="5465127260"/>
    <nd ref="5465127261"/>
    <nd ref="5465127262"/>
    <nd ref="5465127263"/>
    <nd ref="5465127232"/>
    <tag k="highway" v="footway"/>
    <tag k="surface" v="paving_stones"/>
  </way>
  <way id="656550597" version="3" timestamp="2024-01-17T22:20:53Z" uid="19598846" user="wesleyote" changeset="146383197">
    <nd ref="4629056041"/>
    <nd ref="4629056042"/>
    <nd ref="6150132473"/>
    <nd ref="4629056040"/>
    <tag k="highway" v="footway"/>
    <tag k="surface" v="concrete"/>
  </way>
  <way id="656550598" version="4" timestamp="2024-01-17T22:21:03Z" uid="19598846" user="wesleyote" changeset="146383197">
    <nd ref="2531718120"/>
    <nd ref="8976136414"/>
    <nd ref="6150132474"/>
    <nd ref="4629056042"/>
    <nd ref="8642041841"/>
    <nd ref="8976136416"/>
    <nd ref="4629056044"/>
    <tag k="highway" v="footway"/>
    <tag k="surface" v="concrete"/>
  </way>
  <way id="744478077" version="4" timestamp="2023-07-21T01:58:50Z" uid="12955846" user="JakeEdwardsville" changeset="138789957">
    <nd ref="6967680619"/>
    <nd ref="6967680620"/>
    <nd ref="6967680621"/>
    <nd ref="6967680622"/>
    <nd ref="6967680623"/>
    <nd ref="8981482099"/>
    <nd ref="6967680624"/>
    <nd ref="8981482100"/>
    <nd ref="11057851820"/>
    <nd ref="6967680625"/>
    <nd ref="8981482101"/>
    <nd ref="8571987198"/>
    <nd ref="6967680626"/>
    <nd ref="6967680627"/>
    <nd ref="6967680628"/>
    <nd ref="6967680630"/>
    <tag k="highway" v="footway"/>
  </way>
  <way id="744478078" version="1" timestamp="2019-11-11T22:17:01Z" uid="7261026" user="Falkner09" changeset="76932193">
    <nd ref="2531718388"/>
    <nd ref="6967680653"/>
    <tag k="highway" v="footway"/>
  </way>
  <way id="744478080" version="1" timestamp="2019-11-11T22:17:01Z" uid="7261026" user="Falkner09" changeset="76932193">
    <nd ref="6967680654"/>
    <nd ref="6967680655"/>
    <tag k="highway" v="footway"/>
  </way>
  <way id="744487276" version="3" timestamp="2021-03-29T14:28:02Z" uid="12943990" user="no1no2no3no4" changeset="101923937">
    <nd ref="6967733065"/>
    <nd ref="6967733066"/>
    <nd ref="6967733067"/>
    <nd ref="6967733068"/>
    <nd ref="6967733069"/>
    <nd ref="8571987161"/>
    <tag k="highway" v="footway"/>
  </way>
  <way id="744487281" version="4" timestamp="2021-08-04T22:58:55Z" uid="12955846" user="JakeEdwardsville" changeset="109167131">
    <nd ref="8669979620"/>
    <nd ref="8669979630"/>
    <nd ref="8669979621"/>
    <nd ref="2531715807"/>
    <nd ref="8669979622"/>
    <nd ref="8669979623"/>
    <nd ref="8669979624"/>
    <nd ref="8669979625"/>
    <nd ref="8669979626"/>
    <nd ref="8669979627"/>
    <nd ref="8669979628"/>
    <nd ref="8669979629"/>
    <nd ref="2531715792"/>
    <nd ref="8981462806"/>
    <nd ref="8981462807"/>
    <nd ref="8981462808"/>
    <nd ref="8981462809"/>
    <nd ref="8981462810"/>
    <nd ref="8981462811"/>
    <nd ref="8981462812"/>
    <nd ref="8981462813"/>
    <nd ref="8981462814"/>
    <nd ref="8981462815"/>
    <nd ref="8981462816"/>
    <nd ref="8981472617"/>
    <nd ref="8981472618"/>
    <nd ref="8981472619"/>
    <nd ref="8981472620"/>
    <nd ref="8981472621"/>
    <tag k="footway" v="sidewalk"/>
    <tag k="highway" v="footway"/>
  </way>
  <way id="744487285" version="4" timestamp="2025-11-04T21:21:12Z" uid="19598846" user="wesleyote" changeset="174214048">
    <nd ref="6967748025"/>
    <nd ref="8642099920"/>
    <nd ref="6967748027"/>
    <nd ref="2531718120"/>
    <tag k="highway" v="footway"/>
    <tag k="surface" v="concrete"/>
  </way>
  <way id="762261793" version="8" timestamp="2022-11-09T17:37:49Z" uid="17481238" user="TetragnathaPlanata" changeset="128697263">
    <nd ref="7122387480"/>
    <nd ref="8976136391"/>
    <nd ref="7122387481"/>
    <nd ref="8976136388"/>
    <nd ref="8976136390"/>
    <nd ref="7122387482"/>
    <nd ref="8976136389"/>
    <nd ref="8976136387"/>
    <nd ref="7122387483"/>
    <nd ref="7122387484"/>
    <tag k="highway" v="footway"/>
    <tag k="smoothness" v="good"/>
    <tag k="surface" v="asphalt"/>
  </way>
  <way id="813159674" version="6" timestamp="2022-11-02T16:59:52Z" uid="17481238" user="TetragnathaPlanata" changeset="128402599">
    <nd ref="8670810354"/>
    <nd ref="8670810344"/>
    <nd ref="8670810345"/>
    <nd ref="8670810346"/>
    <nd ref="8670810347"/>
    <nd ref="8670810348"/>
    <nd ref="8670810349"/>
    <nd ref="8670810350"/>
    <nd ref="8670810351"/>
    <nd ref="8670810352"/>
    <nd ref="8670810353"/>
    <nd ref="8670810354"/>
    <tag k="footway" v="sidewalk"/>
    <tag k="highway" v="footway"/>
    <tag k="surface" v="concrete"/>
  </way>
  <way id="923399996" version="1" timestamp="2021-03-29T14:03:35Z" uid="12943990" user="no1no2no3no4" changeset="101922851">
    <nd ref="8571918416"/>
    <nd ref="8571918417"/>
    <nd ref="8571918430"/>
    <nd ref="8571918418"/>
    <nd ref="8571918419"/>
    <nd ref="8571918420"/>
    <nd ref="8571918421"/>
    <nd ref="8571918422"/>
    <nd ref="8571918423"/>
    <nd ref="8571918424"/>
    <nd ref="8571918425"/>
    <nd ref="8571918426"/>
    <nd ref="8571918427"/>
    <nd ref="8571918428"/>
    <nd ref="8571918429"/>
    <tag k="highway" v="footway"/>
  </way>
  <way id="923402922" version="6" timestamp="2025-10-27T03:02:43Z" uid="22570471" user="seateaeye" changeset="173818637">
    <nd ref="13260664817"/>
    <nd ref="8571940753"/>
    <nd ref="13260664816"/>
    <tag k="crossing" v="uncontrolled"/>
    <tag k="crossing:markings" v="yes"/>
    <tag k="footway" v="crossing"/>
    <tag k="highway" v="footway"/>
    <tag k="smoothness" v="excellent"/>
    <tag k="surface" v="asphalt"/>
  </way>
  <way id="923402923" version="4" timestamp="2025-08-08T18:05:26Z" uid="22659674" user="AG1700" changeset="170169414">
    <nd ref="2531713306"/>
    <nd ref="8571940754"/>
    <nd ref="8944478958"/>
    <tag k="crossing" v="marked"/>
    <tag k="crossing:markings" v="yes"/>
    <tag k="footway" v="crossing"/>
    <tag k="highway" v="footway"/>
    <tag k="surface" v="asphalt"/>
  </way>
  <way id="923402924" version="4" timestamp="2025-08-08T18:05:26Z" uid="22659674" user="AG1700" changeset="170169414">
    <nd ref="2531713308"/>
    <nd ref="236532278"/>
    <nd ref="236532432"/>
    <nd ref="8571940755"/>
    <tag k="crossing" v="marked"/>
    <tag k="crossing:markings" v="yes"/>
    <tag k="footway" v="crossing"/>
    <tag k="highway" v="footway"/>
    <tag k="smoothness" v="good"/>
    <tag k="surface" v="asphalt"/>
  </way>
  <way id="923402925" version="3" timestamp="2025-08-08T18:05:26Z" uid="22659674" user="AG1700" changeset="170169414">
    <nd ref="2531713305"/>
    <nd ref="8571940757"/>
    <nd ref="8571940756"/>
    <tag k="crossing" v="marked"/>
    <tag k="crossing:markings" v="yes"/>
    <tag k="footway" v="crossing"/>
    <tag k="highway" v="footway"/>
    <tag k="surface" v="asphalt"/>
  </way>
  <way id="923402926" version="2" timestamp="2025-08-08T18:05:26Z" uid="22659674" user="AG1700" changeset="170169414">
    <nd ref="2531713310"/>
    <nd ref="8571940759"/>
    <nd ref="8571940758"/>
    <tag k="crossing" v="marked"/>
    <tag k="crossing:markings" v="yes"/>
    <tag k="footway" v="crossing"/>
    <tag k="highway" v="footway"/>
  </way>
  <way id="923402927" version="4" timestamp="2025-11-07T01:25:27Z" uid="19598846" user="wesleyote" changeset="174312866">
    <nd ref="13260664820"/>
    <nd ref="8571940762"/>
    <nd ref="8571940761"/>
    <nd ref="13260664827"/>
    <tag k="crossing" v="uncontrolled"/>
    <tag k="crossing:markings" v="ladder"/>
    <tag k="footway" v="crossing"/>
    <tag k="highway" v="footway"/>
    <tag k="surface" v="asphalt"/>
  </way>
  <way id="923402928" version="4" timestamp="2025-11-07T01:25:26Z" uid="19598846" user="wesleyote" changeset="174312866">
    <nd ref="13260664821"/>
    <nd ref="236532954"/>
    <nd ref="8571940764"/>
    <nd ref="13260664828"/>
    <tag k="crossing" v="uncontrolled"/>
    <tag k="crossing:markings" v="ladder"/>
    <tag k="footway" v="crossing"/>
    <tag k="highway" v="footway"/>
    <tag k="surface" v="asphalt"/>
  </way>
  <way id="923402929" version="4" timestamp="2025-10-27T03:02:43Z" uid="22570471" user="seateaeye" changeset="173818637">
    <nd ref="13260664848"/>
    <nd ref="8571940765"/>
    <nd ref="8988514729"/>
    <tag k="crossing" v="marked"/>
    <tag k="crossing:markings" v="yes"/>
    <tag k="footway" v="crossing"/>
    <tag k="highway" v="footway"/>
  </way>
  <way id="923408116" version="3" timestamp="2025-08-08T18:05:26Z" uid="22659674" user="AG1700" changeset="170169414">
    <nd ref="2531719201"/>
    <nd ref="8571987143"/>
    <tag k="crossing" v="marked"/>
    <tag k="crossing:markings" v="yes"/>
    <tag k="footway" v="crossing"/>
    <tag k="highway" v="footway"/>
  </way>
  <way id="923408117" version="1" timestamp="2021-03-29T14:28:02Z" uid="12943990" user="no1no2no3no4" changeset="101923937">
    <nd ref="8571987142"/>
    <nd ref="8571987144"/>
    <tag k="highway" v="footway"/>
  </way>
  <way id="923408118" version="2" timestamp="2025-08-08T18:05:26Z" uid="22659674" user="AG1700" changeset="170169414">
    <nd ref="8571987144"/>
    <nd ref="8571987146"/>
    <nd ref="8571987145"/>
    <tag k="crossing" v="marked"/>
    <tag k="crossing:markings" v="yes"/>
    <tag k="footway" v="crossing"/>
    <tag k="highway" v="footway"/>
  </way>
  <way id="923408119" version="2" timestamp="2021-08-07T19:14:02Z" uid="12955846" user="JakeEdwardsville" changeset="109322874">
    <nd ref="8571987145"/>
    <nd ref="8988514269"/>
    <nd ref="7595582777"/>
    <tag k="highway" v="footway"/>
  </way>
  <way id="923408120" version="2" timestamp="2023-07-21T01:58:50Z" uid="12955846" user="JakeEdwardsville" changeset="138789957">
    <nd ref="11057851904"/>
    <nd ref="11057851903"/>
    <nd ref="11057851925"/>
    <nd ref="11057851924"/>
    <nd ref="8571987147"/>
    <tag k="highway" v="footway"/>
  </way>
  <way id="923408121" version="2" timestamp="2023-07-22T22:53:20Z" uid="12955846" user="JakeEdwardsville" changeset="138873773">
    <nd ref="2531718405"/>
    <nd ref="8571940770"/>
    <nd ref="8571987160"/>
    <tag k="crossing" v="marked"/>
    <tag k="crossing:markings" v="yes"/>
    <tag k="footway" v="crossing"/>
    <tag k="highway" v="footway"/>
  </way>
  <way id="923408122" version="2" timestamp="2023-07-22T22:53:20Z" uid="12955846" user="JakeEdwardsville" changeset="138873773">
    <nd ref="8571987161"/>
    <nd ref="8571940769"/>
    <nd ref="2531718410"/>
    <tag k="crossing" v="marked"/>
    <tag k="crossing:markings" v="yes"/>
    <tag k="footway" v="crossing"/>
    <tag k="highway" v="footway"/>
  </way>
  <way id="923408123" version="5" timestamp="2024-03-16T20:18:31Z" uid="313111" user="melcomsx" changeset="148748581">
    <nd ref="6967733069"/>
    <nd ref="8571987174"/>
    <nd ref="8571987166"/>
    <nd ref="8571987189"/>
    <tag k="highway" v="footway"/>
  </way>
  <way id="923408124" version="2" timestamp="2021-07-23T21:45:00Z" uid="12955846" user="JakeEdwardsville" changeset="108514219">
    <nd ref="8571987166"/>
    <nd ref="8571987170"/>
    <nd ref="8571987171"/>
    <nd ref="8571987172"/>
    <tag k="highway" v="footway"/>
  </way>
  <way id="923408125" version="2" timestamp="2021-07-23T21:45:00Z" uid="12955846" user="JakeEdwardsville" changeset="108514219">
    <nd ref="8571987171"/>
    <nd ref="8571987173"/>
    <nd ref="8571987174"/>
    <tag k="highway" v="footway"/>
  </way>
  <way id="923408128" version="3" timestamp="2024-03-16T20:18:31Z" uid="313111" user="melcomsx" changeset="148748581">
    <nd ref="8571987166"/>
    <nd ref="8571987176"/>
    <nd ref="8571987188"/>
    <tag k="highway" v="footway"/>
  </way>
  <way id="923408129" version="2" timestamp="2021-07-23T21:45:00Z" uid="12955846" user="JakeEdwardsville" changeset="108514219">
    <nd ref="8571987176"/>
    <nd ref="8571987190"/>
    <nd ref="2700000748"/>
    <tag k="highway" v="footway"/>
  </way>
  <way id="923408130" version="1" timestamp="2021-03-29T14:28:02Z" uid="12943990" user="no1no2no3no4" changeset="101923937">
    <nd ref="3343199740"/>
    <nd ref="8571987190"/>
    <tag k="highway" v="footway"/>
  </way>
  <way id="923408131" version="1" timestamp="2021-03-29T14:28:02Z" uid="12943990" user="no1no2no3no4" changeset="101923937">
    <nd ref="6967680627"/>
    <nd ref="8571987192"/>
    <nd ref="8571987201"/>
    <nd ref="8571987193"/>
    <nd ref="8571987194"/>
    <nd ref="8571987195"/>
    <nd ref="8571987196"/>
    <nd ref="8571987197"/>
    <tag k="highway" v="footway"/>
  </way>
  <way id="923408132" version="2" timestamp="2021-08-04T23:09:44Z" uid="12955846" user="JakeEdwardsville" changeset="109167274">
    <nd ref="8571987198"/>
    <nd ref="8571987201"/>
    <tag k="highway" v="footway"/>
  </way>
  <way id="923408133" version="1" timestamp="2021-03-29T14:28:02Z" uid="12943990" user="no1no2no3no4" changeset="101923937">
    <nd ref="8571987197"/>
    <nd ref="8571987202"/>
    <tag k="crossing" v="marked"/>
    <tag k="footway" v="crossing"/>
    <tag k="highway" v="footway"/>
  </way>
  <way id="923408134" version="2" timestamp="2023-07-21T01:58:50Z" uid="12955846" user="JakeEdwardsville" changeset="138789957">
    <nd ref="8571987202"/>
    <nd ref="11057851894"/>
    <nd ref="11057851899"/>
    <nd ref="11057851900"/>
    <nd ref="11057851902"/>
    <nd ref="6967680637"/>
    <tag k="highway" v="footway"/>
  </way>
  <way id="923408142" version="1" timestamp="2021-03-29T14:28:02Z" uid="12943990" user="no1no2no3no4" changeset="101923937">
    <nd ref="2531718135"/>
    <nd ref="8571987328"/>
    <nd ref="8571987324"/>
    <tag k="crossing" v="marked"/>
    <tag k="footway" v="crossing"/>
    <tag k="highway" v="footway"/>
  </way>
  <way id="923408143" version="1" timestamp="2021-03-29T14:28:02Z" uid="12943990" user="no1no2no3no4" changeset="101923937">
    <nd ref="8571987324"/>
    <nd ref="8571987325"/>
    <tag k="highway" v="footway"/>
  </way>
  <way id="923408144" version="1" timestamp="2021-03-29T14:28:02Z" uid="12943990" user="no1no2no3no4" changeset="101923937">
    <nd ref="8571987325"/>
    <nd ref="8571987329"/>
    <nd ref="8571987326"/>
    <tag k="crossing" v="marked"/>
    <tag k="footway" v="crossing"/>
    <tag k="highway" v="footway"/>
  </way>
  <way id="923408145" version="3" timestamp="2023-07-21T01:58:50Z" uid="12955846" user="JakeEdwardsville" changeset="138789957">
    <nd ref="8571987326"/>
    <nd ref="8571987327"/>
    <nd ref="2531718162"/>
    <tag k="highway" v="footway"/>
  </way>
  <way id="923995795" version="1" timestamp="2021-03-31T01:08:32Z" uid="12955846" user="JakeEdwardsville" changeset="102014343">
    <nd ref="8577192126"/>
    <nd ref="8577192127"/>
    <nd ref="8577192128"/>
    <nd ref="8577192129"/>
    <nd ref="8577227774"/>
    <nd ref="8577227773"/>
    <nd ref="8577227772"/>
    <nd ref="8577192130"/>
    <nd ref="8577227779"/>
    <nd ref="8577227778"/>
    <nd ref="8577227777"/>
    <nd ref="8577227776"/>
    <nd ref="8577227775"/>
    <nd ref="8577227780"/>
    <nd ref="8577227781"/>
    <nd ref="8577227765"/>
    <nd ref="8577227766"/>
    <nd ref="8577227767"/>
    <nd ref="8577227768"/>
    <nd ref="8577227769"/>
    <nd ref="8577227770"/>
    <nd ref="8577227771"/>
    <nd ref="8577227764"/>
    <nd ref="8577192131"/>
    <nd ref="8577192132"/>
    <nd ref="8577192133"/>
    <nd ref="8577192134"/>
    <nd ref="8577192135"/>
    <nd ref="8577192136"/>
    <nd ref="8577192137"/>
    <nd ref="8577192138"/>
    <nd ref="8577192139"/>
    <nd ref="8577192140"/>
    <nd ref="8577192141"/>
    <nd ref="8577192142"/>
    <nd ref="8577192143"/>
    <nd ref="8577192144"/>
    <nd ref="8577192145"/>
    <nd ref="8577192146"/>
    <nd ref="8577192147"/>
    <nd ref="8577192148"/>
    <nd ref="8577192149"/>
    <nd ref="8577192150"/>
    <nd ref="8577192151"/>
    <nd ref="8577192152"/>
    <nd ref="8577192153"/>
    <nd ref="8577192154"/>
    <nd ref="8577192155"/>
    <nd ref="8577192156"/>
    <nd ref="8577192157"/>
    <nd ref="8577192158"/>
    <nd ref="8577192159"/>
    <nd ref="8577192160"/>
    <nd ref="8577192161"/>
    <nd ref="8577192162"/>
    <nd ref="8577192163"/>
    <nd ref="8577192164"/>
    <nd ref="8577192165"/>
    <nd ref="8577192166"/>
    <nd ref="8577192167"/>
    <nd ref="8577192168"/>
    <nd ref="8577192169"/>
    <nd ref="8577192170"/>
    <nd ref="8577192171"/>
    <nd ref="8577192172"/>
    <nd ref="8577192173"/>
    <nd ref="8577192174"/>
    <nd ref="8577192175"/>
    <nd ref="8577192176"/>
    <nd ref="8577192177"/>
    <nd ref="8577192178"/>
    <nd ref="8577192179"/>
    <nd ref="8577192180"/>
    <nd ref="8577192181"/>
    <nd ref="8577192182"/>
    <nd ref="8577192183"/>
    <nd ref="8577192184"/>
    <nd ref="8577192185"/>
    <nd ref="8577192186"/>
    <nd ref="8577192187"/>
    <nd ref="8577192188"/>
    <nd ref="8577192189"/>
    <nd ref="8577192190"/>
    <nd ref="8577192191"/>
    <nd ref="8577192192"/>
    <nd ref="8577192193"/>
    <nd ref="8577192194"/>
    <nd ref="8577192195"/>
    <nd ref="8577192196"/>
    <nd ref="8577192197"/>
    <nd ref="8577192198"/>
    <nd ref="8577192199"/>
    <nd ref="8577192200"/>
    <nd ref="8577192201"/>
    <nd ref="8577192202"/>
    <nd ref="8577192203"/>
    <nd ref="8577192204"/>
    <nd ref="8577192205"/>
    <nd ref="8577192206"/>
    <nd ref="8577192207"/>
    <nd ref="8577192208"/>
    <nd ref="8577192209"/>
    <nd ref="8577192210"/>
    <nd ref="8577192211"/>
    <nd ref="8577192212"/>
    <nd ref="8577192213"/>
    <nd ref="8577192214"/>
    <nd ref="8577192215"/>
    <nd ref="8577192216"/>
    <nd ref="8577227717"/>
    <nd ref="8577227718"/>
    <nd ref="8577227719"/>
    <nd ref="8577227720"/>
    <nd ref="8577227721"/>
    <nd ref="8577227722"/>
    <nd ref="8577227723"/>
    <nd ref="8577227724"/>
    <nd ref="8577227725"/>
    <nd ref="8577227726"/>
    <nd ref="8577227727"/>
    <nd ref="8577227728"/>
    <nd ref="8577227729"/>
    <nd ref="8577227730"/>
    <nd ref="8577227731"/>
    <nd ref="8577227732"/>
    <nd ref="8577227733"/>
    <nd ref="8577227734"/>
    <nd ref="8577227735"/>
    <nd ref="8577227736"/>
    <nd ref="8577227737"/>
    <nd ref="8577227738"/>
    <nd ref="8577227739"/>
    <nd ref="8577227740"/>
    <nd ref="8577227741"/>
    <nd ref="8577227742"/>
    <nd ref="8577227743"/>
    <nd ref="8577227744"/>
    <nd ref="8577227745"/>
    <nd ref="8577227746"/>
    <nd ref="8577227747"/>
    <nd ref="8577227748"/>
    <nd ref="8577227749"/>
    <nd ref="8577227750"/>
    <nd ref="8577227751"/>
    <nd ref="8577227752"/>
    <nd ref="8577227753"/>
    <nd ref="8577227754"/>
    <nd ref="8577227755"/>
    <nd ref="8577227756"/>
    <nd ref="8577227757"/>
    <nd ref="8577227758"/>
    <nd ref="8577227759"/>
    <nd ref="8577227760"/>
    <nd ref="8577227761"/>
    <nd ref="8577227762"/>
    <nd ref="8577227763"/>
    <nd ref="8577192126"/>
    <tag k="building" v="dormitory"/>
    <tag k="name" v="Woodland Residence Hall"/>
  </way>
  <way id="924588098" version="4" timestamp="2024-08-19T11:57:20Z" uid="3199858" user="Mateusz Konieczny - bot account" changeset="155456500">
    <nd ref="368073597"/>
    <nd ref="8581156727"/>
    <nd ref="8581156728"/>
    <nd ref="8581156729"/>
    <nd ref="8581156730"/>
    <nd ref="8581158357"/>
    <nd ref="8581158358"/>
    <nd ref="8581158359"/>
    <nd ref="8581156731"/>
    <nd ref="8581156732"/>
    <nd ref="8581156733"/>
    <nd ref="8581156734"/>
    <nd ref="8581156735"/>
    <nd ref="8581156736"/>
    <nd ref="8581156737"/>
    <nd ref="8581156738"/>
    <nd ref="8581156739"/>
    <nd ref="8581156740"/>
    <nd ref="8581156741"/>
    <nd ref="8581156742"/>
    <nd ref="8581156743"/>
    <nd ref="8581156744"/>
    <nd ref="8581156745"/>
    <nd ref="8581156746"/>
    <nd ref="8581156747"/>
    <nd ref="8581156748"/>
    <nd ref="8581156749"/>
    <nd ref="8581156750"/>
    <nd ref="8581156751"/>
    <nd ref="8581156752"/>
    <nd ref="8581156753"/>
    <nd ref="8581156754"/>
    <nd ref="8581156755"/>
    <nd ref="8581156756"/>
    <nd ref="8581156757"/>
    <nd ref="8581156758"/>
    <nd ref="8581156759"/>
    <nd ref="8581156760"/>
    <nd ref="8581156761"/>
    <nd ref="8581156762"/>
    <nd ref="8581156763"/>
    <nd ref="8581156764"/>
    <nd ref="8581156765"/>
    <nd ref="8581156766"/>
    <nd ref="8581156767"/>
    <nd ref="8581156768"/>
    <nd ref="8581156769"/>
    <nd ref="8581156770"/>
    <nd ref="8581156771"/>
    <nd ref="8581156772"/>
    <nd ref="8581156773"/>
    <nd ref="8581156774"/>
    <nd ref="8581156775"/>
    <nd ref="8581156776"/>
    <nd ref="8581156777"/>
    <nd ref="8581156778"/>
    <nd ref="8581156779"/>
    <nd ref="8581156780"/>
    <nd ref="8581156781"/>
    <nd ref="8581156782"/>
    <nd ref="8581156783"/>
    <nd ref="8581156784"/>
    <nd ref="8581158368"/>
    <nd ref="8581158367"/>
    <nd ref="8581158375"/>
    <nd ref="8581158366"/>
    <nd ref="8581158365"/>
    <nd ref="8581158374"/>
    <nd ref="8581158364"/>
    <nd ref="8581158363"/>
    <nd ref="8581158373"/>
    <nd ref="8581158370"/>
    <nd ref="8581158371"/>
    <nd ref="8581158372"/>
    <nd ref="8581158369"/>
    <nd ref="8581156785"/>
    <nd ref="8581158361"/>
    <nd ref="8581158362"/>
    <nd ref="8581156786"/>
    <nd ref="8581156787"/>
    <nd ref="8581156788"/>
    <nd ref="8581156789"/>
    <nd ref="8581156790"/>
    <nd ref="8581158360"/>
    <nd ref="8581156791"/>
    <nd ref="8581156792"/>
    <nd ref="8581156793"/>
    <nd ref="8581156794"/>
    <nd ref="8581156795"/>
    <nd ref="8581156796"/>
    <nd ref="8581156797"/>
    <nd ref="8581156798"/>
    <nd ref="8581156799"/>
    <nd ref="8581156800"/>
    <nd ref="8581156801"/>
    <nd ref="8988514574"/>
    <nd ref="8581156802"/>
    <nd ref="8581156803"/>
    <nd ref="8581156804"/>
    <nd ref="8581156805"/>
    <nd ref="8581156806"/>
    <nd ref="8581156807"/>
    <nd ref="8581156808"/>
    <nd ref="8581156809"/>
    <nd ref="8581156810"/>
    <nd ref="8581156811"/>
    <nd ref="8581156812"/>
    <nd ref="8581156813"/>
    <nd ref="8581156814"/>
    <nd ref="8581156815"/>
    <nd ref="8581156816"/>
    <nd ref="8581158317"/>
    <nd ref="8581158318"/>
    <nd ref="8581158319"/>
    <nd ref="8581158320"/>
    <nd ref="8581158321"/>
    <nd ref="8581158322"/>
    <nd ref="8581158323"/>
    <nd ref="8581158324"/>
    <nd ref="8581158325"/>
    <nd ref="8581158326"/>
    <nd ref="8581158327"/>
    <nd ref="8581158328"/>
    <nd ref="8581158329"/>
    <nd ref="8581158330"/>
    <nd ref="8581158331"/>
    <nd ref="8581158332"/>
    <nd ref="8581158333"/>
    <nd ref="8581158334"/>
    <nd ref="8581158335"/>
    <nd ref="8581158336"/>
    <nd ref="8581158337"/>
    <nd ref="8581158338"/>
    <nd ref="8581158339"/>
    <nd ref="8581158340"/>
    <nd ref="8581158341"/>
    <nd ref="8581158342"/>
    <nd ref="8581158343"/>
    <nd ref="8581158344"/>
    <nd ref="8581158345"/>
    <nd ref="8581158346"/>
    <nd ref="8581158347"/>
    <nd ref="8581158348"/>
    <nd ref="8581158349"/>
    <nd ref="8581158350"/>
    <nd ref="8581158351"/>
    <nd ref="8581158352"/>
    <nd ref="8581158353"/>
    <nd ref="8581158354"/>
    <nd ref="8581158355"/>
    <nd ref="8581158356"/>
    <nd ref="368073597"/>
    <tag k="addr:state" v="IL"/>
    <tag k="building" v="dormitory"/>
    <tag k="ele" v="163"/>
    <tag k="gnis:feature_id" v="2467890"/>
    <tag k="name" v="Bluff Residence Hall"/>
    <tag k="source" v="USGS Geonames"/>
  </way>
  <way id="924598761" version="1" timestamp="2021-04-01T02:54:17Z" uid="12955846" user="JakeEdwardsville" changeset="102085860">
    <nd ref="8581250949"/>
    <nd ref="8581250950"/>
    <nd ref="8581250951"/>
    <nd ref="8581250952"/>
    <nd ref="8581250953"/>
    <nd ref="8581250954"/>
    <nd ref="8581250955"/>
    <nd ref="8581250956"/>
    <nd ref="8581250957"/>
    <nd ref="8581250958"/>
    <nd ref="8581250959"/>
    <tag k="highway" v="footway"/>
  </way>
  <way id="924598762" version="1" timestamp="2021-04-01T02:54:17Z" uid="12955846" user="JakeEdwardsville" changeset="102085860">
    <nd ref="8581250960"/>
    <nd ref="8581250961"/>
    <nd ref="8581250962"/>
    <nd ref="8581250963"/>
    <nd ref="8581250964"/>
    <nd ref="8581250965"/>
    <nd ref="8581250966"/>
    <nd ref="8581250967"/>
    <nd ref="8581250968"/>
    <nd ref="8581250969"/>
    <nd ref="8581250970"/>
    <nd ref="8581250971"/>
    <nd ref="8581250972"/>
    <nd ref="8581250973"/>
    <nd ref="8581250974"/>
    <nd ref="8581250975"/>
    <tag k="highway" v="footway"/>
  </way>
  <way id="924598763" version="1" timestamp="2021-04-01T02:54:17Z" uid="12955846" user="JakeEdwardsville" changeset="102085860">
    <nd ref="8581250977"/>
    <nd ref="8581250978"/>
    <nd ref="8581250979"/>
    <nd ref="8581250980"/>
    <nd ref="8581250981"/>
    <nd ref="8581250982"/>
    <nd ref="8581250983"/>
    <nd ref="8581250984"/>
    <nd ref="8581250985"/>
    <nd ref="8581250986"/>
    <nd ref="8581250987"/>
    <nd ref="8581250988"/>
    <nd ref="8581250989"/>
    <tag k="highway" v="footway"/>
  </way>
  <way id="924598764" version="1" timestamp="2021-04-01T02:54:17Z" uid="12955846" user="JakeEdwardsville" changeset="102085860">
    <nd ref="8581250990"/>
    <nd ref="8581250991"/>
    <nd ref="8581250992"/>
    <nd ref="8581250993"/>
    <nd ref="8581250994"/>
    <nd ref="8581250995"/>
    <nd ref="8581250996"/>
    <nd ref="8581250997"/>
    <nd ref="8581250998"/>
    <nd ref="8581250999"/>
    <nd ref="8581251000"/>
    <nd ref="8581251001"/>
    <nd ref="8581251002"/>
    <nd ref="8581251003"/>
    <nd ref="8581251004"/>
    <nd ref="8581251005"/>
    <nd ref="8581251006"/>
    <nd ref="8581251007"/>
    <nd ref="8581251008"/>
    <nd ref="8581251009"/>
    <nd ref="8581251010"/>
    <nd ref="8581251011"/>
    <nd ref="8581251012"/>
    <nd ref="8581251013"/>
    <nd ref="8581251014"/>
    <nd ref="8581251015"/>
    <nd ref="8581251016"/>
    <nd ref="8581251017"/>
    <nd ref="8581251018"/>
    <nd ref="8581251019"/>
    <nd ref="8581251020"/>
    <nd ref="8581251021"/>
    <nd ref="8581251210"/>
    <tag k="highway" v="footway"/>
  </way>
  <way id="924598765" version="2" timestamp="2022-11-03T19:26:48Z" uid="7261026" user="Falkner09" changeset="128452874">
    <nd ref="8581251022"/>
    <nd ref="8581251023"/>
    <nd ref="8581251024"/>
    <nd ref="8581251025"/>
    <nd ref="8581251026"/>
    <nd ref="8581251027"/>
    <nd ref="8581251028"/>
    <nd ref="8581251210"/>
    <nd ref="8581251029"/>
    <nd ref="8581251030"/>
    <nd ref="8581251183"/>
    <nd ref="8581251031"/>
    <nd ref="8581251032"/>
    <nd ref="8581251033"/>
    <nd ref="10155345109"/>
    <nd ref="8581251034"/>
    <nd ref="8581251160"/>
    <nd ref="8581251035"/>
    <nd ref="8581251036"/>
    <nd ref="8581251037"/>
    <nd ref="8581251038"/>
    <nd ref="8581251039"/>
    <nd ref="8581251040"/>
    <nd ref="8581251041"/>
    <nd ref="8581251042"/>
    <nd ref="8581251043"/>
    <nd ref="8581251044"/>
    <nd ref="8581251045"/>
    <nd ref="8581251046"/>
    <nd ref="8581251047"/>
    <nd ref="8581251048"/>
    <nd ref="8581251049"/>
    <nd ref="8581251050"/>
    <nd ref="8581251051"/>
    <nd ref="8581251149"/>
    <nd ref="8581251052"/>
    <nd ref="8581251053"/>
    <nd ref="8581251054"/>
    <nd ref="8581251055"/>
    <nd ref="8581251056"/>
    <nd ref="8581251057"/>
    <nd ref="8581251058"/>
    <nd ref="8581251059"/>
    <nd ref="8581251060"/>
    <nd ref="8581251061"/>
    <nd ref="8581251062"/>
    <nd ref="8581251063"/>
    <nd ref="8581251064"/>
    <nd ref="8581251065"/>
    <nd ref="8581251066"/>
    <nd ref="8581251067"/>
    <nd ref="8581251068"/>
    <nd ref="8581251069"/>
    <nd ref="8581251070"/>
    <nd ref="8581251071"/>
    <nd ref="8581251072"/>
    <nd ref="8581251073"/>
    <nd ref="8581251074"/>
    <nd ref="8581251075"/>
    <nd ref="8581251076"/>
    <nd ref="8581251077"/>
    <nd ref="8581251078"/>
    <nd ref="8581251079"/>
    <nd ref="8581251080"/>
    <nd ref="8581251081"/>
    <nd ref="8581251082"/>
    <nd ref="8581251083"/>
    <nd ref="8581251084"/>
    <nd ref="8581251085"/>
    <nd ref="8581251086"/>
    <nd ref="8581251087"/>
    <nd ref="8581251088"/>
    <nd ref="8581251133"/>
    <nd ref="8581251089"/>
    <nd ref="8581251090"/>
    <nd ref="8581251091"/>
    <nd ref="8581251092"/>
    <nd ref="8581251093"/>
    <nd ref="8581251094"/>
    <nd ref="8581251095"/>
    <nd ref="8581251096"/>
    <nd ref="8581251097"/>
    <nd ref="8581251098"/>
    <nd ref="8581251099"/>
    <nd ref="8581251100"/>
    <nd ref="8581251127"/>
    <nd ref="8581251132"/>
    <nd ref="8581251101"/>
    <nd ref="8581251102"/>
    <nd ref="8581251103"/>
    <nd ref="8581251104"/>
    <nd ref="8581251105"/>
    <nd ref="8581251106"/>
    <nd ref="8581251107"/>
    <nd ref="8581251108"/>
    <nd ref="8581251109"/>
    <nd ref="8581251110"/>
    <nd ref="8581251111"/>
    <nd ref="8581251112"/>
    <nd ref="8581251113"/>
    <nd ref="8581251114"/>
    <nd ref="8581251115"/>
    <nd ref="8581251116"/>
    <nd ref="8581251117"/>
    <nd ref="8581251118"/>
    <nd ref="8581251119"/>
    <nd ref="8581251120"/>
    <nd ref="8581251121"/>
    <nd ref="8581251122"/>
    <nd ref="8581251123"/>
    <nd ref="8581251124"/>
    <nd ref="8581251125"/>
    <nd ref="8581251126"/>
    <tag k="highway" v="footway"/>
  </way>
  <way id="924598766" version="1" timestamp="2021-04-01T02:54:17Z" uid="12955846" user="JakeEdwardsville" changeset="102085860">
    <nd ref="8581251128"/>
    <nd ref="8581251129"/>
    <nd ref="8581251102"/>
    <tag k="highway" v="footway"/>
  </way>
  <way id="924598767" version="1" timestamp="2021-04-01T02:54:17Z" uid="12955846" user="JakeEdwardsville" changeset="102085860">
    <nd ref="8581251130"/>
    <nd ref="8581251131"/>
    <nd ref="8581251132"/>
    <tag k="highway" v="footway"/>
  </way>
  <way id="924598768" version="1" timestamp="2021-04-01T02:54:17Z" uid="12955846" user="JakeEdwardsville" changeset="102085860">
    <nd ref="8581251133"/>
    <nd ref="8581251134"/>
    <nd ref="8581251135"/>
    <nd ref="8581251136"/>
    <nd ref="8581251137"/>
    <nd ref="8581251138"/>
    <nd ref="8581251139"/>
    <nd ref="8581251140"/>
    <nd ref="8581251141"/>
    <nd ref="8581251142"/>
    <nd ref="8581251143"/>
    <nd ref="8581251144"/>
    <nd ref="8581251145"/>
    <nd ref="8581251146"/>
    <nd ref="8581251147"/>
    <nd ref="8581251148"/>
    <tag k="highway" v="footway"/>
  </way>
  <way id="924598769" version="1" timestamp="2021-04-01T02:54:17Z" uid="12955846" user="JakeEdwardsville" changeset="102085860">
    <nd ref="8581251149"/>
    <nd ref="8581251150"/>
    <nd ref="8581251151"/>
    <nd ref="8581251152"/>
    <nd ref="8581251153"/>
    <nd ref="8581251154"/>
    <nd ref="8581251155"/>
    <nd ref="8581251156"/>
    <nd ref="8581251157"/>
    <nd ref="8581251158"/>
    <nd ref="8581251159"/>
    <nd ref="8581251160"/>
    <tag k="highway" v="footway"/>
  </way>
  <way id="924598770" version="1" timestamp="2021-04-01T02:54:17Z" uid="12955846" user="JakeEdwardsville" changeset="102085860">
    <nd ref="8581251161"/>
    <nd ref="8581251162"/>
    <nd ref="8581251163"/>
    <nd ref="8581251164"/>
    <nd ref="8581251165"/>
    <nd ref="8581251166"/>
    <nd ref="8581251167"/>
    <nd ref="8581251168"/>
    <nd ref="8581251169"/>
    <nd ref="8581251170"/>
    <nd ref="8581251171"/>
    <nd ref="8581251172"/>
    <nd ref="8581251173"/>
    <nd ref="8581251174"/>
    <nd ref="8581251175"/>
    <nd ref="8581251176"/>
    <nd ref="8581251177"/>
    <nd ref="8581251178"/>
    <nd ref="8581251179"/>
    <nd ref="8581251180"/>
    <nd ref="8581251181"/>
    <nd ref="8581251182"/>
    <nd ref="8581251183"/>
    <tag k="highway" v="footway"/>
  </way>
  <way id="924598772" version="1" timestamp="2021-04-01T02:54:17Z" uid="12955846" user="JakeEdwardsville" changeset="102085860">
    <nd ref="8581251075"/>
    <nd ref="8581251209"/>
    <nd ref="8581251188"/>
    <tag k="crossing" v="marked"/>
    <tag k="footway" v="crossing"/>
    <tag k="highway" v="footway"/>
  </way>
  <way id="932246089" version="5" timestamp="2025-05-14T17:24:58Z" uid="22899438" user="THE BEAST 6624" changeset="166268301">
    <nd ref="8642007310"/>
    <nd ref="8642007311"/>
    <nd ref="8976136343"/>
    <nd ref="8642007312"/>
    <nd ref="8976136342"/>
    <nd ref="8976136341"/>
    <nd ref="8670947191"/>
    <nd ref="8642007313"/>
    <nd ref="8642007314"/>
    <nd ref="8976136339"/>
    <nd ref="8642007315"/>
    <nd ref="8642007316"/>
    <nd ref="8642041821"/>
    <nd ref="8642041817"/>
    <nd ref="8976136340"/>
    <nd ref="8988514651"/>
    <nd ref="8642041818"/>
    <tag k="highway" v="footway"/>
    <tag k="surface" v="concrete"/>
  </way>
  <way id="932246090" version="1" timestamp="2021-04-19T02:25:38Z" uid="3738260" user="Zabot" changeset="103159570">
    <nd ref="8642041821"/>
    <nd ref="8642041828"/>
    <nd ref="8642041822"/>
    <nd ref="8642041823"/>
    <nd ref="8642041826"/>
    <nd ref="8642041824"/>
    <nd ref="8642041825"/>
    <tag k="highway" v="footway"/>
  </way>
  <way id="932246091" version="2" timestamp="2022-10-31T19:42:09Z" uid="17481238" user="TetragnathaPlanata" changeset="128314426">
    <nd ref="8642041826"/>
    <nd ref="8642041827"/>
    <tag k="highway" v="footway"/>
    <tag k="surface" v="concrete"/>
  </way>
  <way id="932246092" version="1" timestamp="2021-04-19T02:25:38Z" uid="3738260" user="Zabot" changeset="103159570">
    <nd ref="8641988379"/>
    <nd ref="8642041828"/>
    <tag k="highway" v="footway"/>
  </way>
  <way id="932246093" version="1" timestamp="2021-04-19T02:25:38Z" uid="3738260" user="Zabot" changeset="103159570">
    <nd ref="8642041829"/>
    <nd ref="8642041830"/>
    <tag k="highway" v="footway"/>
  </way>
  <way id="932246094" version="2" timestamp="2021-08-03T05:37:02Z" uid="12955846" user="JakeEdwardsville" changeset="109064617">
    <nd ref="8642041831"/>
    <nd ref="8642041832"/>
    <nd ref="8642041833"/>
    <nd ref="8976136337"/>
    <nd ref="8642041837"/>
    <nd ref="8976136338"/>
    <nd ref="8642041834"/>
    <nd ref="8642041835"/>
    <nd ref="8642041836"/>
    <tag k="highway" v="footway"/>
  </way>
  <way id="932246095" version="3" timestamp="2022-11-09T17:37:59Z" uid="17481238" user="TetragnathaPlanata" changeset="128697263">
    <nd ref="8642041839"/>
    <nd ref="8642041840"/>
    <tag k="highway" v="footway"/>
    <tag k="smoothness" v="good"/>
    <tag k="surface" v="concrete"/>
  </way>
  <way id="932246096" version="1" timestamp="2021-04-19T02:25:38Z" uid="3738260" user="Zabot" changeset="103159570">
    <nd ref="8642041838"/>
    <nd ref="8642041847"/>
    <nd ref="8642041848"/>
    <nd ref="8642041857"/>
    <nd ref="8642041849"/>
    <tag k="highway" v="footway"/>
    <tag k="surface" v="paving_stones"/>
  </way>
  <way id="932246097" version="1" timestamp="2021-04-19T02:25:38Z" uid="3738260" user="Zabot" changeset="103159570">
    <nd ref="8642041848"/>
    <nd ref="8642041845"/>
    <tag k="highway" v="footway"/>
    <tag k="surface" v="paving_stones"/>
  </way>
  <way id="932246098" version="1" timestamp="2021-04-19T02:25:38Z" uid="3738260" user="Zabot" changeset="103159570">
    <nd ref="8642041847"/>
    <nd ref="8642041850"/>
    <nd ref="8642041846"/>
    <tag k="highway" v="footway"/>
    <tag k="surface" v="paving_stones"/>
  </way>
  <way id="932246099" version="1" timestamp="2021-04-19T02:25:38Z" uid="3738260" user="Zabot" changeset="103159570">
    <nd ref="8642041857"/>
    <nd ref="8642041851"/>
    <tag k="highway" v="footway"/>
    <tag k="surface" v="paving_stones"/>
  </way>
  <way id="932246100" version="3" timestamp="2025-05-14T17:24:58Z" uid="22899438" user="THE BEAST 6624" changeset="166268301">
    <nd ref="8642041820"/>
    <nd ref="2531718138"/>
    <nd ref="8642041829"/>
    <nd ref="8976131802"/>
    <nd ref="8642041831"/>
    <nd ref="8976136332"/>
    <nd ref="8976136331"/>
    <nd ref="8976136333"/>
    <nd ref="3343199704"/>
    <tag k="highway" v="footway"/>
    <tag k="surface" v="asphalt"/>
  </way>
  <way id="932246101" version="2" timestamp="2024-01-21T05:21:51Z" uid="12955846" user="JakeEdwardsville" changeset="146500719">
    <nd ref="8642041818"/>
    <nd ref="8642041855"/>
    <nd ref="8642041820"/>
    <tag k="crossing" v="marked"/>
    <tag k="crossing:markings" v="yes"/>
    <tag k="footway" v="crossing"/>
    <tag k="highway" v="footway"/>
  </way>
  <way id="932246102" version="2" timestamp="2022-10-31T19:42:38Z" uid="17481238" user="TetragnathaPlanata" changeset="128314426">
    <nd ref="8642007310"/>
    <nd ref="8642007307"/>
    <tag k="highway" v="footway"/>
    <tag k="surface" v="asphalt"/>
  </way>
  <way id="932246103" version="1" timestamp="2021-04-19T02:25:38Z" uid="3738260" user="Zabot" changeset="103159570">
    <nd ref="2531718138"/>
    <nd ref="8642041859"/>
    <nd ref="8642041856"/>
    <tag k="highway" v="footway"/>
  </way>
  <way id="932252936" version="2" timestamp="2021-08-03T05:37:02Z" uid="12955846" user="JakeEdwardsville" changeset="109064617">
    <nd ref="4629056040"/>
    <nd ref="8976136417"/>
    <nd ref="8976136418"/>
    <nd ref="8642076077"/>
    <nd ref="8976136419"/>
    <nd ref="8642076075"/>
    <nd ref="8642076076"/>
    <tag k="highway" v="footway"/>
  </way>
  <way id="932252937" version="2" timestamp="2021-08-03T05:37:02Z" uid="12955846" user="JakeEdwardsville" changeset="109064617">
    <nd ref="8642076078"/>
    <nd ref="8976131815"/>
    <nd ref="8642076079"/>
    <nd ref="8976131816"/>
    <nd ref="8642076080"/>
    <nd ref="8976136317"/>
    <nd ref="8642076081"/>
    <nd ref="8976136318"/>
    <nd ref="8642076082"/>
    <nd ref="8976136319"/>
    <nd ref="8642076083"/>
    <nd ref="8976136320"/>
    <nd ref="8642076084"/>
    <tag k="footway" v="sidewalk"/>
    <tag k="highway" v="footway"/>
  </way>
  <way id="932252939" version="1" timestamp="2021-04-19T03:18:18Z" uid="3738260" user="Zabot" changeset="103160743">
    <nd ref="8642076107"/>
    <nd ref="8642076108"/>
    <nd ref="8642076109"/>
    <nd ref="8642076110"/>
    <nd ref="8642076111"/>
    <nd ref="8642076112"/>
    <nd ref="8642076075"/>
    <tag k="highway" v="footway"/>
  </way>
  <way id="932252940" version="2" timestamp="2021-08-07T19:14:02Z" uid="12955846" user="JakeEdwardsville" changeset="109322874">
    <nd ref="8581251188"/>
    <nd ref="8988514472"/>
    <nd ref="8642076106"/>
    <tag k="highway" v="footway"/>
  </way>
  <way id="932252941" version="1" timestamp="2021-04-19T03:18:18Z" uid="3738260" user="Zabot" changeset="103160743">
    <nd ref="8642076106"/>
    <nd ref="8642076113"/>
    <nd ref="8642076107"/>
    <tag k="crossing" v="marked"/>
    <tag k="footway" v="crossing"/>
    <tag k="highway" v="footway"/>
  </way>
  <way id="932252942" version="1" timestamp="2021-04-19T03:18:18Z" uid="3738260" user="Zabot" changeset="103160743">
    <nd ref="8642076112"/>
    <nd ref="8642076114"/>
    <nd ref="8642076115"/>
    <nd ref="8642076116"/>
    <nd ref="8642099917"/>
    <nd ref="8642099919"/>
    <nd ref="8642099918"/>
    <nd ref="4629056885"/>
    <tag k="highway" v="footway"/>
  </way>
  <way id="932252943" version="3" timestamp="2025-11-04T21:21:12Z" uid="19598846" user="wesleyote" changeset="174214048">
    <nd ref="8642099920"/>
    <nd ref="8642099922"/>
    <tag k="highway" v="footway"/>
    <tag k="surface" v="concrete"/>
  </way>
  <way id="932252944" version="1" timestamp="2021-04-19T03:18:18Z" uid="3738260" user="Zabot" changeset="103160743">
    <nd ref="8642076111"/>
    <nd ref="8642099923"/>
    <tag k="highway" v="footway"/>
  </way>
  <way id="932252945" version="1" timestamp="2021-04-19T03:18:18Z" uid="3738260" user="Zabot" changeset="103160743">
    <nd ref="8642099917"/>
    <nd ref="8642099927"/>
    <nd ref="8642099925"/>
    <nd ref="8642099924"/>
    <nd ref="8642099929"/>
    <tag k="highway" v="footway"/>
  </way>
  <way id="932252946" version="1" timestamp="2021-04-19T03:18:18Z" uid="3738260" user="Zabot" changeset="103160743">
    <nd ref="8642099925"/>
    <nd ref="8642099926"/>
    <tag k="highway" v="footway"/>
  </way>
  <way id="932252947" version="1" timestamp="2021-04-19T03:18:18Z" uid="3738260" user="Zabot" changeset="103160743">
    <nd ref="8642099927"/>
    <nd ref="8642099928"/>
    <tag k="highway" v="footway"/>
  </way>
  <way id="932654915" version="6" timestamp="2025-05-14T16:59:06Z" uid="22899438" user="THE BEAST 6624" changeset="166267095">
    <nd ref="8645385760"/>
    <nd ref="8988514436"/>
    <nd ref="8645385761"/>
    <nd ref="8645385762"/>
    <nd ref="8645385763"/>
    <nd ref="8645385764"/>
    <nd ref="8645385765"/>
    <nd ref="8645385766"/>
    <nd ref="8645385767"/>
    <nd ref="8645385768"/>
    <nd ref="8645385769"/>
    <nd ref="8645385770"/>
    <nd ref="10699927474"/>
    <nd ref="8645385771"/>
    <nd ref="8645385772"/>
    <nd ref="8645385773"/>
    <nd ref="236689141"/>
    <nd ref="12837326583"/>
    <nd ref="8645385774"/>
    <nd ref="12837270665"/>
    <nd ref="8645385775"/>
    <nd ref="8645385776"/>
    <nd ref="12837270670"/>
    <nd ref="12837270668"/>
    <nd ref="8645385777"/>
    <nd ref="8645385778"/>
    <nd ref="8645385779"/>
    <nd ref="8645385780"/>
    <nd ref="8645385781"/>
    <nd ref="8645385782"/>
    <nd ref="8645385783"/>
    <nd ref="8645385784"/>
    <nd ref="8645385785"/>
    <nd ref="8645385786"/>
    <nd ref="8645385787"/>
    <nd ref="8645385788"/>
    <nd ref="8645385789"/>
    <nd ref="8645385790"/>
    <nd ref="8645385791"/>
    <nd ref="8645385792"/>
    <nd ref="8645385810"/>
    <nd ref="8645385793"/>
    <nd ref="8645385794"/>
    <nd ref="8645385795"/>
    <nd ref="8645385796"/>
    <nd ref="8645385797"/>
    <nd ref="8645401235"/>
    <nd ref="8645385798"/>
    <nd ref="8645385799"/>
    <nd ref="8645385800"/>
    <nd ref="8645385801"/>
    <nd ref="8645385802"/>
    <nd ref="8645385803"/>
    <nd ref="8645401226"/>
    <nd ref="8645385804"/>
    <nd ref="8645385805"/>
    <nd ref="8645385806"/>
    <nd ref="8645385807"/>
    <nd ref="8645385808"/>
    <nd ref="8645385809"/>
    <nd ref="2531719178"/>
    <tag k="highway" v="footway"/>
  </way>
  <way id="935586507" version="2" timestamp="2021-08-07T19:14:02Z" uid="12955846" user="JakeEdwardsville" changeset="109322874">
    <nd ref="8988514348"/>
    <nd ref="8669915535"/>
    <nd ref="8669915536"/>
    <nd ref="8669915537"/>
    <tag k="footway" v="sidewalk"/>
    <tag k="highway" v="footway"/>
  </way>
  <way id="935615261" version="4" timestamp="2022-11-09T17:35:53Z" uid="17481238" user="TetragnathaPlanata" changeset="128697263">
    <nd ref="6967747970"/>
    <nd ref="8670000535"/>
    <tag k="highway" v="footway"/>
    <tag k="smoothness" v="excellent"/>
    <tag k="surface" v="asphalt"/>
  </way>
  <way id="935615262" version="2" timestamp="2022-11-02T17:05:48Z" uid="17481238" user="TetragnathaPlanata" changeset="128402599">
    <nd ref="6967747971"/>
    <nd ref="6967747972"/>
    <tag k="highway" v="footway"/>
    <tag k="surface" v="concrete"/>
  </way>
  <way id="935617002" version="2" timestamp="2022-10-31T19:51:46Z" uid="17481238" user="TetragnathaPlanata" changeset="128314426">
    <nd ref="2531715690"/>
    <nd ref="8670010136"/>
    <nd ref="8670010137"/>
    <nd ref="2531715684"/>
    <tag k="highway" v="footway"/>
    <tag k="surface" v="asphalt"/>
  </way>
  <way id="935617003" version="4" timestamp="2022-11-09T17:31:49Z" uid="17481238" user="TetragnathaPlanata" changeset="128697263">
    <nd ref="8670010140"/>
    <nd ref="8988514659"/>
    <tag k="footway" v="sidewalk"/>
    <tag k="highway" v="footway"/>
    <tag k="smoothness" v="excellent"/>
    <tag k="surface" v="concrete"/>
  </way>
  <way id="935688758" version="3" timestamp="2022-11-09T17:32:31Z" uid="17481238" user="TetragnathaPlanata" changeset="128697263">
    <nd ref="8670750708"/>
    <nd ref="8670750709"/>
    <tag k="footway" v="sidewalk"/>
    <tag k="highway" v="footway"/>
    <tag k="smoothness" v="good"/>
    <tag k="surface" v="concrete"/>
  </way>
  <way id="935688759" version="3" timestamp="2022-11-09T17:31:54Z" uid="17481238" user="TetragnathaPlanata" changeset="128697263">
    <nd ref="8670750710"/>
    <nd ref="8670750711"/>
    <tag k="highway" v="footway"/>
    <tag k="smoothness" v="good"/>
    <tag k="surface" v="asphalt"/>
  </way>
  <way id="935688760" version="3" timestamp="2022-11-02T17:03:12Z" uid="17481238" user="TetragnathaPlanata" changeset="128402599">
    <nd ref="8670750712"/>
    <nd ref="10130930279"/>
    <tag k="highway" v="footway"/>
    <tag k="surface" v="paving_stones"/>
  </way>
  <way id="935697725" version="3" timestamp="2024-02-12T22:30:41Z" uid="19598846" user="wesleyote" changeset="147387135">
    <nd ref="8670810359"/>
    <nd ref="8988514244"/>
    <nd ref="8670810360"/>
    <nd ref="8670810361"/>
    <nd ref="8670810362"/>
    <nd ref="8670810363"/>
    <nd ref="8670810384"/>
    <nd ref="8670810385"/>
    <nd ref="8670810386"/>
    <nd ref="8670810387"/>
    <nd ref="8670810388"/>
    <nd ref="8670810389"/>
    <nd ref="8670810390"/>
    <nd ref="8670810391"/>
    <nd ref="8670859232"/>
    <nd ref="8670810392"/>
    <nd ref="8670810393"/>
    <nd ref="8670810394"/>
    <nd ref="8670810395"/>
    <nd ref="8670810396"/>
    <nd ref="8988514323"/>
    <nd ref="8670810397"/>
    <nd ref="8988514313"/>
    <nd ref="8670810398"/>
    <nd ref="8670810399"/>
    <nd ref="8670810400"/>
    <nd ref="8670810401"/>
    <nd ref="8988514339"/>
    <nd ref="8670810402"/>
    <nd ref="8670810403"/>
    <nd ref="8670810404"/>
    <nd ref="8670810405"/>
    <nd ref="8669915538"/>
    <tag k="footway" v="sidewalk"/>
    <tag k="highway" v="footway"/>
    <tag k="surface" v="concrete"/>
  </way>
  <way id="935697726" version="2" timestamp="2021-08-07T19:14:02Z" uid="12955846" user="JakeEdwardsville" changeset="109322874">
    <nd ref="8988514272"/>
    <nd ref="8670810370"/>
    <nd ref="8670810371"/>
    <nd ref="8670810372"/>
    <nd ref="8670810373"/>
    <nd ref="8670810374"/>
    <nd ref="8670810375"/>
    <nd ref="8670810376"/>
    <nd ref="8670810377"/>
    <nd ref="8670810378"/>
    <nd ref="8670810379"/>
    <nd ref="8670810380"/>
    <nd ref="8571918428"/>
    <tag k="highway" v="footway"/>
  </way>
  <way id="935697727" version="2" timestamp="2021-08-07T19:14:02Z" uid="12955846" user="JakeEdwardsville" changeset="109322874">
    <nd ref="8988514271"/>
    <nd ref="6934479065"/>
    <nd ref="8670810382"/>
    <tag k="highway" v="footway"/>
  </way>
  <way id="935697728" version="2" timestamp="2024-01-17T22:30:01Z" uid="19598846" user="wesleyote" changeset="146383197">
    <nd ref="8670810390"/>
    <nd ref="8670859226"/>
    <nd ref="8670859227"/>
    <nd ref="8670859228"/>
    <nd ref="8571940756"/>
    <nd ref="8670859229"/>
    <nd ref="8670859230"/>
    <nd ref="8670859231"/>
    <nd ref="8670859232"/>
    <tag k="footway" v="sidewalk"/>
    <tag k="highway" v="footway"/>
    <tag k="surface" v="concrete"/>
  </way>
  <way id="935697736" version="2" timestamp="2021-08-07T19:14:02Z" uid="12955846" user="JakeEdwardsville" changeset="109322874">
    <nd ref="8670859353"/>
    <nd ref="8670859363"/>
    <nd ref="8670859354"/>
    <nd ref="8670859345"/>
    <nd ref="8670859346"/>
    <nd ref="8670859358"/>
    <nd ref="8670859347"/>
    <nd ref="8670859348"/>
    <nd ref="8670859349"/>
    <nd ref="8670859357"/>
    <nd ref="8670859350"/>
    <nd ref="8670859356"/>
    <nd ref="8670859355"/>
    <tag k="footway" v="sidewalk"/>
    <tag k="highway" v="footway"/>
  </way>
  <way id="935697737" version="2" timestamp="2024-01-17T22:30:56Z" uid="19598846" user="wesleyote" changeset="146383197">
    <nd ref="8670859355"/>
    <nd ref="8670859359"/>
    <nd ref="8670859360"/>
    <nd ref="8670859361"/>
    <nd ref="8670859362"/>
    <nd ref="8670859353"/>
    <tag k="footway" v="sidewalk"/>
    <tag k="highway" v="footway"/>
    <tag k="surface" v="concrete"/>
  </way>
  <way id="936855213" version="3" timestamp="2021-08-07T19:14:02Z" uid="12955846" user="JakeEdwardsville" changeset="109322874">
    <nd ref="2531713342"/>
    <nd ref="2531713340"/>
    <nd ref="8988514733"/>
    <tag k="highway" v="footway"/>
  </way>
  <way id="936924137" version="1" timestamp="2021-04-29T21:49:36Z" uid="12955846" user="JakeEdwardsville" changeset="103871086">
    <nd ref="8681232870"/>
    <nd ref="8681232871"/>
    <nd ref="8681232872"/>
    <nd ref="8681232873"/>
    <nd ref="8681232870"/>
    <tag k="building" v="yes"/>
  </way>
  <way id="940862314" version="1" timestamp="2021-05-08T23:12:03Z" uid="12955846" user="JakeEdwardsville" changeset="104380992">
    <nd ref="236355887"/>
    <nd ref="8713426873"/>
    <nd ref="8713426872"/>
    <nd ref="8713426871"/>
    <nd ref="8713426870"/>
    <nd ref="8713426874"/>
    <nd ref="8713426823"/>
    <nd ref="8713426824"/>
    <nd ref="8713426825"/>
    <nd ref="8713426826"/>
    <nd ref="8713426827"/>
    <nd ref="8713426828"/>
    <nd ref="8713426829"/>
    <nd ref="8713426830"/>
    <nd ref="8713426831"/>
    <nd ref="8713426832"/>
    <nd ref="8713426833"/>
    <nd ref="8713426834"/>
    <nd ref="8713426865"/>
    <nd ref="8713426835"/>
    <nd ref="8713426836"/>
    <nd ref="8713426837"/>
    <nd ref="8713426838"/>
    <nd ref="8713426839"/>
    <nd ref="8713426840"/>
    <nd ref="8713426841"/>
    <nd ref="8713426842"/>
    <nd ref="8713426843"/>
    <nd ref="8713426844"/>
    <nd ref="8713426845"/>
    <nd ref="8713426846"/>
    <nd ref="8713426847"/>
    <nd ref="8713426848"/>
    <nd ref="8713426849"/>
    <nd ref="8713426850"/>
    <nd ref="8713426851"/>
    <nd ref="8713426852"/>
    <nd ref="8713426853"/>
    <nd ref="8713426854"/>
    <nd ref="8713426855"/>
    <nd ref="8713426856"/>
    <nd ref="8713426857"/>
    <nd ref="8713426858"/>
    <nd ref="8713426859"/>
    <nd ref="8713426860"/>
    <nd ref="8713426861"/>
    <nd ref="8713426862"/>
    <nd ref="8713426863"/>
    <tag k="highway" v="footway"/>
  </way>
  <way id="940862315" version="1" timestamp="2021-05-08T23:12:03Z" uid="12955846" user="JakeEdwardsville" changeset="104380992">
    <nd ref="8713426839"/>
    <nd ref="8713426864"/>
    <tag k="highway" v="footway"/>
  </way>
  <way id="940862316" version="2" timestamp="2021-08-07T19:14:02Z" uid="12955846" user="JakeEdwardsville" changeset="109322874">
    <nd ref="8713426874"/>
    <nd ref="8713426875"/>
    <nd ref="8713426878"/>
    <nd ref="8713426898"/>
    <nd ref="8713426879"/>
    <nd ref="8713426880"/>
    <nd ref="8713426881"/>
    <nd ref="8713426882"/>
    <nd ref="8713426883"/>
    <nd ref="8713426884"/>
    <nd ref="8713426885"/>
    <nd ref="8713426886"/>
    <nd ref="8713426887"/>
    <nd ref="8713426888"/>
    <nd ref="8713426889"/>
    <nd ref="8713426890"/>
    <nd ref="8713426891"/>
    <nd ref="8713426892"/>
    <nd ref="8713426893"/>
    <nd ref="8713426894"/>
    <nd ref="8988514401"/>
    <tag k="highway" v="footway"/>
  </way>
  <way id="956113660" version="2" timestamp="2021-07-26T18:20:28Z" uid="12955846" user="JakeEdwardsville" changeset="108640828">
    <nd ref="8848886535"/>
    <nd ref="8848886536"/>
    <nd ref="8848886537"/>
    <nd ref="8952052413"/>
    <nd ref="8952052414"/>
    <nd ref="8848886538"/>
    <nd ref="8848886535"/>
    <tag k="building" v="university"/>
    <tag k="layer" v="1"/>
  </way>
  <way id="956113661" version="3" timestamp="2023-05-11T02:35:26Z" uid="12955846" user="JakeEdwardsville" changeset="135957142">
    <nd ref="8642099929"/>
    <nd ref="10885572930"/>
    <nd ref="6967748003"/>
    <nd ref="6967748004"/>
    <nd ref="4629050588"/>
    <nd ref="6967748005"/>
    <nd ref="8642099923"/>
    <nd ref="8623729708"/>
    <nd ref="8623729711"/>
    <nd ref="8623729710"/>
    <nd ref="8623729712"/>
    <nd ref="8623729709"/>
    <nd ref="8848886545"/>
    <nd ref="6967748006"/>
    <nd ref="8623729713"/>
    <nd ref="4629050586"/>
    <nd ref="6967748014"/>
    <nd ref="8642099928"/>
    <nd ref="8642099926"/>
    <nd ref="8848886546"/>
    <nd ref="8848886548"/>
    <nd ref="8642099929"/>
    <tag k="addr:city" v="Edwardville"/>
    <tag k="addr:housenumber" v="71"/>
    <tag k="addr:postcode" v="62026"/>
    <tag k="addr:state" v="IL"/>
    <tag k="addr:street" v="Circle Drive"/>
    <tag k="building" v="university"/>
    <tag k="building:levels" v="2"/>
    <tag k="name" v="Art and Design West"/>
    <tag k="tourism" v="gallery"/>
  </way>
  <way id="956113662" version="1" timestamp="2021-06-19T16:53:58Z" uid="12955846" user="JakeEdwardsville" changeset="106639623">
    <nd ref="8848886546"/>
    <nd ref="8848886547"/>
    <nd ref="8848886544"/>
    <nd ref="8848886543"/>
    <nd ref="8848886548"/>
    <nd ref="8848886546"/>
    <tag k="building" v="university"/>
    <tag k="layer" v="1"/>
  </way>
  <way id="956113663" version="3" timestamp="2022-02-16T02:39:34Z" uid="15096319" user="nibli" changeset="117457460">
    <nd ref="2699975977"/>
    <nd ref="2699975978"/>
    <nd ref="8848886601"/>
    <nd ref="2699975980"/>
    <nd ref="8848886602"/>
    <nd ref="8848886603"/>
    <nd ref="8848886599"/>
    <nd ref="2699975944"/>
    <nd ref="2699975945"/>
    <nd ref="2699975947"/>
    <nd ref="8670000519"/>
    <nd ref="8670000518"/>
    <nd ref="2531715746"/>
    <nd ref="2699975949"/>
    <nd ref="2699975951"/>
    <nd ref="8670000517"/>
    <nd ref="8669888116"/>
    <nd ref="2699975953"/>
    <nd ref="2699975954"/>
    <nd ref="2699975956"/>
    <nd ref="2699975959"/>
    <nd ref="2699975960"/>
    <nd ref="2699975962"/>
    <nd ref="2699975964"/>
    <nd ref="8977694951"/>
    <nd ref="2699975966"/>
    <nd ref="2699975967"/>
    <nd ref="2699975969"/>
    <nd ref="8669979617"/>
    <nd ref="2699975972"/>
    <nd ref="2699975973"/>
    <nd ref="9509539740"/>
    <nd ref="8977694913"/>
    <nd ref="2699975975"/>
    <nd ref="2699975977"/>
    <tag k="addr:city" v="Edwardville"/>
    <tag k="addr:housenumber" v="58"/>
    <tag k="addr:postcode" v="62026"/>
    <tag k="addr:state" v="IL"/>
    <tag k="addr:street" v="Circle Drive"/>
    <tag k="building" v="university"/>
    <tag k="building:levels" v="1"/>
    <tag k="building:levels:underground" v="1"/>
    <tag k="name" v="Student Success Center"/>
  </way>
  <way id="966627671" version="2" timestamp="2023-09-20T20:54:44Z" uid="19598846" user="wesleyote" changeset="141531302">
    <nd ref="2531713346"/>
    <nd ref="8942987215"/>
    <nd ref="2531713319"/>
    <tag k="highway" v="footway"/>
    <tag k="surface" v="concrete"/>
  </way>
  <way id="966627672" version="2" timestamp="2023-09-20T20:55:16Z" uid="19598846" user="wesleyote" changeset="141531302">
    <nd ref="8942987215"/>
    <nd ref="8942987216"/>
    <tag k="highway" v="footway"/>
    <tag k="surface" v="concrete"/>
  </way>
  <way id="966627673" version="2" timestamp="2023-09-20T20:42:45Z" uid="19598846" user="wesleyote" changeset="141531302">
    <nd ref="8943000517"/>
    <nd ref="8943000518"/>
    <nd ref="8943000519"/>
    <nd ref="8943000520"/>
    <nd ref="8943000521"/>
    <nd ref="8943000522"/>
    <nd ref="8943000523"/>
    <nd ref="8943000524"/>
    <nd ref="8943000525"/>
    <nd ref="8943000526"/>
    <nd ref="8943000527"/>
    <nd ref="8943000528"/>
    <tag k="highway" v="footway"/>
    <tag k="surface" v="concrete"/>
  </way>
  <way id="966627674" version="2" timestamp="2023-09-20T20:43:55Z" uid="19598846" user="wesleyote" changeset="141531302">
    <nd ref="8943000520"/>
    <nd ref="8943000529"/>
    <tag k="highway" v="footway"/>
    <tag k="surface" v="concrete"/>
  </way>
  <way id="966627675" version="3" timestamp="2024-01-21T05:11:05Z" uid="12955846" user="JakeEdwardsville" changeset="146500612">
    <nd ref="8943000532"/>
    <nd ref="11536076566"/>
    <tag k="highway" v="footway"/>
    <tag k="surface" v="concrete"/>
  </way>
  <way id="966627676" version="4" timestamp="2023-09-20T20:50:43Z" uid="19598846" user="wesleyote" changeset="141531302">
    <nd ref="2531713344"/>
    <nd ref="8943000541"/>
    <nd ref="8943000542"/>
    <nd ref="8943000543"/>
    <nd ref="8943000544"/>
    <nd ref="8943000545"/>
    <nd ref="8943000538"/>
    <nd ref="8943000546"/>
    <nd ref="8943000547"/>
    <nd ref="8943000571"/>
    <nd ref="8943000569"/>
    <nd ref="8943000570"/>
    <nd ref="8996842149"/>
    <nd ref="8996842151"/>
    <tag k="highway" v="footway"/>
    <tag k="surface" v="concrete"/>
  </way>
  <way id="966627677" version="4" timestamp="2021-08-10T19:41:43Z" uid="12955846" user="JakeEdwardsville" changeset="109481746">
    <nd ref="8943000552"/>
    <nd ref="8996839913"/>
    <nd ref="8943000553"/>
    <nd ref="8943000554"/>
    <nd ref="8943000555"/>
    <nd ref="8943000556"/>
    <nd ref="8996880802"/>
    <nd ref="8943000557"/>
    <nd ref="8943000558"/>
    <nd ref="8996883051"/>
    <nd ref="8943000559"/>
    <nd ref="1426686185"/>
    <tag k="highway" v="footway"/>
  </way>
  <way id="966627678" version="2" timestamp="2023-07-22T22:53:20Z" uid="12955846" user="JakeEdwardsville" changeset="138873773">
    <nd ref="11062494497"/>
    <nd ref="8943000563"/>
    <nd ref="8943000565"/>
    <nd ref="8943000564"/>
    <tag k="highway" v="footway"/>
  </way>
  <way id="966627679" version="2" timestamp="2023-07-22T22:53:20Z" uid="12955846" user="JakeEdwardsville" changeset="138873773">
    <nd ref="11062494496"/>
    <nd ref="8943000567"/>
    <nd ref="8943000568"/>
    <nd ref="2531713388"/>
    <tag k="highway" v="footway"/>
  </way>
  <way id="967637891" version="2" timestamp="2022-04-15T15:59:27Z" uid="12955846" user="JakeEdwardsville" changeset="119756834">
    <nd ref="8943000550"/>
    <nd ref="8943000551"/>
    <tag k="highway" v="footway"/>
  </way>
  <way id="967637892" version="2" timestamp="2024-02-15T04:54:09Z" uid="12955846" user="JakeEdwardsville" changeset="147474261">
    <nd ref="8943000551"/>
    <nd ref="8943000561"/>
    <nd ref="8943000552"/>
    <tag k="crossing" v="marked"/>
    <tag k="crossing:markings" v="yes"/>
    <tag k="footway" v="crossing"/>
    <tag k="highway" v="footway"/>
  </way>
  <way id="967637893" version="2" timestamp="2022-04-15T15:59:27Z" uid="12955846" user="JakeEdwardsville" changeset="119756834">
    <nd ref="2531713360"/>
    <nd ref="8943000560"/>
    <nd ref="8943000550"/>
    <tag k="crossing" v="marked"/>
    <tag k="footway" v="crossing"/>
    <tag k="highway" v="footway"/>
  </way>
  <way id="969982097" version="2" timestamp="2022-10-31T19:46:04Z" uid="17481238" user="TetragnathaPlanata" changeset="128314426">
    <nd ref="8976131800"/>
    <nd ref="8976131801"/>
    <tag k="highway" v="footway"/>
    <tag k="surface" v="concrete"/>
  </way>
  <way id="969982098" version="1" timestamp="2021-08-03T05:37:02Z" uid="12955846" user="JakeEdwardsville" changeset="109064617">
    <nd ref="8642041832"/>
    <nd ref="8976131802"/>
    <tag k="highway" v="footway"/>
  </way>
  <way id="969982099" version="1" timestamp="2021-08-03T05:37:02Z" uid="12955846" user="JakeEdwardsville" changeset="109064617">
    <nd ref="8642076084"/>
    <nd ref="8976136336"/>
    <nd ref="8976136334"/>
    <nd ref="3343199704"/>
    <tag k="footway" v="sidewalk"/>
    <tag k="highway" v="footway"/>
  </way>
  <way id="969982100" version="1" timestamp="2021-08-03T05:37:02Z" uid="12955846" user="JakeEdwardsville" changeset="109064617">
    <nd ref="8642076076"/>
    <nd ref="8976131814"/>
    <nd ref="8976131813"/>
    <nd ref="8976131810"/>
    <nd ref="8976131812"/>
    <nd ref="8976131811"/>
    <nd ref="3343199704"/>
    <tag k="footway" v="sidewalk"/>
    <tag k="highway" v="footway"/>
  </way>
  <way id="969982101" version="1" timestamp="2021-08-03T05:37:02Z" uid="12955846" user="JakeEdwardsville" changeset="109064617">
    <nd ref="8976131803"/>
    <nd ref="8976131804"/>
    <nd ref="8976131805"/>
    <nd ref="8976131806"/>
    <nd ref="8976131807"/>
    <nd ref="8976131808"/>
    <nd ref="8976131809"/>
    <nd ref="8642076076"/>
    <tag k="footway" v="sidewalk"/>
    <tag k="highway" v="footway"/>
  </way>
  <way id="969982102" version="1" timestamp="2021-08-03T05:37:02Z" uid="12955846" user="JakeEdwardsville" changeset="109064617">
    <nd ref="8976136367"/>
    <nd ref="8976136368"/>
    <nd ref="8976136369"/>
    <nd ref="8976136370"/>
    <nd ref="8976136371"/>
    <nd ref="8976136372"/>
    <nd ref="8976136373"/>
    <nd ref="8976136374"/>
    <nd ref="8976136375"/>
    <nd ref="8976136376"/>
    <nd ref="8976136377"/>
    <nd ref="8976136378"/>
    <tag k="highway" v="footway"/>
  </way>
  <way id="970498284" version="3" timestamp="2022-11-09T17:35:58Z" uid="17481238" user="TetragnathaPlanata" changeset="128697263">
    <nd ref="2531718077"/>
    <nd ref="8976136382"/>
    <nd ref="6967747966"/>
    <nd ref="8976136383"/>
    <nd ref="6967747967"/>
    <nd ref="6967747970"/>
    <nd ref="6967747968"/>
    <nd ref="8669979620"/>
    <tag k="highway" v="footway"/>
    <tag k="smoothness" v="excellent"/>
    <tag k="surface" v="asphalt"/>
  </way>
  <way id="970498287" version="1" timestamp="2021-08-04T22:58:55Z" uid="12955846" user="JakeEdwardsville" changeset="109167131">
    <nd ref="8981472837"/>
    <nd ref="8981472845"/>
    <nd ref="8981472838"/>
    <nd ref="8981472839"/>
    <nd ref="8981472840"/>
    <nd ref="8981472841"/>
    <nd ref="8981472842"/>
    <nd ref="8981472843"/>
    <nd ref="8981472844"/>
    <nd ref="8981472837"/>
    <tag k="building" v="yes"/>
  </way>
  <way id="970498289" version="1" timestamp="2021-08-04T22:58:55Z" uid="12955846" user="JakeEdwardsville" changeset="109167131">
    <nd ref="8981472892"/>
    <nd ref="8981472870"/>
    <nd ref="8981472871"/>
    <nd ref="8981472872"/>
    <nd ref="8981472873"/>
    <nd ref="8981472874"/>
    <nd ref="8981472875"/>
    <nd ref="8981472876"/>
    <nd ref="8981472877"/>
    <nd ref="8981472878"/>
    <nd ref="8981472879"/>
    <nd ref="8981472880"/>
    <nd ref="8981472881"/>
    <nd ref="8981472882"/>
    <nd ref="8981472883"/>
    <nd ref="8981472886"/>
    <nd ref="8981472884"/>
    <nd ref="8981472890"/>
    <nd ref="8981472885"/>
    <tag k="highway" v="footway"/>
  </way>
  <way id="970498290" version="1" timestamp="2021-08-04T22:58:55Z" uid="12955846" user="JakeEdwardsville" changeset="109167131">
    <nd ref="8981472886"/>
    <nd ref="8981472887"/>
    <tag k="highway" v="footway"/>
  </way>
  <way id="970498291" version="1" timestamp="2021-08-04T22:58:55Z" uid="12955846" user="JakeEdwardsville" changeset="109167131">
    <nd ref="8981472888"/>
    <nd ref="8981472889"/>
    <tag k="highway" v="footway"/>
  </way>
  <way id="970498292" version="1" timestamp="2021-08-04T22:58:55Z" uid="12955846" user="JakeEdwardsville" changeset="109167131">
    <nd ref="8981472890"/>
    <nd ref="8981472891"/>
    <tag k="highway" v="footway"/>
  </way>
  <way id="970498293" version="1" timestamp="2021-08-04T22:58:55Z" uid="12955846" user="JakeEdwardsville" changeset="109167131">
    <nd ref="8981472892"/>
    <nd ref="8981472889"/>
    <nd ref="8981472891"/>
    <tag k="highway" v="footway"/>
  </way>
  <way id="971198683" version="2" timestamp="2024-02-12T22:30:37Z" uid="19598846" user="wesleyote" changeset="147387135">
    <nd ref="2531715713"/>
    <nd ref="236451209"/>
    <nd ref="2531719212"/>
    <tag k="crossing" v="marked"/>
    <tag k="footway" v="crossing"/>
    <tag k="highway" v="footway"/>
    <tag k="surface" v="asphalt"/>
  </way>
  <way id="971198684" version="2" timestamp="2024-02-12T22:30:37Z" uid="19598846" user="wesleyote" changeset="147387135">
    <nd ref="8988419616"/>
    <nd ref="8988514218"/>
    <nd ref="8988514217"/>
    <tag k="crossing" v="marked"/>
    <tag k="footway" v="crossing"/>
    <tag k="highway" v="footway"/>
    <tag k="surface" v="asphalt"/>
  </way>
  <way id="971198685" version="2" timestamp="2024-02-12T22:30:37Z" uid="19598846" user="wesleyote" changeset="147387135">
    <nd ref="2531715712"/>
    <nd ref="8988419616"/>
    <tag k="highway" v="footway"/>
    <tag k="surface" v="asphalt"/>
  </way>
  <way id="971198686" version="2" timestamp="2024-02-12T22:30:38Z" uid="19598846" user="wesleyote" changeset="147387135">
    <nd ref="8988514217"/>
    <nd ref="8988514219"/>
    <nd ref="8988514220"/>
    <nd ref="8988514221"/>
    <nd ref="8988514222"/>
    <nd ref="8988514223"/>
    <nd ref="8988514224"/>
    <nd ref="8988514225"/>
    <nd ref="8988514226"/>
    <nd ref="8988514227"/>
    <nd ref="8988514228"/>
    <nd ref="8988514229"/>
    <nd ref="8988514230"/>
    <nd ref="8988514231"/>
    <nd ref="8988514232"/>
    <nd ref="8988514233"/>
    <nd ref="8988514234"/>
    <nd ref="8988514235"/>
    <nd ref="8988514236"/>
    <nd ref="8988514237"/>
    <nd ref="8988514238"/>
    <tag k="footway" v="sidewalk"/>
    <tag k="highway" v="footway"/>
    <tag k="surface" v="asphalt"/>
  </way>
  <way id="971198687" version="2" timestamp="2024-02-12T22:30:39Z" uid="19598846" user="wesleyote" changeset="147387135">
    <nd ref="8988514238"/>
    <nd ref="8988514239"/>
    <nd ref="8988514241"/>
    <nd ref="2531715678"/>
    <tag k="highway" v="footway"/>
    <tag k="surface" v="asphalt"/>
  </way>
  <way id="971198688" version="3" timestamp="2025-08-08T18:05:26Z" uid="22659674" user="AG1700" changeset="170169414">
    <nd ref="2531715678"/>
    <nd ref="8988514243"/>
    <nd ref="8670810355"/>
    <tag k="crossing" v="marked"/>
    <tag k="crossing:markings" v="yes"/>
    <tag k="footway" v="crossing"/>
    <tag k="highway" v="footway"/>
    <tag k="surface" v="asphalt"/>
  </way>
  <way id="971198689" version="2" timestamp="2025-11-05T21:36:04Z" uid="19598846" user="wesleyote" changeset="174259861">
    <nd ref="8670810355"/>
    <nd ref="8988514266"/>
    <nd ref="8988514265"/>
    <nd ref="8988514267"/>
    <nd ref="8670810358"/>
    <tag k="footway" v="sidewalk"/>
    <tag k="highway" v="footway"/>
    <tag k="surface" v="asphalt"/>
  </way>
  <way id="971198690" version="3" timestamp="2025-08-08T18:05:26Z" uid="22659674" user="AG1700" changeset="170169414">
    <nd ref="8670810358"/>
    <nd ref="8988514242"/>
    <nd ref="8670810359"/>
    <tag k="crossing" v="marked"/>
    <tag k="crossing:markings" v="yes"/>
    <tag k="footway" v="crossing"/>
    <tag k="highway" v="footway"/>
    <tag k="surface" v="asphalt"/>
  </way>
  <way id="971198691" version="3" timestamp="2025-08-08T18:05:26Z" uid="22659674" user="AG1700" changeset="170169414">
    <nd ref="8988514244"/>
    <nd ref="8988514246"/>
    <nd ref="8988514245"/>
    <tag k="crossing" v="marked"/>
    <tag k="crossing:markings" v="yes"/>
    <tag k="footway" v="crossing"/>
    <tag k="highway" v="footway"/>
    <tag k="surface" v="asphalt"/>
  </way>
  <way id="971198692" version="3" timestamp="2022-11-09T17:29:06Z" uid="17481238" user="TetragnathaPlanata" changeset="128697263">
    <nd ref="8670810359"/>
    <nd ref="8988514247"/>
    <nd ref="8988514248"/>
    <nd ref="8988514249"/>
    <nd ref="8988514250"/>
    <nd ref="8988514251"/>
    <nd ref="8988514252"/>
    <nd ref="8988514253"/>
    <nd ref="8988514254"/>
    <nd ref="8571940755"/>
    <tag k="footway" v="sidewalk"/>
    <tag k="highway" v="footway"/>
    <tag k="smoothness" v="excellent"/>
    <tag k="surface" v="asphalt"/>
  </way>
  <way id="971198693" version="3" timestamp="2022-11-09T17:28:40Z" uid="17481238" user="TetragnathaPlanata" changeset="128697263">
    <nd ref="8571940755"/>
    <nd ref="8623776552"/>
    <nd ref="7595582750"/>
    <nd ref="8670810363"/>
    <tag k="highway" v="footway"/>
    <tag k="smoothness" v="excellent"/>
    <tag k="surface" v="concrete"/>
  </way>
  <way id="971198694" version="3" timestamp="2022-11-09T17:28:39Z" uid="17481238" user="TetragnathaPlanata" changeset="128697263">
    <nd ref="8670810363"/>
    <nd ref="8988514255"/>
    <nd ref="8670810354"/>
    <tag k="crossing" v="marked"/>
    <tag k="footway" v="crossing"/>
    <tag k="highway" v="footway"/>
    <tag k="smoothness" v="good"/>
    <tag k="surface" v="asphalt"/>
  </way>
  <way id="971198695" version="6" timestamp="2022-11-10T22:23:58Z" uid="17481238" user="TetragnathaPlanata" changeset="128753435">
    <nd ref="8571940755"/>
    <nd ref="8988514256"/>
    <nd ref="8988514257"/>
    <nd ref="8988514258"/>
    <nd ref="8988514259"/>
    <nd ref="8988514260"/>
    <tag k="footway" v="sidewalk"/>
    <tag k="highway" v="footway"/>
    <tag k="smoothness" v="good"/>
    <tag k="surface" v="asphalt"/>
  </way>
  <way id="971198696" version="1" timestamp="2021-08-07T19:14:02Z" uid="12955846" user="JakeEdwardsville" changeset="109322874">
    <nd ref="8988514245"/>
    <nd ref="8988514268"/>
    <nd ref="8988514269"/>
    <nd ref="8988514270"/>
    <tag k="highway" v="footway"/>
  </way>
  <way id="971198697" version="2" timestamp="2022-11-02T16:59:47Z" uid="17481238" user="TetragnathaPlanata" changeset="128402599">
    <nd ref="8670810348"/>
    <nd ref="8670810383"/>
    <nd ref="8988514271"/>
    <tag k="crossing" v="marked"/>
    <tag k="footway" v="crossing"/>
    <tag k="highway" v="footway"/>
    <tag k="surface" v="asphalt"/>
  </way>
  <way id="971198698" version="1" timestamp="2021-08-07T19:14:02Z" uid="12955846" user="JakeEdwardsville" changeset="109322874">
    <nd ref="8988514274"/>
    <nd ref="8670810367"/>
    <nd ref="8670810368"/>
    <nd ref="8670810369"/>
    <nd ref="8988514273"/>
    <tag k="highway" v="footway"/>
  </way>
  <way id="971198699" version="1" timestamp="2021-08-07T19:14:02Z" uid="12955846" user="JakeEdwardsville" changeset="109322874">
    <nd ref="8988514273"/>
    <nd ref="8670810381"/>
    <nd ref="8988514272"/>
    <tag k="crossing" v="marked"/>
    <tag k="footway" v="crossing"/>
    <tag k="highway" v="footway"/>
  </way>
  <way id="971198700" version="1" timestamp="2021-08-07T19:14:02Z" uid="12955846" user="JakeEdwardsville" changeset="109322874">
    <nd ref="8670859358"/>
    <nd ref="8988514275"/>
    <tag k="highway" v="footway"/>
  </way>
  <way id="971198701" version="1" timestamp="2021-08-07T19:14:02Z" uid="12955846" user="JakeEdwardsville" changeset="109322874">
    <nd ref="8988514275"/>
    <nd ref="8670810366"/>
    <nd ref="8988514274"/>
    <tag k="crossing" v="marked"/>
    <tag k="footway" v="crossing"/>
    <tag k="highway" v="footway"/>
  </way>
  <way id="971198702" version="1" timestamp="2021-08-07T19:14:02Z" uid="12955846" user="JakeEdwardsville" changeset="109322874">
    <nd ref="8988514276"/>
    <nd ref="8988514277"/>
    <nd ref="8988514278"/>
    <nd ref="8988514279"/>
    <nd ref="8988514389"/>
    <nd ref="8988514280"/>
    <nd ref="8988514281"/>
    <nd ref="8988514282"/>
    <nd ref="8988514283"/>
    <nd ref="8988514284"/>
    <nd ref="8988514365"/>
    <nd ref="8988514285"/>
    <nd ref="8988514286"/>
    <nd ref="8988514287"/>
    <nd ref="8988514288"/>
    <nd ref="8988514289"/>
    <nd ref="8988514362"/>
    <nd ref="8988514290"/>
    <nd ref="8988514291"/>
    <nd ref="8988514292"/>
    <nd ref="8988514293"/>
    <nd ref="8988514294"/>
    <nd ref="8988514387"/>
    <nd ref="8988514295"/>
    <nd ref="8988514296"/>
    <nd ref="8988514297"/>
    <nd ref="8988514276"/>
    <tag k="footway" v="sidewalk"/>
    <tag k="highway" v="footway"/>
  </way>
  <way id="971198703" version="2" timestamp="2025-11-07T01:25:40Z" uid="19598846" user="wesleyote" changeset="174312866">
    <nd ref="8988514298"/>
    <nd ref="8988514299"/>
    <nd ref="8988514300"/>
    <nd ref="8988514301"/>
    <nd ref="8988514302"/>
    <nd ref="8988514303"/>
    <nd ref="8988514304"/>
    <nd ref="8988514305"/>
    <nd ref="8988514306"/>
    <nd ref="8988514307"/>
    <nd ref="8988514308"/>
    <nd ref="8988514309"/>
    <nd ref="8988514310"/>
    <nd ref="8988514311"/>
    <nd ref="8988514312"/>
    <tag k="footway" v="sidewalk"/>
    <tag k="highway" v="footway"/>
    <tag k="surface" v="concrete"/>
  </way>
  <way id="971198704" version="2" timestamp="2022-10-31T17:25:13Z" uid="17481238" user="TetragnathaPlanata" changeset="128309665">
    <nd ref="8988514313"/>
    <nd ref="8988514314"/>
    <nd ref="8988514315"/>
    <nd ref="8988514316"/>
    <nd ref="8988514317"/>
    <nd ref="8988514318"/>
    <nd ref="8571940758"/>
    <nd ref="8988514319"/>
    <nd ref="8988514324"/>
    <nd ref="8988514320"/>
    <nd ref="8988514321"/>
    <nd ref="8988514322"/>
    <nd ref="8988514323"/>
    <tag k="footway" v="sidewalk"/>
    <tag k="highway" v="footway"/>
  </way>
  <way id="971198705" version="2" timestamp="2025-11-07T01:25:27Z" uid="19598846" user="wesleyote" changeset="174312866">
    <nd ref="8988514325"/>
    <nd ref="8988514326"/>
    <nd ref="8988514327"/>
    <nd ref="8988514328"/>
    <nd ref="8988514329"/>
    <nd ref="8988514330"/>
    <nd ref="8571940760"/>
    <nd ref="8988514338"/>
    <nd ref="8571940763"/>
    <nd ref="8988514331"/>
    <nd ref="8988514332"/>
    <nd ref="8988514333"/>
    <nd ref="8988514334"/>
    <nd ref="8988514335"/>
    <nd ref="8988514336"/>
    <nd ref="8988514337"/>
    <nd ref="8669915539"/>
    <tag k="footway" v="sidewalk"/>
    <tag k="highway" v="footway"/>
    <tag k="surface" v="asphalt"/>
  </way>
  <way id="971198706" version="2" timestamp="2025-11-07T01:25:28Z" uid="19598846" user="wesleyote" changeset="174312866">
    <nd ref="8988514338"/>
    <nd ref="8988514343"/>
    <nd ref="8988514344"/>
    <nd ref="8988514339"/>
    <nd ref="8988514340"/>
    <tag k="footway" v="sidewalk"/>
    <tag k="highway" v="footway"/>
    <tag k="surface" v="concrete"/>
  </way>
  <way id="971198707" version="2" timestamp="2025-11-07T01:25:31Z" uid="19598846" user="wesleyote" changeset="174312866">
    <nd ref="8988514340"/>
    <nd ref="8988514342"/>
    <nd ref="8988514384"/>
    <nd ref="8988514341"/>
    <tag k="crossing" v="marked"/>
    <tag k="footway" v="crossing"/>
    <tag k="highway" v="footway"/>
    <tag k="surface" v="asphalt"/>
  </way>
  <way id="971198708" version="2" timestamp="2025-11-07T01:25:33Z" uid="19598846" user="wesleyote" changeset="174312866">
    <nd ref="8670810403"/>
    <nd ref="8988514346"/>
    <nd ref="8988514383"/>
    <nd ref="8988514345"/>
    <tag k="crossing" v="marked"/>
    <tag k="footway" v="crossing"/>
    <tag k="highway" v="footway"/>
    <tag k="surface" v="asphalt"/>
  </way>
  <way id="971198709" version="1" timestamp="2021-08-07T19:14:02Z" uid="12955846" user="JakeEdwardsville" changeset="109322874">
    <nd ref="8669915540"/>
    <nd ref="8669915541"/>
    <tag k="footway" v="sidewalk"/>
    <tag k="highway" v="footway"/>
  </way>
  <way id="971198710" version="1" timestamp="2021-08-07T19:14:02Z" uid="12955846" user="JakeEdwardsville" changeset="109322874">
    <nd ref="8669915537"/>
    <nd ref="8669915544"/>
    <nd ref="8669915538"/>
    <tag k="crossing" v="marked"/>
    <tag k="footway" v="crossing"/>
    <tag k="highway" v="footway"/>
  </way>
  <way id="971198711" version="1" timestamp="2021-08-07T19:14:02Z" uid="12955846" user="JakeEdwardsville" changeset="109322874">
    <nd ref="8669915538"/>
    <nd ref="8669915539"/>
    <tag k="footway" v="sidewalk"/>
    <tag k="highway" v="footway"/>
  </way>
  <way id="971198712" version="2" timestamp="2025-08-08T18:05:26Z" uid="22659674" user="AG1700" changeset="170169414">
    <nd ref="8669915539"/>
    <nd ref="8669915545"/>
    <nd ref="8669915540"/>
    <tag k="crossing" v="marked"/>
    <tag k="crossing:markings" v="yes"/>
    <tag k="footway" v="crossing"/>
    <tag k="highway" v="footway"/>
  </way>
  <way id="971198713" version="2" timestamp="2025-08-08T18:05:26Z" uid="22659674" user="AG1700" changeset="170169414">
    <nd ref="8669915541"/>
    <nd ref="8669915547"/>
    <nd ref="8988514720"/>
    <tag k="crossing" v="marked"/>
    <tag k="crossing:markings" v="yes"/>
    <tag k="footway" v="crossing"/>
    <tag k="highway" v="footway"/>
  </way>
  <way id="971198714" version="1" timestamp="2021-08-07T19:14:02Z" uid="12955846" user="JakeEdwardsville" changeset="109322874">
    <nd ref="8988514349"/>
    <nd ref="8988514347"/>
    <tag k="footway" v="sidewalk"/>
    <tag k="highway" v="footway"/>
  </way>
  <way id="971198715" version="2" timestamp="2025-08-08T18:05:26Z" uid="22659674" user="AG1700" changeset="170169414">
    <nd ref="8988514347"/>
    <nd ref="8669915543"/>
    <nd ref="8988514348"/>
    <tag k="crossing" v="marked"/>
    <tag k="crossing:markings" v="yes"/>
    <tag k="footway" v="crossing"/>
    <tag k="highway" v="footway"/>
  </way>
  <way id="971198716" version="1" timestamp="2021-08-07T19:14:02Z" uid="12955846" user="JakeEdwardsville" changeset="109322874">
    <nd ref="2531715649"/>
    <nd ref="8988514352"/>
    <tag k="footway" v="sidewalk"/>
    <tag k="highway" v="footway"/>
  </way>
  <way id="971198717" version="3" timestamp="2025-08-08T18:05:26Z" uid="22659674" user="AG1700" changeset="170169414">
    <nd ref="8988514352"/>
    <nd ref="12011157301"/>
    <nd ref="8988514351"/>
    <tag k="crossing" v="marked"/>
    <tag k="crossing:markings" v="yes"/>
    <tag k="footway" v="crossing"/>
    <tag k="highway" v="footway"/>
  </way>
  <way id="971198718" version="1" timestamp="2021-08-07T19:14:02Z" uid="12955846" user="JakeEdwardsville" changeset="109322874">
    <nd ref="8988514351"/>
    <nd ref="8669915534"/>
    <nd ref="8988514350"/>
    <tag k="footway" v="sidewalk"/>
    <tag k="highway" v="footway"/>
  </way>
  <way id="971198719" version="2" timestamp="2025-08-08T18:05:26Z" uid="22659674" user="AG1700" changeset="170169414">
    <nd ref="8988514350"/>
    <nd ref="8669915546"/>
    <nd ref="8988514349"/>
    <tag k="crossing" v="marked"/>
    <tag k="crossing:markings" v="yes"/>
    <tag k="footway" v="crossing"/>
    <tag k="highway" v="footway"/>
  </way>
  <way id="971198720" version="2" timestamp="2025-10-27T03:02:43Z" uid="22570471" user="seateaeye" changeset="173818637">
    <nd ref="8988514353"/>
    <nd ref="8988514355"/>
    <nd ref="8988514354"/>
    <tag k="crossing" v="uncontrolled"/>
    <tag k="crossing:markings" v="zebra"/>
    <tag k="footway" v="crossing"/>
    <tag k="highway" v="footway"/>
  </way>
  <way id="971198721" version="2" timestamp="2022-10-27T21:30:43Z" uid="7261026" user="Falkner09" changeset="128147834">
    <nd ref="8988514356"/>
    <nd ref="8988514358"/>
    <nd ref="10133978725"/>
    <nd ref="8988514357"/>
    <tag k="crossing" v="marked"/>
    <tag k="footway" v="crossing"/>
    <tag k="highway" v="footway"/>
  </way>
  <way id="971198722" version="1" timestamp="2021-08-07T19:14:02Z" uid="12955846" user="JakeEdwardsville" changeset="109322874">
    <nd ref="8988514359"/>
    <nd ref="8988514361"/>
    <nd ref="8988514360"/>
    <tag k="crossing" v="marked"/>
    <tag k="footway" v="crossing"/>
    <tag k="highway" v="footway"/>
  </way>
  <way id="971198723" version="1" timestamp="2021-08-07T19:14:02Z" uid="12955846" user="JakeEdwardsville" changeset="109322874">
    <nd ref="8988514362"/>
    <nd ref="8988514364"/>
    <nd ref="8988514363"/>
    <tag k="crossing" v="marked"/>
    <tag k="footway" v="crossing"/>
    <tag k="highway" v="footway"/>
  </way>
  <way id="971198724" version="1" timestamp="2021-08-07T19:14:02Z" uid="12955846" user="JakeEdwardsville" changeset="109322874">
    <nd ref="8988514365"/>
    <nd ref="8988514367"/>
    <nd ref="8988514366"/>
    <tag k="crossing" v="marked"/>
    <tag k="footway" v="crossing"/>
    <tag k="highway" v="footway"/>
  </way>
  <way id="971198725" version="1" timestamp="2021-08-07T19:14:02Z" uid="12955846" user="JakeEdwardsville" changeset="109322874">
    <nd ref="8988514368"/>
    <nd ref="8988514369"/>
    <nd ref="8988514345"/>
    <nd ref="8988514370"/>
    <nd ref="8988514371"/>
    <nd ref="8988514372"/>
    <nd ref="8988514341"/>
    <nd ref="8988514373"/>
    <nd ref="8988514374"/>
    <nd ref="8988514375"/>
    <nd ref="8988514376"/>
    <nd ref="8988514359"/>
    <nd ref="8988514377"/>
    <nd ref="8988514378"/>
    <nd ref="8988514379"/>
    <nd ref="8988514380"/>
    <nd ref="8988514356"/>
    <nd ref="8988514381"/>
    <nd ref="8988514382"/>
    <nd ref="8988514368"/>
    <tag k="footway" v="sidewalk"/>
    <tag k="highway" v="footway"/>
  </way>
  <way id="971198726" version="2" timestamp="2025-11-07T01:25:34Z" uid="19598846" user="wesleyote" changeset="174312866">
    <nd ref="8988514313"/>
    <nd ref="8988514386"/>
    <nd ref="8988514385"/>
    <tag k="crossing" v="marked"/>
    <tag k="footway" v="crossing"/>
    <tag k="highway" v="footway"/>
    <tag k="surface" v="asphalt"/>
  </way>
  <way id="971198727" version="2" timestamp="2025-11-07T01:25:38Z" uid="19598846" user="wesleyote" changeset="174312866">
    <nd ref="8988514385"/>
    <nd ref="8988514387"/>
    <tag k="footway" v="sidewalk"/>
    <tag k="highway" v="footway"/>
    <tag k="surface" v="concrete"/>
  </way>
  <way id="971198728" version="2" timestamp="2025-11-07T01:25:39Z" uid="19598846" user="wesleyote" changeset="174312866">
    <nd ref="8988514323"/>
    <nd ref="8988514391"/>
    <nd ref="8988514390"/>
    <nd ref="8988514388"/>
    <tag k="crossing" v="marked"/>
    <tag k="footway" v="crossing"/>
    <tag k="highway" v="footway"/>
    <tag k="surface" v="asphalt"/>
  </way>
  <way id="971198729" version="2" timestamp="2025-11-07T01:25:39Z" uid="19598846" user="wesleyote" changeset="174312866">
    <nd ref="8988514388"/>
    <nd ref="8988514389"/>
    <tag k="footway" v="sidewalk"/>
    <tag k="highway" v="footway"/>
    <tag k="surface" v="concrete"/>
  </way>
  <way id="971198730" version="2" timestamp="2024-01-17T22:30:58Z" uid="19598846" user="wesleyote" changeset="146383197">
    <nd ref="8670859355"/>
    <nd ref="8670859351"/>
    <nd ref="8670859232"/>
    <tag k="crossing" v="marked"/>
    <tag k="footway" v="crossing"/>
    <tag k="highway" v="footway"/>
    <tag k="surface" v="asphalt"/>
  </way>
  <way id="971198731" version="2" timestamp="2024-01-17T22:30:51Z" uid="19598846" user="wesleyote" changeset="146383197">
    <nd ref="8670810390"/>
    <nd ref="8670859352"/>
    <nd ref="8670859353"/>
    <tag k="crossing" v="marked"/>
    <tag k="footway" v="crossing"/>
    <tag k="highway" v="footway"/>
    <tag k="surface" v="asphalt"/>
  </way>
  <way id="971198732" version="2" timestamp="2025-10-27T03:02:43Z" uid="22570471" user="seateaeye" changeset="173818637">
    <nd ref="8988514354"/>
    <nd ref="13260664852"/>
    <nd ref="8988514392"/>
    <nd ref="8669915535"/>
    <tag k="footway" v="sidewalk"/>
    <tag k="highway" v="footway"/>
  </way>
  <way id="971198733" version="1" timestamp="2021-08-07T19:14:02Z" uid="12955846" user="JakeEdwardsville" changeset="109322874">
    <nd ref="8988514353"/>
    <nd ref="8988514393"/>
    <nd ref="7595582735"/>
    <tag k="footway" v="sidewalk"/>
    <tag k="highway" v="footway"/>
  </way>
  <way id="971198734" version="1" timestamp="2021-08-07T19:14:02Z" uid="12955846" user="JakeEdwardsville" changeset="109322874">
    <nd ref="2699932620"/>
    <nd ref="2699932624"/>
    <nd ref="8988514395"/>
    <tag k="highway" v="footway"/>
  </way>
  <way id="971198735" version="1" timestamp="2021-08-07T19:14:02Z" uid="12955846" user="JakeEdwardsville" changeset="109322874">
    <nd ref="8988514395"/>
    <nd ref="8571940768"/>
    <nd ref="8988514394"/>
    <tag k="crossing" v="marked"/>
    <tag k="footway" v="crossing"/>
    <tag k="highway" v="footway"/>
  </way>
  <way id="971198736" version="1" timestamp="2021-08-07T19:14:02Z" uid="12955846" user="JakeEdwardsville" changeset="109322874">
    <nd ref="6967680600"/>
    <nd ref="8944436908"/>
    <nd ref="8944436907"/>
    <nd ref="8944436910"/>
    <nd ref="8944436909"/>
    <nd ref="8713426769"/>
    <nd ref="8713426867"/>
    <nd ref="8713426866"/>
    <nd ref="8944461220"/>
    <nd ref="8713426868"/>
    <nd ref="8713426900"/>
    <nd ref="3343199741"/>
    <nd ref="8713426869"/>
    <nd ref="8713426835"/>
    <tag k="highway" v="footway"/>
  </way>
  <way id="971198737" version="1" timestamp="2021-08-07T19:14:02Z" uid="12955846" user="JakeEdwardsville" changeset="109322874">
    <nd ref="8988514397"/>
    <nd ref="8571940771"/>
    <nd ref="6967680600"/>
    <tag k="crossing" v="marked"/>
    <tag k="footway" v="crossing"/>
    <tag k="highway" v="footway"/>
  </way>
  <way id="971198738" version="2" timestamp="2023-06-03T16:17:04Z" uid="12955846" user="JakeEdwardsville" changeset="136908242">
    <nd ref="8988514398"/>
    <nd ref="8988514400"/>
    <nd ref="8988514399"/>
    <tag k="crossing" v="marked"/>
    <tag k="crossing:markings" v="yes"/>
    <tag k="footway" v="crossing"/>
    <tag k="highway" v="footway"/>
  </way>
  <way id="971198739" version="1" timestamp="2021-08-07T19:14:02Z" uid="12955846" user="JakeEdwardsville" changeset="109322874">
    <nd ref="8988514401"/>
    <nd ref="8713426899"/>
    <nd ref="8713426896"/>
    <nd ref="8713426897"/>
    <tag k="crossing" v="marked"/>
    <tag k="footway" v="crossing"/>
    <tag k="highway" v="footway"/>
  </way>
  <way id="971198740" version="1" timestamp="2021-08-07T19:14:02Z" uid="12955846" user="JakeEdwardsville" changeset="109322874">
    <nd ref="8988514402"/>
    <nd ref="6752002896"/>
    <nd ref="8988514403"/>
    <tag k="crossing" v="marked"/>
    <tag k="footway" v="crossing"/>
    <tag k="highway" v="footway"/>
  </way>
  <way id="971198741" version="1" timestamp="2021-08-07T19:14:02Z" uid="12955846" user="JakeEdwardsville" changeset="109322874">
    <nd ref="8988514404"/>
    <nd ref="8988514406"/>
    <nd ref="8988514405"/>
    <tag k="crossing" v="marked"/>
    <tag k="footway" v="crossing"/>
    <tag k="highway" v="footway"/>
  </way>
  <way id="971198742" version="1" timestamp="2021-08-07T19:14:02Z" uid="12955846" user="JakeEdwardsville" changeset="109322874">
    <nd ref="8988514414"/>
    <nd ref="8988514416"/>
    <nd ref="8988514415"/>
    <tag k="crossing" v="marked"/>
    <tag k="footway" v="crossing"/>
    <tag k="highway" v="footway"/>
  </way>
  <way id="971198743" version="1" timestamp="2021-08-07T19:14:02Z" uid="12955846" user="JakeEdwardsville" changeset="109322874">
    <nd ref="8642076106"/>
    <nd ref="8988514418"/>
    <nd ref="8988514417"/>
    <tag k="crossing" v="marked"/>
    <tag k="footway" v="crossing"/>
    <tag k="highway" v="footway"/>
  </way>
  <way id="971198744" version="1" timestamp="2021-08-07T19:14:02Z" uid="12955846" user="JakeEdwardsville" changeset="109322874">
    <nd ref="8988514419"/>
    <nd ref="8988514421"/>
    <nd ref="8988514420"/>
    <tag k="crossing" v="marked"/>
    <tag k="footway" v="crossing"/>
    <tag k="highway" v="footway"/>
  </way>
  <way id="971198745" version="1" timestamp="2021-08-07T19:14:02Z" uid="12955846" user="JakeEdwardsville" changeset="109322874">
    <nd ref="2531715774"/>
    <nd ref="8981472621"/>
    <nd ref="8645385759"/>
    <tag k="highway" v="footway"/>
  </way>
  <way id="971198746" version="1" timestamp="2021-08-07T19:14:02Z" uid="12955846" user="JakeEdwardsville" changeset="109322874">
    <nd ref="8645385759"/>
    <nd ref="8645385811"/>
    <nd ref="8645385760"/>
    <tag k="crossing" v="marked"/>
    <tag k="footway" v="crossing"/>
    <tag k="highway" v="footway"/>
  </way>
  <way id="971198747" version="1" timestamp="2021-08-07T19:14:02Z" uid="12955846" user="JakeEdwardsville" changeset="109322874">
    <nd ref="8988514422"/>
    <nd ref="8988514423"/>
    <nd ref="8988514424"/>
    <nd ref="8988514425"/>
    <nd ref="8988514426"/>
    <nd ref="8988514427"/>
    <nd ref="8988514428"/>
    <nd ref="8988514429"/>
    <nd ref="8988514430"/>
    <nd ref="8988514431"/>
    <nd ref="8988514432"/>
    <nd ref="8988514433"/>
    <nd ref="8988514434"/>
    <nd ref="8988514435"/>
    <nd ref="8988514436"/>
    <nd ref="8988514420"/>
    <tag k="footway" v="sidewalk"/>
    <tag k="highway" v="footway"/>
  </way>
  <way id="971198748" version="2" timestamp="2022-11-02T17:07:55Z" uid="17481238" user="TetragnathaPlanata" changeset="128402599">
    <nd ref="8988514419"/>
    <nd ref="8988514437"/>
    <nd ref="8988514438"/>
    <nd ref="8988514439"/>
    <nd ref="8988514440"/>
    <nd ref="8988514441"/>
    <nd ref="8988514442"/>
    <nd ref="8988514443"/>
    <nd ref="8988514444"/>
    <nd ref="8988514445"/>
    <nd ref="8988514446"/>
    <nd ref="8988514447"/>
    <nd ref="8988514448"/>
    <nd ref="8988514449"/>
    <nd ref="8988514450"/>
    <nd ref="8988514451"/>
    <nd ref="8988514452"/>
    <nd ref="8988514453"/>
    <nd ref="8988514454"/>
    <nd ref="8988514455"/>
    <nd ref="8988514456"/>
    <nd ref="8988514457"/>
    <nd ref="8988514458"/>
    <nd ref="8988514459"/>
    <nd ref="8988514460"/>
    <nd ref="8988514461"/>
    <nd ref="8988514462"/>
    <nd ref="8988514463"/>
    <nd ref="8988514464"/>
    <nd ref="8988514465"/>
    <nd ref="8988514466"/>
    <nd ref="8988514467"/>
    <nd ref="8988514468"/>
    <nd ref="8988514469"/>
    <nd ref="8988514470"/>
    <nd ref="8988514471"/>
    <nd ref="8988514417"/>
    <tag k="footway" v="sidewalk"/>
    <tag k="highway" v="footway"/>
    <tag k="surface" v="asphalt"/>
  </way>
  <way id="971198749" version="1" timestamp="2021-08-07T19:14:02Z" uid="12955846" user="JakeEdwardsville" changeset="109322874">
    <nd ref="8988514472"/>
    <nd ref="8988514473"/>
    <nd ref="8988514474"/>
    <nd ref="8988514475"/>
    <nd ref="8988514476"/>
    <nd ref="8988514477"/>
    <nd ref="8988514478"/>
    <nd ref="8988514479"/>
    <nd ref="8988514480"/>
    <nd ref="8988514481"/>
    <nd ref="8988514482"/>
    <nd ref="8988514483"/>
    <nd ref="8988514484"/>
    <nd ref="8988514485"/>
    <nd ref="8988514486"/>
    <nd ref="8988514487"/>
    <nd ref="8988514488"/>
    <nd ref="8988514489"/>
    <nd ref="8988514490"/>
    <nd ref="8988514491"/>
    <nd ref="8988514415"/>
    <tag k="footway" v="sidewalk"/>
    <tag k="highway" v="footway"/>
  </way>
  <way id="971198750" version="1" timestamp="2021-08-07T19:14:02Z" uid="12955846" user="JakeEdwardsville" changeset="109322874">
    <nd ref="8988514414"/>
    <nd ref="8988514492"/>
    <nd ref="8988514493"/>
    <nd ref="8988514494"/>
    <nd ref="8988514495"/>
    <nd ref="8988514405"/>
    <tag k="footway" v="sidewalk"/>
    <tag k="highway" v="footway"/>
  </way>
  <way id="971198751" version="1" timestamp="2021-08-07T19:14:02Z" uid="12955846" user="JakeEdwardsville" changeset="109322874">
    <nd ref="8988514404"/>
    <nd ref="8988514496"/>
    <nd ref="8571987324"/>
    <nd ref="8988514497"/>
    <nd ref="8988514403"/>
    <tag k="footway" v="sidewalk"/>
    <tag k="highway" v="footway"/>
  </way>
  <way id="971198752" version="1" timestamp="2021-08-07T19:14:02Z" uid="12955846" user="JakeEdwardsville" changeset="109322874">
    <nd ref="8988514402"/>
    <nd ref="8988514498"/>
    <nd ref="8988514568"/>
    <nd ref="8988514499"/>
    <nd ref="8988514500"/>
    <nd ref="8988514501"/>
    <nd ref="8988514502"/>
    <nd ref="8988514503"/>
    <nd ref="8988514504"/>
    <nd ref="8988514505"/>
    <nd ref="8988514506"/>
    <nd ref="8988514507"/>
    <nd ref="8988514508"/>
    <nd ref="8988514509"/>
    <nd ref="8988514510"/>
    <nd ref="8988514511"/>
    <nd ref="8988514512"/>
    <nd ref="8713426897"/>
    <nd ref="8988514513"/>
    <nd ref="8988514514"/>
    <nd ref="8988514515"/>
    <nd ref="8988514516"/>
    <nd ref="8988514517"/>
    <nd ref="8988514518"/>
    <nd ref="8988514519"/>
    <nd ref="8988514520"/>
    <nd ref="8988514521"/>
    <nd ref="8988514522"/>
    <nd ref="8988514537"/>
    <nd ref="8988514523"/>
    <nd ref="8988514524"/>
    <nd ref="8988514525"/>
    <nd ref="8988514526"/>
    <nd ref="8988514527"/>
    <nd ref="8988514528"/>
    <nd ref="8988514529"/>
    <nd ref="8988514530"/>
    <nd ref="8988514531"/>
    <nd ref="8988514532"/>
    <nd ref="8988514533"/>
    <nd ref="8988514534"/>
    <nd ref="8988514535"/>
    <nd ref="8988514536"/>
    <nd ref="8988514399"/>
    <tag k="footway" v="sidewalk"/>
    <tag k="highway" v="footway"/>
  </way>
  <way id="971198753" version="1" timestamp="2021-08-07T19:14:02Z" uid="12955846" user="JakeEdwardsville" changeset="109322874">
    <nd ref="8988514537"/>
    <nd ref="8988514538"/>
    <nd ref="8988514539"/>
    <nd ref="8988514540"/>
    <nd ref="8988514541"/>
    <nd ref="8988514542"/>
    <nd ref="8988514543"/>
    <nd ref="8988514544"/>
    <nd ref="8988514545"/>
    <nd ref="8988514546"/>
    <nd ref="8988514547"/>
    <nd ref="8988514548"/>
    <nd ref="8988514549"/>
    <tag k="highway" v="footway"/>
  </way>
  <way id="971198754" version="1" timestamp="2021-08-07T19:14:02Z" uid="12955846" user="JakeEdwardsville" changeset="109322874">
    <nd ref="8988514549"/>
    <nd ref="8988514550"/>
    <nd ref="8988514551"/>
    <nd ref="8988514552"/>
    <nd ref="8988514553"/>
    <nd ref="8988514554"/>
    <nd ref="8988514555"/>
    <nd ref="8988514556"/>
    <nd ref="8988514557"/>
    <tag k="footway" v="sidewalk"/>
    <tag k="highway" v="footway"/>
  </way>
  <way id="971198756" version="2" timestamp="2023-07-21T01:58:50Z" uid="12955846" user="JakeEdwardsville" changeset="138789957">
    <nd ref="8988514568"/>
    <nd ref="2531718210"/>
    <nd ref="8988514569"/>
    <nd ref="8988514570"/>
    <nd ref="8988514571"/>
    <nd ref="8988514572"/>
    <nd ref="8988514573"/>
    <nd ref="8571987327"/>
    <nd ref="8988514574"/>
    <tag k="footway" v="sidewalk"/>
    <tag k="highway" v="footway"/>
  </way>
  <way id="971198757" version="1" timestamp="2021-08-07T19:14:02Z" uid="12955846" user="JakeEdwardsville" changeset="109322874">
    <nd ref="2531718210"/>
    <nd ref="8988514577"/>
    <tag k="footway" v="sidewalk"/>
    <tag k="highway" v="footway"/>
  </way>
  <way id="971198758" version="1" timestamp="2021-08-07T19:14:02Z" uid="12955846" user="JakeEdwardsville" changeset="109322874">
    <nd ref="8988514492"/>
    <nd ref="8988514578"/>
    <nd ref="8988514579"/>
    <nd ref="8988514580"/>
    <nd ref="8988514581"/>
    <nd ref="8988514582"/>
    <nd ref="8988514583"/>
    <tag k="highway" v="footway"/>
  </way>
  <way id="971198759" version="1" timestamp="2021-08-07T19:14:02Z" uid="12955846" user="JakeEdwardsville" changeset="109322874">
    <nd ref="8988514398"/>
    <nd ref="8988514590"/>
    <nd ref="8988514591"/>
    <nd ref="8988514592"/>
    <nd ref="8988514593"/>
    <nd ref="8988514594"/>
    <nd ref="8988514595"/>
    <nd ref="8988514596"/>
    <nd ref="8988514597"/>
    <nd ref="8988514598"/>
    <nd ref="8988514599"/>
    <nd ref="8988514600"/>
    <nd ref="8988514601"/>
    <tag k="footway" v="sidewalk"/>
    <tag k="highway" v="footway"/>
  </way>
  <way id="971198760" version="1" timestamp="2021-08-07T19:14:02Z" uid="12955846" user="JakeEdwardsville" changeset="109322874">
    <nd ref="8988514601"/>
    <nd ref="8988514603"/>
    <nd ref="8988514602"/>
    <tag k="crossing" v="marked"/>
    <tag k="footway" v="crossing"/>
    <tag k="highway" v="footway"/>
  </way>
  <way id="971198761" version="2" timestamp="2024-10-03T01:48:08Z" uid="12955846" user="JakeEdwardsville" changeset="157399880">
    <nd ref="8988514602"/>
    <nd ref="8988514604"/>
    <nd ref="2531718405"/>
    <nd ref="8988514605"/>
    <nd ref="8988514606"/>
    <nd ref="8988514607"/>
    <nd ref="8988514608"/>
    <nd ref="2531718410"/>
    <nd ref="8988514609"/>
    <nd ref="8988514610"/>
    <nd ref="8988514611"/>
    <nd ref="8988514612"/>
    <nd ref="8988514613"/>
    <nd ref="8988514614"/>
    <nd ref="8988514615"/>
    <nd ref="8988514616"/>
    <nd ref="8988514617"/>
    <nd ref="8988514618"/>
    <nd ref="8988514619"/>
    <nd ref="8988514620"/>
    <nd ref="8988514621"/>
    <nd ref="8988514622"/>
    <nd ref="8988514623"/>
    <nd ref="8988514624"/>
    <nd ref="8988514625"/>
    <nd ref="8988514626"/>
    <nd ref="8988514627"/>
    <nd ref="8988514628"/>
    <nd ref="8988514629"/>
    <nd ref="8988514630"/>
    <nd ref="8988514631"/>
    <nd ref="8988514632"/>
    <nd ref="12217325302"/>
    <nd ref="8988514633"/>
    <nd ref="8988514634"/>
    <nd ref="8988514635"/>
    <nd ref="8988514636"/>
    <nd ref="8988514637"/>
    <nd ref="8988514638"/>
    <nd ref="8988514639"/>
    <nd ref="8988514640"/>
    <nd ref="8988514641"/>
    <nd ref="8988514643"/>
    <nd ref="8988514642"/>
    <nd ref="2700291353"/>
    <tag k="footway" v="sidewalk"/>
    <tag k="highway" v="footway"/>
    <tag k="layer" v="-1"/>
  </way>
  <way id="971198765" version="2" timestamp="2025-11-05T21:02:50Z" uid="19598846" user="wesleyote" changeset="174259861">
    <nd ref="2531718104"/>
    <nd ref="8976136398"/>
    <nd ref="8976136402"/>
    <nd ref="8976136403"/>
    <nd ref="8713368098"/>
    <nd ref="2531718106"/>
    <nd ref="8988514652"/>
    <tag k="highway" v="footway"/>
    <tag k="surface" v="asphalt"/>
  </way>
  <way id="971198766" version="2" timestamp="2025-11-05T21:02:52Z" uid="19598846" user="wesleyote" changeset="174259861">
    <nd ref="8988514652"/>
    <nd ref="8669979619"/>
    <nd ref="8988514653"/>
    <tag k="crossing" v="marked"/>
    <tag k="footway" v="crossing"/>
    <tag k="highway" v="footway"/>
    <tag k="surface" v="asphalt"/>
  </way>
  <way id="971198767" version="2" timestamp="2025-11-05T21:02:52Z" uid="19598846" user="wesleyote" changeset="174259861">
    <nd ref="8988514655"/>
    <nd ref="8669979630"/>
    <nd ref="8669979617"/>
    <tag k="highway" v="footway"/>
    <tag k="surface" v="concrete"/>
  </way>
  <way id="971198768" version="2" timestamp="2024-02-12T22:30:33Z" uid="19598846" user="wesleyote" changeset="147387135">
    <nd ref="8988514654"/>
    <nd ref="8988514656"/>
    <nd ref="8669979618"/>
    <nd ref="8988514655"/>
    <tag k="crossing" v="marked"/>
    <tag k="footway" v="crossing"/>
    <tag k="highway" v="footway"/>
    <tag k="surface" v="asphalt"/>
  </way>
  <way id="971198769" version="2" timestamp="2022-10-31T16:21:10Z" uid="17481238" user="TetragnathaPlanata" changeset="128307083">
    <nd ref="8988514658"/>
    <nd ref="2531715698"/>
    <tag k="highway" v="footway"/>
    <tag k="surface" v="asphalt"/>
  </way>
  <way id="971198770" version="2" timestamp="2022-10-31T19:51:50Z" uid="17481238" user="TetragnathaPlanata" changeset="128314426">
    <nd ref="8988514657"/>
    <nd ref="8153158441"/>
    <nd ref="8988514658"/>
    <tag k="crossing" v="marked"/>
    <tag k="footway" v="crossing"/>
    <tag k="highway" v="footway"/>
    <tag k="surface" v="asphalt"/>
  </way>
  <way id="971198771" version="3" timestamp="2022-11-09T17:32:39Z" uid="17481238" user="TetragnathaPlanata" changeset="128697263">
    <nd ref="8988514660"/>
    <nd ref="8670010139"/>
    <nd ref="8670010142"/>
    <tag k="footway" v="sidewalk"/>
    <tag k="highway" v="footway"/>
    <tag k="smoothness" v="excellent"/>
    <tag k="surface" v="concrete"/>
  </way>
  <way id="971198772" version="3" timestamp="2022-11-09T17:32:42Z" uid="17481238" user="TetragnathaPlanata" changeset="128697263">
    <nd ref="8988514659"/>
    <nd ref="8670010141"/>
    <nd ref="8988514660"/>
    <tag k="crossing" v="marked"/>
    <tag k="footway" v="crossing"/>
    <tag k="highway" v="footway"/>
    <tag k="smoothness" v="excellent"/>
    <tag k="surface" v="concrete"/>
  </way>
  <way id="971198773" version="1" timestamp="2021-08-07T19:14:02Z" uid="12955846" user="JakeEdwardsville" changeset="109322874">
    <nd ref="3343186857"/>
    <nd ref="3343186856"/>
    <nd ref="2531713322"/>
    <tag k="crossing" v="marked"/>
    <tag k="footway" v="crossing"/>
    <tag k="highway" v="footway"/>
  </way>
  <way id="971198774" version="1" timestamp="2021-08-07T19:14:02Z" uid="12955846" user="JakeEdwardsville" changeset="109322874">
    <nd ref="8988514685"/>
    <nd ref="8988514686"/>
    <nd ref="2531715667"/>
    <tag k="crossing" v="unmarked"/>
    <tag k="footway" v="crossing"/>
    <tag k="highway" v="footway"/>
  </way>
  <way id="971198775" version="1" timestamp="2021-08-07T19:14:02Z" uid="12955846" user="JakeEdwardsville" changeset="109322874">
    <nd ref="8988514687"/>
    <nd ref="8988514735"/>
    <nd ref="2531715667"/>
    <tag k="crossing" v="unmarked"/>
    <tag k="footway" v="crossing"/>
    <tag k="highway" v="footway"/>
  </way>
  <way id="971198776" version="1" timestamp="2021-08-07T19:14:02Z" uid="12955846" user="JakeEdwardsville" changeset="109322874">
    <nd ref="8988514688"/>
    <nd ref="8988514689"/>
    <tag k="crossing" v="unmarked"/>
    <tag k="footway" v="crossing"/>
    <tag k="highway" v="footway"/>
  </way>
  <way id="971198777" version="1" timestamp="2021-08-07T19:14:02Z" uid="12955846" user="JakeEdwardsville" changeset="109322874">
    <nd ref="8988514700"/>
    <nd ref="2531715636"/>
    <nd ref="8988514690"/>
    <nd ref="8988514691"/>
    <nd ref="8988514692"/>
    <nd ref="8988514693"/>
    <nd ref="8988514694"/>
    <nd ref="8988514699"/>
    <nd ref="8988514695"/>
    <nd ref="8988514698"/>
    <nd ref="8988514696"/>
    <nd ref="8988514697"/>
    <nd ref="8988514689"/>
    <tag k="footway" v="sidewalk"/>
    <tag k="highway" v="footway"/>
  </way>
  <way id="971198778" version="1" timestamp="2021-08-07T19:14:02Z" uid="12955846" user="JakeEdwardsville" changeset="109322874">
    <nd ref="8988514693"/>
    <nd ref="8988514685"/>
    <tag k="footway" v="sidewalk"/>
    <tag k="highway" v="footway"/>
  </way>
  <way id="971198779" version="1" timestamp="2021-08-07T19:14:02Z" uid="12955846" user="JakeEdwardsville" changeset="109322874">
    <nd ref="8988514688"/>
    <nd ref="8988514701"/>
    <nd ref="8988514702"/>
    <nd ref="8988514703"/>
    <nd ref="8988514704"/>
    <nd ref="8988514713"/>
    <nd ref="8988514705"/>
    <nd ref="8988514706"/>
    <nd ref="8988514712"/>
    <nd ref="8988514707"/>
    <nd ref="8988514708"/>
    <nd ref="8988514709"/>
    <nd ref="8988514710"/>
    <nd ref="8988514711"/>
    <nd ref="2699936108"/>
    <nd ref="2531713322"/>
    <tag k="footway" v="sidewalk"/>
    <tag k="highway" v="footway"/>
  </way>
  <way id="971198780" version="1" timestamp="2021-08-07T19:14:02Z" uid="12955846" user="JakeEdwardsville" changeset="109322874">
    <nd ref="8988514687"/>
    <nd ref="8988514712"/>
    <tag k="footway" v="sidewalk"/>
    <tag k="highway" v="footway"/>
  </way>
  <way id="971198781" version="1" timestamp="2021-08-07T19:14:02Z" uid="12955846" user="JakeEdwardsville" changeset="109322874">
    <nd ref="2531713323"/>
    <nd ref="8988514714"/>
    <nd ref="2699936109"/>
    <nd ref="8988514715"/>
    <nd ref="8988514716"/>
    <tag k="highway" v="footway"/>
  </way>
  <way id="971198782" version="1" timestamp="2021-08-07T19:14:02Z" uid="12955846" user="JakeEdwardsville" changeset="109322874">
    <nd ref="8988514720"/>
    <nd ref="8669915542"/>
    <tag k="highway" v="footway"/>
  </way>
  <way id="971198784" version="1" timestamp="2021-08-07T19:14:02Z" uid="12955846" user="JakeEdwardsville" changeset="109322874">
    <nd ref="2531715653"/>
    <nd ref="8988514728"/>
    <nd ref="2531715654"/>
    <nd ref="3343186858"/>
    <tag k="highway" v="footway"/>
  </way>
  <way id="971198785" version="1" timestamp="2021-08-07T19:14:02Z" uid="12955846" user="JakeEdwardsville" changeset="109322874">
    <nd ref="8988514729"/>
    <nd ref="8988514730"/>
    <tag k="highway" v="footway"/>
  </way>
  <way id="971198786" version="1" timestamp="2021-08-07T19:14:02Z" uid="12955846" user="JakeEdwardsville" changeset="109322874">
    <nd ref="8988514733"/>
    <nd ref="8942987214"/>
    <nd ref="2531713350"/>
    <nd ref="8988514732"/>
    <tag k="crossing" v="marked"/>
    <tag k="footway" v="crossing"/>
    <tag k="highway" v="footway"/>
  </way>
  <way id="971198787" version="1" timestamp="2021-08-07T19:14:02Z" uid="12955846" user="JakeEdwardsville" changeset="109322874">
    <nd ref="2531713349"/>
    <nd ref="8942987213"/>
    <nd ref="8988514734"/>
    <nd ref="8988514731"/>
    <tag k="crossing" v="unmarked"/>
    <tag k="footway" v="crossing"/>
    <tag k="highway" v="footway"/>
  </way>
  <way id="972072308" version="2" timestamp="2022-04-15T15:59:27Z" uid="12955846" user="JakeEdwardsville" changeset="119756834">
    <nd ref="8996839913"/>
    <nd ref="9668420918"/>
    <nd ref="8996839914"/>
    <tag k="crossing" v="marked"/>
    <tag k="footway" v="crossing"/>
    <tag k="highway" v="footway"/>
  </way>
  <way id="972072309" version="2" timestamp="2024-02-15T04:54:09Z" uid="12955846" user="JakeEdwardsville" changeset="147474261">
    <nd ref="8996839914"/>
    <nd ref="8996839916"/>
    <nd ref="8996839915"/>
    <tag k="crossing" v="marked"/>
    <tag k="crossing:markings" v="yes"/>
    <tag k="footway" v="crossing"/>
    <tag k="highway" v="footway"/>
  </way>
  <way id="972072310" version="2" timestamp="2023-09-20T20:51:09Z" uid="19598846" user="wesleyote" changeset="141531302">
    <nd ref="8996839915"/>
    <nd ref="8996842117"/>
    <tag k="highway" v="footway"/>
    <tag k="surface" v="concrete"/>
  </way>
  <way id="972072311" version="3" timestamp="2024-02-15T04:54:09Z" uid="12955846" user="JakeEdwardsville" changeset="147474261">
    <nd ref="8996842117"/>
    <nd ref="8680698889"/>
    <nd ref="8996842118"/>
    <tag k="crossing" v="marked"/>
    <tag k="crossing:markings" v="yes"/>
    <tag k="footway" v="crossing"/>
    <tag k="highway" v="footway"/>
    <tag k="surface" v="asphalt"/>
  </way>
  <way id="972072312" version="1" timestamp="2021-08-10T19:11:00Z" uid="12955846" user="JakeEdwardsville" changeset="109480713">
    <nd ref="8996842119"/>
    <nd ref="8996842120"/>
    <tag k="highway" v="footway"/>
  </way>
  <way id="972072313" version="1" timestamp="2021-08-10T19:11:00Z" uid="12955846" user="JakeEdwardsville" changeset="109480713">
    <nd ref="8996842120"/>
    <nd ref="8996842122"/>
    <nd ref="8996842121"/>
    <tag k="crossing" v="marked"/>
    <tag k="footway" v="crossing"/>
    <tag k="highway" v="footway"/>
  </way>
  <way id="972072314" version="1" timestamp="2021-08-10T19:11:00Z" uid="12955846" user="JakeEdwardsville" changeset="109480713">
    <nd ref="8996842121"/>
    <nd ref="8996842123"/>
    <tag k="highway" v="footway"/>
  </way>
  <way id="972072315" version="1" timestamp="2021-08-10T19:11:00Z" uid="12955846" user="JakeEdwardsville" changeset="109480713">
    <nd ref="8996842123"/>
    <nd ref="8996842144"/>
    <nd ref="8996842124"/>
    <tag k="crossing" v="marked"/>
    <tag k="footway" v="crossing"/>
    <tag k="highway" v="footway"/>
  </way>
  <way id="972072316" version="1" timestamp="2021-08-10T19:11:00Z" uid="12955846" user="JakeEdwardsville" changeset="109480713">
    <nd ref="8996842124"/>
    <nd ref="8996842125"/>
    <nd ref="8996842126"/>
    <nd ref="8996842127"/>
    <nd ref="8996842128"/>
    <nd ref="8996842129"/>
    <nd ref="8996842130"/>
    <nd ref="8996842131"/>
    <nd ref="8996842132"/>
    <nd ref="8996842133"/>
    <nd ref="8996842134"/>
    <tag k="highway" v="footway"/>
  </way>
  <way id="972076848" version="2" timestamp="2023-07-22T22:53:20Z" uid="12955846" user="JakeEdwardsville" changeset="138873773">
    <nd ref="8996880804"/>
    <nd ref="1426686187"/>
    <nd ref="236352735"/>
    <nd ref="8996880803"/>
    <tag k="crossing" v="marked"/>
    <tag k="crossing:markings" v="yes"/>
    <tag k="foot" v="yes"/>
    <tag k="footway" v="crossing"/>
    <tag k="highway" v="footway"/>
    <tag k="name" v="Delyte W. Morris Trail"/>
    <tag k="note:old_railway_operator" v="St. Louis and Alton"/>
    <tag k="railway" v="abandoned"/>
    <tag k="surface" v="asphalt"/>
  </way>
  <way id="972076850" version="1" timestamp="2021-08-10T19:41:43Z" uid="12955846" user="JakeEdwardsville" changeset="109481746">
    <nd ref="2699933078"/>
    <nd ref="2699934609"/>
    <tag k="highway" v="footway"/>
  </way>
  <way id="972076858" version="1" timestamp="2021-08-10T19:41:43Z" uid="12955846" user="JakeEdwardsville" changeset="109481746">
    <nd ref="8996883046"/>
    <nd ref="8996883047"/>
    <nd ref="8996883048"/>
    <nd ref="8996883053"/>
    <nd ref="8996883052"/>
    <nd ref="8996883050"/>
    <nd ref="8996883051"/>
    <tag k="highway" v="footway"/>
  </way>
  <way id="1031883006" version="1" timestamp="2022-02-16T02:39:34Z" uid="15096319" user="nibli" changeset="117457460">
    <nd ref="2699975973"/>
    <nd ref="9509539738"/>
    <nd ref="9509539739"/>
    <nd ref="9509539740"/>
    <nd ref="2699975973"/>
    <tag k="amenity" v="pharmacy"/>
    <tag k="building" v="yes"/>
    <tag k="dispensing" v="yes"/>
    <tag k="drive_through" v="no"/>
    <tag k="healthcare" v="pharmacy"/>
    <tag k="name" v="SIUE Pharmacy"/>
    <tag k="opening_hours:covid19" v="restricted"/>
  </way>
  <way id="1106865104" version="3" timestamp="2022-11-10T22:27:20Z" uid="17481238" user="TetragnathaPlanata" changeset="128753435">
    <nd ref="10128288406"/>
    <nd ref="10128288407"/>
    <nd ref="10128288408"/>
    <nd ref="10128288409"/>
    <nd ref="10128288391"/>
    <nd ref="10128288392"/>
    <nd ref="10128288393"/>
    <nd ref="10128288394"/>
    <nd ref="10128288395"/>
    <nd ref="10128288401"/>
    <nd ref="10128288402"/>
    <nd ref="10128288403"/>
    <nd ref="10128288404"/>
    <nd ref="10128288405"/>
    <nd ref="10128288396"/>
    <nd ref="10128288397"/>
    <nd ref="10128288398"/>
    <nd ref="10128288399"/>
    <nd ref="10128288400"/>
    <nd ref="10128288406"/>
    <tag k="highway" v="footway"/>
    <tag k="smoothness" v="excellent"/>
    <tag k="surface" v="concrete"/>
  </way>
  <way id="1106865105" version="2" timestamp="2022-11-02T17:03:08Z" uid="17481238" user="TetragnathaPlanata" changeset="128402599">
    <nd ref="10128288391"/>
    <nd ref="10128288410"/>
    <nd ref="10128288411"/>
    <nd ref="10128288412"/>
    <nd ref="10128288413"/>
    <tag k="highway" v="footway"/>
    <tag k="surface" v="concrete"/>
  </way>
  <way id="1107184054" version="2" timestamp="2025-08-08T18:05:26Z" uid="22659674" user="AG1700" changeset="170169414">
    <nd ref="8571987143"/>
    <nd ref="8571987142"/>
    <tag k="crossing" v="marked"/>
    <tag k="crossing:markings" v="yes"/>
    <tag k="footway" v="crossing"/>
    <tag k="highway" v="footway"/>
  </way>
  <way id="1107562277" version="2" timestamp="2022-10-31T18:10:31Z" uid="17481238" user="TetragnathaPlanata" changeset="128311226">
    <nd ref="8642041839"/>
    <nd ref="10133969449"/>
    <nd ref="10133969450"/>
    <nd ref="10133969454"/>
    <nd ref="10133969452"/>
    <nd ref="10133969451"/>
    <tag k="highway" v="footway"/>
    <tag k="surface" v="concrete"/>
  </way>
  <way id="1107562278" version="2" timestamp="2022-10-31T18:10:29Z" uid="17481238" user="TetragnathaPlanata" changeset="128311226">
    <nd ref="10133969452"/>
    <nd ref="10133969453"/>
    <tag k="highway" v="footway"/>
    <tag k="surface" v="concrete"/>
  </way>
  <way id="1107562279" version="2" timestamp="2022-10-31T18:10:31Z" uid="17481238" user="TetragnathaPlanata" changeset="128311226">
    <nd ref="10133969454"/>
    <nd ref="10133969455"/>
    <tag k="highway" v="footway"/>
    <tag k="surface" v="concrete"/>
  </way>
  <way id="1107562280" version="2" timestamp="2022-10-31T18:10:30Z" uid="17481238" user="TetragnathaPlanata" changeset="128311226">
    <nd ref="10133969455"/>
    <nd ref="10133969456"/>
    <nd ref="10133969457"/>
    <nd ref="10133969453"/>
    <tag k="highway" v="footway"/>
    <tag k="surface" v="concrete"/>
  </way>
  <way id="1108609768" version="3" timestamp="2022-11-09T17:33:49Z" uid="17481238" user="TetragnathaPlanata" changeset="128697263">
    <nd ref="10143384160"/>
    <nd ref="10143371029"/>
    <tag k="highway" v="footway"/>
    <tag k="smoothness" v="good"/>
    <tag k="surface" v="concrete"/>
  </way>
  <way id="1108611202" version="5" timestamp="2025-10-27T03:02:43Z" uid="22570471" user="seateaeye" changeset="173818637">
    <nd ref="2531713306"/>
    <nd ref="10143360555"/>
    <nd ref="10143360556"/>
    <nd ref="10143360557"/>
    <nd ref="10143360558"/>
    <nd ref="10143360559"/>
    <nd ref="10143519633"/>
    <nd ref="10143360560"/>
    <nd ref="10143360561"/>
    <nd ref="10143519629"/>
    <nd ref="10143360562"/>
    <nd ref="10143519631"/>
    <nd ref="10143360563"/>
    <nd ref="10143360564"/>
    <nd ref="10143360565"/>
    <nd ref="10143519630"/>
    <nd ref="10143360566"/>
    <nd ref="2531713308"/>
    <nd ref="10143360567"/>
    <nd ref="10143360568"/>
    <nd ref="10143360569"/>
    <nd ref="10143519612"/>
    <nd ref="10143360570"/>
    <nd ref="2531713305"/>
    <nd ref="10143360571"/>
    <nd ref="10143360572"/>
    <nd ref="10143360573"/>
    <nd ref="10143519572"/>
    <nd ref="10143360574"/>
    <nd ref="10143519573"/>
    <nd ref="10143360575"/>
    <nd ref="10143360576"/>
    <nd ref="2531713310"/>
    <nd ref="10143360577"/>
    <nd ref="10143360578"/>
    <nd ref="10143519547"/>
    <nd ref="10143360579"/>
    <nd ref="10143360580"/>
    <nd ref="13260664819"/>
    <nd ref="10143360581"/>
    <nd ref="13260664850"/>
    <nd ref="2531713312"/>
    <nd ref="2531713314"/>
    <nd ref="10143360583"/>
    <nd ref="13260664826"/>
    <nd ref="10143360584"/>
    <nd ref="10143499705"/>
    <nd ref="10143360585"/>
    <nd ref="10143499704"/>
    <nd ref="10143360586"/>
    <nd ref="10143360587"/>
    <nd ref="10143499699"/>
    <nd ref="10143360588"/>
    <nd ref="10143499697"/>
    <nd ref="10143360589"/>
    <nd ref="10143499698"/>
    <nd ref="10143360590"/>
    <nd ref="2531713313"/>
    <nd ref="10143360591"/>
    <nd ref="10143360592"/>
    <nd ref="10143519530"/>
    <nd ref="10143360593"/>
    <nd ref="10143360594"/>
    <nd ref="13260664818"/>
    <nd ref="10143360598"/>
    <nd ref="10143360595"/>
    <nd ref="10143519579"/>
    <nd ref="10143360596"/>
    <nd ref="10143519578"/>
    <nd ref="10143360597"/>
    <nd ref="2531713306"/>
    <tag k="footway" v="sidewalk"/>
    <tag k="highway" v="footway"/>
    <tag k="smoothness" v="good"/>
    <tag k="surface" v="asphalt"/>
  </way>
  <way id="1108611203" version="4" timestamp="2025-08-08T18:05:26Z" uid="22659674" user="AG1700" changeset="170169414">
    <nd ref="10143360561"/>
    <nd ref="236532251"/>
    <nd ref="10143360600"/>
    <nd ref="2531715673"/>
    <tag k="crossing" v="marked"/>
    <tag k="crossing:markings" v="yes"/>
    <tag k="footway" v="crossing"/>
    <tag k="highway" v="footway"/>
    <tag k="smoothness" v="excellent"/>
    <tag k="surface" v="asphalt"/>
  </way>
  <way id="1108623774" version="2" timestamp="2022-10-31T18:10:28Z" uid="17481238" user="TetragnathaPlanata" changeset="128311226">
    <nd ref="7122387484"/>
    <nd ref="8642041839"/>
    <nd ref="8642007309"/>
    <nd ref="10133969451"/>
    <nd ref="7122390586"/>
    <tag k="highway" v="footway"/>
    <tag k="surface" v="concrete"/>
  </way>
  <way id="1108777175" version="2" timestamp="2022-10-31T19:42:33Z" uid="17481238" user="TetragnathaPlanata" changeset="128314426">
    <nd ref="2531718124"/>
    <nd ref="7122390586"/>
    <nd ref="10133969453"/>
    <nd ref="10133969455"/>
    <nd ref="8642041825"/>
    <tag k="highway" v="footway"/>
    <tag k="surface" v="concrete"/>
  </way>
  <way id="1108777582" version="3" timestamp="2024-01-21T05:11:05Z" uid="12955846" user="JakeEdwardsville" changeset="146500612">
    <nd ref="2531713359"/>
    <nd ref="2531713363"/>
    <nd ref="2531713388"/>
    <nd ref="2531713364"/>
    <nd ref="8944435288"/>
    <nd ref="2531713365"/>
    <nd ref="8943000564"/>
    <nd ref="2531713366"/>
    <nd ref="2531713367"/>
    <nd ref="11057851926"/>
    <nd ref="2531713368"/>
    <tag k="highway" v="footway"/>
  </way>
  <way id="1110089529" version="1" timestamp="2022-11-03T19:26:48Z" uid="7261026" user="Falkner09" changeset="128452874">
    <nd ref="10155345104"/>
    <nd ref="10155345110"/>
    <nd ref="10155345105"/>
    <nd ref="10155345106"/>
    <nd ref="10155345107"/>
    <nd ref="10155345108"/>
    <nd ref="10155345109"/>
    <tag k="highway" v="footway"/>
  </way>
  <way id="1110089530" version="1" timestamp="2022-11-03T19:26:48Z" uid="7261026" user="Falkner09" changeset="128452874">
    <nd ref="8581251155"/>
    <nd ref="10155345110"/>
    <tag k="highway" v="footway"/>
  </way>
  <way id="1111830407" version="2" timestamp="2022-11-09T17:31:28Z" uid="17481238" user="TetragnathaPlanata" changeset="128697263">
    <nd ref="2531715690"/>
    <nd ref="8670750710"/>
    <nd ref="8670750708"/>
    <nd ref="2531715695"/>
    <tag k="highway" v="footway"/>
    <tag k="smoothness" v="excellent"/>
    <tag k="surface" v="asphalt"/>
  </way>
  <way id="1112144998" version="2" timestamp="2024-01-17T22:30:03Z" uid="19598846" user="wesleyote" changeset="146383197">
    <nd ref="8988514260"/>
    <nd ref="8988514261"/>
    <nd ref="8988514262"/>
    <nd ref="8988514263"/>
    <nd ref="8988514264"/>
    <tag k="footway" v="sidewalk"/>
    <tag k="highway" v="footway"/>
    <tag k="surface" v="concrete"/>
  </way>
  <way id="1178594728" version="1" timestamp="2023-06-03T16:17:04Z" uid="12955846" user="JakeEdwardsville" changeset="136908242">
    <nd ref="10949108410"/>
    <nd ref="10949108411"/>
    <tag k="highway" v="footway"/>
  </way>
  <way id="1178594729" version="1" timestamp="2023-06-03T16:17:04Z" uid="12955846" user="JakeEdwardsville" changeset="136908242">
    <nd ref="10949108414"/>
    <nd ref="10949108419"/>
    <nd ref="10949108415"/>
    <nd ref="10949108416"/>
    <tag k="crossing" v="uncontrolled"/>
    <tag k="crossing:markings" v="yes"/>
    <tag k="footway" v="crossing"/>
    <tag k="highway" v="footway"/>
  </way>
  <way id="1178594730" version="1" timestamp="2023-06-03T16:17:04Z" uid="12955846" user="JakeEdwardsville" changeset="136908242">
    <nd ref="10949108413"/>
    <nd ref="10949108414"/>
    <tag k="highway" v="footway"/>
  </way>
  <way id="1178594731" version="1" timestamp="2023-06-03T16:17:04Z" uid="12955846" user="JakeEdwardsville" changeset="136908242">
    <nd ref="10949108411"/>
    <nd ref="10949108418"/>
    <nd ref="10949108412"/>
    <nd ref="10949108417"/>
    <nd ref="10949108413"/>
    <tag k="crossing" v="uncontrolled"/>
    <tag k="crossing:markings" v="yes"/>
    <tag k="footway" v="crossing"/>
    <tag k="highway" v="footway"/>
  </way>
  <way id="1190943640" version="1" timestamp="2023-07-21T01:58:50Z" uid="12955846" user="JakeEdwardsville" changeset="138789957">
    <nd ref="236355887"/>
    <nd ref="8981482104"/>
    <nd ref="3343199719"/>
    <nd ref="8981472885"/>
    <nd ref="3343199720"/>
    <nd ref="8981482102"/>
    <nd ref="3343199721"/>
    <nd ref="6967680619"/>
    <nd ref="3343199722"/>
    <nd ref="8981482103"/>
    <nd ref="3343199723"/>
    <nd ref="11057851817"/>
    <tag k="highway" v="footway"/>
  </way>
  <way id="1190943641" version="1" timestamp="2023-07-21T01:58:50Z" uid="12955846" user="JakeEdwardsville" changeset="138789957">
    <nd ref="11057851817"/>
    <nd ref="3343199724"/>
    <nd ref="11057851816"/>
    <tag k="crossing" v="uncontrolled"/>
    <tag k="crossing:markings" v="yes"/>
    <tag k="footway" v="crossing"/>
    <tag k="highway" v="footway"/>
  </way>
  <way id="1190943642" version="1" timestamp="2023-07-21T01:58:50Z" uid="12955846" user="JakeEdwardsville" changeset="138789957">
    <nd ref="11057851818"/>
    <nd ref="11057851819"/>
    <nd ref="11057851820"/>
    <tag k="highway" v="footway"/>
  </way>
  <way id="1190943653" version="1" timestamp="2023-07-21T01:58:50Z" uid="12955846" user="JakeEdwardsville" changeset="138789957">
    <nd ref="11057851896"/>
    <nd ref="11057851897"/>
    <nd ref="11057851898"/>
    <nd ref="11057851871"/>
    <nd ref="11057851872"/>
    <nd ref="11057851873"/>
    <nd ref="11057851874"/>
    <nd ref="11057851875"/>
    <nd ref="11057851876"/>
    <nd ref="11057851877"/>
    <nd ref="11057851878"/>
    <nd ref="11057851879"/>
    <nd ref="11057851880"/>
    <nd ref="11057851881"/>
    <nd ref="11057851882"/>
    <nd ref="11057851895"/>
    <nd ref="2531718387"/>
    <tag k="highway" v="footway"/>
  </way>
  <way id="1190943654" version="1" timestamp="2023-07-21T01:58:50Z" uid="12955846" user="JakeEdwardsville" changeset="138789957">
    <nd ref="11057851893"/>
    <nd ref="6967680633"/>
    <tag k="highway" v="footway"/>
  </way>
  <way id="1190943656" version="1" timestamp="2023-07-21T01:58:50Z" uid="12955846" user="JakeEdwardsville" changeset="138789957">
    <nd ref="6967680637"/>
    <nd ref="11057851883"/>
    <tag k="highway" v="footway"/>
  </way>
  <way id="1190943657" version="1" timestamp="2023-07-21T01:58:50Z" uid="12955846" user="JakeEdwardsville" changeset="138789957">
    <nd ref="11057851909"/>
    <nd ref="11057851908"/>
    <nd ref="11057851917"/>
    <nd ref="11057851910"/>
    <nd ref="11057851918"/>
    <nd ref="11057851916"/>
    <nd ref="11057851904"/>
    <nd ref="11057851911"/>
    <nd ref="11057851913"/>
    <nd ref="11057851912"/>
    <nd ref="11057851914"/>
    <nd ref="11057851915"/>
    <nd ref="11057851906"/>
    <nd ref="11057851907"/>
    <nd ref="11057851919"/>
    <tag k="highway" v="footway"/>
  </way>
  <way id="1191505497" version="1" timestamp="2023-07-22T22:53:20Z" uid="12955846" user="JakeEdwardsville" changeset="138873773">
    <nd ref="11062494491"/>
    <nd ref="11062494493"/>
    <nd ref="6967680653"/>
    <nd ref="11057851896"/>
    <nd ref="11057851901"/>
    <nd ref="6967680637"/>
    <tag k="highway" v="footway"/>
  </way>
  <way id="1191505499" version="1" timestamp="2023-07-22T22:53:20Z" uid="12955846" user="JakeEdwardsville" changeset="138873773">
    <nd ref="11062494495"/>
    <nd ref="11062494494"/>
    <nd ref="11062494492"/>
    <nd ref="11062494493"/>
    <tag k="highway" v="footway"/>
  </way>
  <way id="1241556768" version="2" timestamp="2025-11-06T23:59:28Z" uid="19598846" user="wesleyote" changeset="174311648">
    <nd ref="11536076564"/>
    <nd ref="2531713369"/>
    <nd ref="2531713370"/>
    <nd ref="2531713387"/>
    <nd ref="2531713371"/>
    <tag k="highway" v="footway"/>
    <tag k="surface" v="concrete"/>
  </way>
  <way id="1241556769" version="2" timestamp="2025-11-06T23:59:37Z" uid="19598846" user="wesleyote" changeset="174311648">
    <nd ref="2531713368"/>
    <nd ref="2531715615"/>
    <nd ref="11536076564"/>
    <nd ref="2531713368"/>
    <tag k="highway" v="footway"/>
    <tag k="surface" v="concrete"/>
  </way>
  <way id="1241556770" version="1" timestamp="2024-01-21T05:11:05Z" uid="12955846" user="JakeEdwardsville" changeset="146500612">
    <nd ref="11536076567"/>
    <nd ref="11536076566"/>
    <nd ref="11536076568"/>
    <tag k="highway" v="footway"/>
  </way>
  <way id="1296174499" version="2" timestamp="2024-06-25T23:51:26Z" uid="12955846" user="JakeEdwardsville" changeset="153179051">
    <nd ref="12010729880"/>
    <nd ref="12010729877"/>
    <nd ref="12010729876"/>
    <nd ref="12010729875"/>
    <nd ref="12010729874"/>
    <nd ref="12010729873"/>
    <tag k="highway" v="footway"/>
  </way>
  <way id="1296174500" version="2" timestamp="2024-06-25T23:51:26Z" uid="12955846" user="JakeEdwardsville" changeset="153179051">
    <nd ref="2531718095"/>
    <nd ref="12010729879"/>
    <nd ref="12010729878"/>
    <tag k="highway" v="footway"/>
  </way>
  <way id="1296174501" version="5" timestamp="2025-05-14T17:24:58Z" uid="22899438" user="THE BEAST 6624" changeset="166268301">
    <nd ref="12010736329"/>
    <nd ref="12010752377"/>
    <nd ref="12010752378"/>
    <nd ref="12010752379"/>
    <nd ref="12010752372"/>
    <nd ref="12010752380"/>
    <nd ref="12010752381"/>
    <nd ref="12010752382"/>
    <nd ref="12010752383"/>
    <nd ref="12010752384"/>
    <nd ref="12010752385"/>
    <nd ref="12010752386"/>
    <nd ref="12010752387"/>
    <nd ref="12010752388"/>
    <nd ref="12010752389"/>
    <nd ref="12010752390"/>
    <nd ref="12010752391"/>
    <nd ref="12010752392"/>
    <nd ref="12010752393"/>
    <nd ref="8976136341"/>
    <nd ref="12010729881"/>
    <nd ref="12010729878"/>
    <nd ref="12010729880"/>
    <nd ref="2531718094"/>
    <nd ref="12010736086"/>
    <nd ref="12010736085"/>
    <nd ref="12010736084"/>
    <nd ref="12010736083"/>
    <nd ref="12010736082"/>
    <nd ref="12010736081"/>
    <nd ref="12010736080"/>
    <nd ref="12010736079"/>
    <nd ref="12010736077"/>
    <nd ref="12010736078"/>
    <tag k="highway" v="footway"/>
    <tag k="surface" v="concrete"/>
  </way>
  <way id="1296175261" version="1" timestamp="2024-06-25T23:51:26Z" uid="12955846" user="JakeEdwardsville" changeset="153179051">
    <nd ref="12010729873"/>
    <nd ref="12010704894"/>
    <nd ref="8988514649"/>
    <tag k="crossing" v="uncontrolled"/>
    <tag k="crossing:markings" v="yes"/>
    <tag k="footway" v="crossing"/>
    <tag k="highway" v="footway"/>
  </way>
  <way id="1296178066" version="3" timestamp="2025-05-14T17:24:58Z" uid="22899438" user="THE BEAST 6624" changeset="166268301">
    <nd ref="12010736077"/>
    <nd ref="2531718092"/>
    <tag k="highway" v="footway"/>
    <tag k="surface" v="concrete"/>
  </way>
  <way id="1296178074" version="2" timestamp="2024-06-26T00:11:03Z" uid="12955846" user="JakeEdwardsville" changeset="153179257">
    <nd ref="12010736158"/>
    <nd ref="12010736331"/>
    <nd ref="12010736157"/>
    <tag k="crossing" v="uncontrolled"/>
    <tag k="crossing:markings" v="yes"/>
    <tag k="footway" v="crossing"/>
    <tag k="highway" v="footway"/>
  </way>
  <way id="1296178075" version="2" timestamp="2024-06-26T00:11:03Z" uid="12955846" user="JakeEdwardsville" changeset="153179257">
    <nd ref="12010752375"/>
    <nd ref="12010736166"/>
    <nd ref="12010736165"/>
    <nd ref="12010736164"/>
    <nd ref="12010736163"/>
    <nd ref="12010736158"/>
    <nd ref="12010736162"/>
    <nd ref="12010736161"/>
    <nd ref="12010736160"/>
    <tag k="highway" v="footway"/>
  </way>
  <way id="1296178076" version="2" timestamp="2024-06-26T00:11:03Z" uid="12955846" user="JakeEdwardsville" changeset="153179257">
    <nd ref="12010736335"/>
    <nd ref="12010752369"/>
    <nd ref="12010736168"/>
    <nd ref="12010736167"/>
    <tag k="highway" v="footway"/>
  </way>
  <way id="1296182570" version="1" timestamp="2024-06-26T00:11:03Z" uid="12955846" user="JakeEdwardsville" changeset="153179257">
    <nd ref="12010752372"/>
    <nd ref="12010736325"/>
    <nd ref="12010752371"/>
    <nd ref="12010736324"/>
    <tag k="crossing" v="uncontrolled"/>
    <tag k="crossing:markings" v="yes"/>
    <tag k="footway" v="crossing"/>
    <tag k="highway" v="footway"/>
  </way>
  <way id="1296182571" version="1" timestamp="2024-06-26T00:11:03Z" uid="12955846" user="JakeEdwardsville" changeset="153179257">
    <nd ref="6967680631"/>
    <nd ref="12010736327"/>
    <tag k="highway" v="footway"/>
  </way>
  <way id="1296182572" version="1" timestamp="2024-06-26T00:11:03Z" uid="12955846" user="JakeEdwardsville" changeset="153179257">
    <nd ref="12010736327"/>
    <nd ref="12010752373"/>
    <nd ref="12010736328"/>
    <nd ref="12010736326"/>
    <tag k="crossing" v="uncontrolled"/>
    <tag k="crossing:markings" v="yes"/>
    <tag k="footway" v="crossing"/>
    <tag k="highway" v="footway"/>
  </way>
  <way id="1296182573" version="1" timestamp="2024-06-26T00:11:03Z" uid="12955846" user="JakeEdwardsville" changeset="153179257">
    <nd ref="12010736326"/>
    <nd ref="12010752374"/>
    <nd ref="12010752375"/>
    <nd ref="12010752376"/>
    <tag k="highway" v="footway"/>
  </way>
  <way id="1296182574" version="1" timestamp="2024-06-26T00:11:03Z" uid="12955846" user="JakeEdwardsville" changeset="153179257">
    <nd ref="12010752376"/>
    <nd ref="12010736330"/>
    <nd ref="12010736329"/>
    <tag k="crossing" v="uncontrolled"/>
    <tag k="crossing:markings" v="yes"/>
    <tag k="footway" v="crossing"/>
    <tag k="highway" v="footway"/>
  </way>
  <way id="1296182575" version="1" timestamp="2024-06-26T00:11:03Z" uid="12955846" user="JakeEdwardsville" changeset="153179257">
    <nd ref="12010736157"/>
    <nd ref="12010736156"/>
    <tag k="highway" v="footway"/>
  </way>
  <way id="1296182576" version="1" timestamp="2024-06-26T00:11:03Z" uid="12955846" user="JakeEdwardsville" changeset="153179257">
    <nd ref="12010736160"/>
    <nd ref="12010736332"/>
    <nd ref="12010736159"/>
    <tag k="crossing" v="uncontrolled"/>
    <tag k="crossing:markings" v="yes"/>
    <tag k="footway" v="crossing"/>
    <tag k="highway" v="footway"/>
  </way>
  <way id="1296182577" version="1" timestamp="2024-06-26T00:11:03Z" uid="12955846" user="JakeEdwardsville" changeset="153179257">
    <nd ref="12010736167"/>
    <nd ref="12010736333"/>
    <nd ref="12010729873"/>
    <tag k="crossing" v="uncontrolled"/>
    <tag k="crossing:markings" v="yes"/>
    <tag k="footway" v="crossing"/>
    <tag k="highway" v="footway"/>
  </way>
  <way id="1296182578" version="1" timestamp="2024-06-26T00:11:03Z" uid="12955846" user="JakeEdwardsville" changeset="153179257">
    <nd ref="12010736334"/>
    <nd ref="12010736336"/>
    <nd ref="12010736335"/>
    <tag k="crossing" v="uncontrolled"/>
    <tag k="crossing:markings" v="yes"/>
    <tag k="footway" v="crossing"/>
    <tag k="highway" v="footway"/>
  </way>
  <way id="1296182579" version="1" timestamp="2024-06-26T00:11:03Z" uid="12955846" user="JakeEdwardsville" changeset="153179257">
    <nd ref="12010736324"/>
    <nd ref="12010752370"/>
    <nd ref="12010736334"/>
    <tag k="highway" v="footway"/>
  </way>
  <way id="1356060627" version="2" timestamp="2025-05-14T16:45:52Z" uid="22899438" user="THE BEAST 6624" changeset="166266408">
    <nd ref="12550164041"/>
    <nd ref="12550164042"/>
    <nd ref="12550164043"/>
    <nd ref="12550164044"/>
    <nd ref="12550164045"/>
    <nd ref="12550164046"/>
    <nd ref="12550164047"/>
    <nd ref="12550164048"/>
    <nd ref="12550164049"/>
    <nd ref="12550164050"/>
    <nd ref="12550164051"/>
    <nd ref="12550164052"/>
    <nd ref="12550164053"/>
    <nd ref="12550164054"/>
    <nd ref="12550164055"/>
    <nd ref="12550164056"/>
    <nd ref="12550164057"/>
    <nd ref="12550164058"/>
    <nd ref="12550164059"/>
    <nd ref="12550164060"/>
    <nd ref="12550164061"/>
    <nd ref="12550164062"/>
    <nd ref="12550164063"/>
    <nd ref="12550164064"/>
    <nd ref="12550164065"/>
    <nd ref="12550164066"/>
    <nd ref="12550164067"/>
    <nd ref="12550164068"/>
    <nd ref="12550164069"/>
    <nd ref="12550164070"/>
    <nd ref="12550164071"/>
    <nd ref="12550164072"/>
    <nd ref="12550164073"/>
    <nd ref="12550164074"/>
    <nd ref="12550164075"/>
    <nd ref="12550164076"/>
    <nd ref="12550164077"/>
    <nd ref="12550164078"/>
    <nd ref="12550164079"/>
    <nd ref="12550164080"/>
    <nd ref="12550164081"/>
    <nd ref="12550164082"/>
    <nd ref="12550164083"/>
    <nd ref="12550164084"/>
    <nd ref="12550164085"/>
    <nd ref="12550164086"/>
    <nd ref="12550164087"/>
    <nd ref="12550164088"/>
    <nd ref="12550164089"/>
    <nd ref="12550164090"/>
    <nd ref="12550164190"/>
    <nd ref="12550164091"/>
    <nd ref="12550164092"/>
    <nd ref="12550164093"/>
    <nd ref="12550164094"/>
    <nd ref="12550164095"/>
    <nd ref="12550164096"/>
    <nd ref="12550164097"/>
    <nd ref="12550164098"/>
    <nd ref="12550164099"/>
    <nd ref="12550164100"/>
    <nd ref="12550164101"/>
    <nd ref="12550164102"/>
    <nd ref="12550164103"/>
    <nd ref="12550164104"/>
    <nd ref="12550164105"/>
    <nd ref="12550164106"/>
    <nd ref="12550164107"/>
    <nd ref="12550164108"/>
    <nd ref="12550164109"/>
    <nd ref="12550164110"/>
    <nd ref="12550164111"/>
    <nd ref="12550164112"/>
    <nd ref="12550164113"/>
    <nd ref="12550164114"/>
    <nd ref="12550164115"/>
    <nd ref="12550164116"/>
    <nd ref="12550164117"/>
    <nd ref="12550164118"/>
    <nd ref="12550164119"/>
    <nd ref="12550164120"/>
    <nd ref="12550164121"/>
    <nd ref="12550164210"/>
    <nd ref="12550164122"/>
    <nd ref="12550164123"/>
    <nd ref="12550164124"/>
    <nd ref="12550164125"/>
    <nd ref="12550164126"/>
    <nd ref="12550164127"/>
    <nd ref="12550164128"/>
    <nd ref="12550164189"/>
    <nd ref="12550164129"/>
    <nd ref="12550164130"/>
    <nd ref="12550164131"/>
    <nd ref="12550164132"/>
    <nd ref="12550164133"/>
    <nd ref="12550164134"/>
    <nd ref="12550164135"/>
    <nd ref="12550164136"/>
    <nd ref="12550164137"/>
    <nd ref="12550164138"/>
    <nd ref="12550164139"/>
    <nd ref="12550164140"/>
    <nd ref="12550164141"/>
    <nd ref="12550164142"/>
    <nd ref="12550164143"/>
    <nd ref="12550164144"/>
    <nd ref="12550164145"/>
    <nd ref="12550164146"/>
    <nd ref="12550164147"/>
    <nd ref="12550164148"/>
    <nd ref="12550164188"/>
    <nd ref="12550164149"/>
    <nd ref="12550164150"/>
    <nd ref="12550164151"/>
    <nd ref="12550164152"/>
    <nd ref="12550164153"/>
    <nd ref="12550164154"/>
    <nd ref="12550164155"/>
    <nd ref="12550164156"/>
    <nd ref="12550164157"/>
    <nd ref="12550164158"/>
    <nd ref="12550164159"/>
    <nd ref="12550164160"/>
    <nd ref="12550164161"/>
    <nd ref="12550164162"/>
    <nd ref="12550164163"/>
    <nd ref="12550164164"/>
    <nd ref="12550164165"/>
    <nd ref="12550164166"/>
    <nd ref="12550164167"/>
    <nd ref="12550164168"/>
    <nd ref="12550164169"/>
    <nd ref="12550164170"/>
    <nd ref="12550164171"/>
    <nd ref="12550164172"/>
    <nd ref="12550164187"/>
    <nd ref="12550164173"/>
    <nd ref="12550164174"/>
    <nd ref="12550164175"/>
    <nd ref="12550164176"/>
    <nd ref="12550164177"/>
    <nd ref="12550164178"/>
    <nd ref="12550164179"/>
    <nd ref="12550164180"/>
    <nd ref="12550164181"/>
    <nd ref="12550164182"/>
    <nd ref="12550164183"/>
    <nd ref="12550164184"/>
    <nd ref="12550164185"/>
    <nd ref="12550164186"/>
    <nd ref="8645385777"/>
    <tag k="highway" v="footway"/>
    <tag k="surface" v="unpaved"/>
  </way>
  <way id="1386646276" version="2" timestamp="2025-05-14T17:19:45Z" uid="22899438" user="THE BEAST 6624" changeset="166268024">
    <nd ref="12837270664"/>
    <nd ref="12837360016"/>
    <nd ref="12217294171"/>
    <nd ref="12837270678"/>
    <nd ref="12217294173"/>
    <nd ref="12837270671"/>
    <nd ref="12837270672"/>
    <nd ref="12837360018"/>
    <nd ref="12837270673"/>
    <nd ref="12837270674"/>
    <nd ref="12837270675"/>
    <nd ref="12837270676"/>
    <nd ref="12837360020"/>
    <nd ref="12837270677"/>
    <nd ref="2531719190"/>
    <tag k="highway" v="footway"/>
  </way>
  <way id="1386647492" version="3" timestamp="2025-06-01T15:11:12Z" uid="474183" user="ratrun" changeset="167054997">
    <nd ref="12837307525"/>
    <nd ref="12837307526"/>
    <nd ref="12837307527"/>
    <nd ref="12837307528"/>
    <nd ref="12837307529"/>
    <nd ref="12837307530"/>
    <nd ref="12837307531"/>
    <nd ref="12837307532"/>
    <nd ref="12837307533"/>
    <nd ref="12837307534"/>
    <nd ref="12837307535"/>
    <nd ref="12837307536"/>
    <nd ref="12837307537"/>
    <nd ref="12837307538"/>
    <nd ref="12837326580"/>
    <tag k="highway" v="footway"/>
  </way>
  <way id="1386647493" version="1" timestamp="2025-05-14T16:52:34Z" uid="22899438" user="THE BEAST 6624" changeset="166266748">
    <nd ref="12837307527"/>
    <nd ref="12837307540"/>
    <nd ref="12837307541"/>
    <nd ref="12837307542"/>
    <nd ref="12837307543"/>
    <nd ref="12837307544"/>
    <nd ref="12837307545"/>
    <nd ref="2531719197"/>
    <tag k="highway" v="footway"/>
  </way>
  <way id="1386647494" version="1" timestamp="2025-05-14T16:52:34Z" uid="22899438" user="THE BEAST 6624" changeset="166266748">
    <nd ref="2531719207"/>
    <nd ref="12837307546"/>
    <nd ref="12837307547"/>
    <nd ref="12837307548"/>
    <nd ref="12837307549"/>
    <nd ref="12837307550"/>
    <tag k="highway" v="footway"/>
  </way>
  <way id="1386648959" version="1" timestamp="2025-05-14T16:59:06Z" uid="22899438" user="THE BEAST 6624" changeset="166267095">
    <nd ref="12837326580"/>
    <nd ref="236689162"/>
    <nd ref="12837326581"/>
    <tag k="crossing" v="marked"/>
    <tag k="footway" v="crossing"/>
    <tag k="highway" v="footway"/>
    <tag k="surface" v="asphalt"/>
  </way>
  <way id="1386648960" version="1" timestamp="2025-05-14T16:59:06Z" uid="22899438" user="THE BEAST 6624" changeset="166267095">
    <nd ref="12217294171"/>
    <nd ref="12837270678"/>
    <nd ref="12217294173"/>
    <tag k="crossing" v="marked"/>
    <tag k="crossing:island" v="no"/>
    <tag k="crossing:markings" v="zebra"/>
    <tag k="footway" v="crossing"/>
    <tag k="highway" v="footway"/>
    <tag k="surface" v="asphalt"/>
  </way>
  <way id="1386648961" version="1" timestamp="2025-05-14T16:59:06Z" uid="22899438" user="THE BEAST 6624" changeset="166267095">
    <nd ref="12837326582"/>
    <nd ref="12837270666"/>
    <nd ref="12837270664"/>
    <tag k="crossing" v="marked"/>
    <tag k="crossing:markings" v="zebra"/>
    <tag k="footway" v="crossing"/>
    <tag k="highway" v="footway"/>
    <tag k="surface" v="asphalt"/>
  </way>
  <way id="1386648962" version="1" timestamp="2025-05-14T16:59:06Z" uid="22899438" user="THE BEAST 6624" changeset="166267095">
    <nd ref="8645385773"/>
    <nd ref="236689141"/>
    <nd ref="12837326583"/>
    <tag k="crossing" v="marked"/>
    <tag k="crossing:markings" v="ladder"/>
    <tag k="footway" v="crossing"/>
    <tag k="highway" v="footway"/>
    <tag k="surface" v="asphalt"/>
  </way>
  <way id="1386653225" version="1" timestamp="2025-05-14T17:19:45Z" uid="22899438" user="THE BEAST 6624" changeset="166268024">
    <nd ref="12837360016"/>
    <nd ref="12837360017"/>
    <tag k="crossing" v="unmarked"/>
    <tag k="crossing:markings" v="yes"/>
    <tag k="footway" v="crossing"/>
    <tag k="highway" v="footway"/>
  </way>
  <way id="1386653226" version="1" timestamp="2025-05-14T17:19:45Z" uid="22899438" user="THE BEAST 6624" changeset="166268024">
    <nd ref="12837360018"/>
    <nd ref="12837360019"/>
    <tag k="crossing" v="unmarked"/>
    <tag k="crossing:markings" v="yes"/>
    <tag k="footway" v="crossing"/>
    <tag k="highway" v="footway"/>
  </way>
  <way id="1386653227" version="1" timestamp="2025-05-14T17:19:45Z" uid="22899438" user="THE BEAST 6624" changeset="166268024">
    <nd ref="12837360020"/>
    <nd ref="12837360021"/>
    <tag k="crossing" v="unmarked"/>
    <tag k="crossing:markings" v="yes"/>
    <tag k="footway" v="crossing"/>
    <tag k="highway" v="footway"/>
  </way>
  <way id="1386653922" version="1" timestamp="2025-05-14T17:24:58Z" uid="22899438" user="THE BEAST 6624" changeset="166268301">
    <nd ref="2531718074"/>
    <nd ref="2531718086"/>
    <nd ref="2531718087"/>
    <nd ref="2531718088"/>
    <tag k="highway" v="footway"/>
    <tag k="surface" v="asphalt"/>
  </way>
  <way id="1386653923" version="1" timestamp="2025-05-14T17:24:58Z" uid="22899438" user="THE BEAST 6624" changeset="166268301">
    <nd ref="8642007308"/>
    <nd ref="8642007310"/>
    <tag k="highway" v="footway"/>
    <tag k="surface" v="asphalt"/>
  </way>
  <way id="1445330687" version="1" timestamp="2025-10-27T03:02:43Z" uid="22570471" user="seateaeye" changeset="173818637">
    <nd ref="13260664816"/>
    <nd ref="2531715638"/>
    <tag k="footway" v="sidewalk"/>
    <tag k="highway" v="footway"/>
    <tag k="smoothness" v="excellent"/>
    <tag k="surface" v="asphalt"/>
  </way>
  <way id="1445330688" version="2" timestamp="2025-11-07T01:25:27Z" uid="19598846" user="wesleyote" changeset="174312866">
    <nd ref="13260664828"/>
    <nd ref="8571940763"/>
    <tag k="highway" v="footway"/>
    <tag k="surface" v="concrete"/>
  </way>
  <way id="1445330689" version="2" timestamp="2025-11-07T01:25:28Z" uid="19598846" user="wesleyote" changeset="174312866">
    <nd ref="13260664827"/>
    <nd ref="8571940760"/>
    <tag k="highway" v="footway"/>
    <tag k="surface" v="concrete"/>
  </way>
  <way id="1447551665" version="2" timestamp="2025-11-04T21:21:52Z" uid="19598846" user="wesleyote" changeset="174214048">
    <nd ref="13281461756"/>
    <nd ref="2531718102"/>
    <tag k="highway" v="footway"/>
    <tag k="surface" v="asphalt"/>
  </way>
</osm>
